{"2853515_abstract": {"LVOC:::3.4.2.1.1": 0.5562103118215288, "LVOC:::11.4.1.3": 0.551511063701228, "LVOC:::5.4.5.3.2": 0.5121626927739098, "LVOC:::10.4.1.5.1": 0.5015110637012281, "LVOC:::4.4.1.3": 0.5562103118215288, "LVOC:::5.4.2.3.1.2": 0.5015110637012281, "LVOC:::11.4.1.5.2": 0.5015110637012281, "LVOC:::2.4.3.2.2": 0.5062103118215289, "LVOC:::2.4.4.6": 0.5062103118215289, "LVOC:::12.4.2.3": 0.5469738586195584, "LVOC:::10.4.2.1.3": 0.5487698356310526, "LVOC:::3.4.2.2": 0.5015110637012281, "LVOC:::4.4.2.1": 0.5015110637012281, "POL:::12.1.18": 0.5062103118215289, "POL:::12.5.2": 0.5015110637012281, "POL:::12.1.17": 0.5015110637012281, "POL:::12.7.6": 0.5015110637012281, "PP:::2.9.11.2.3": 0.551511063701228, "PP:::7.3.12": 0.5469738586195584, "PP:::7.3.2": 0.5015110637012281, "PP:::3.3.13": 0.5062103118215289, "PP:::5.3.12": 0.5062103118215289, "PP:::6.3.7": 0.5015110637012281, "PP:::3.3.8": 0.551511063701228, "PP:::6.3.8": 0.5015110637012281, "PP:::6.3.3": 0.6062103118215288, "PP:::6.3.4": 0.6562103118215288, "PP:::2.9.8": 0.5469738586195584, "PP:::5.3.4": 0.5015110637012281, "PP:::4.3.12": 0.5469738586195584, "PP:::4.3.15": 0.5062103118215289, "PP:::7.3.10": 0.5015110637012281, "PP:::7.3.14": 0.5469738586195584, "PP:::7.3.11": 0.5015110637012281, "PP:::6.3.5": 0.5062103118215289, "PP:::2.9.3": 0.5062103118215289, "PP:::2.9.11.2.2": 0.5015110637012281, "PP:::5.3.8": 0.5562103118215288, "PP:::6.3.6": 0.5177649336702683, "PP:::6.3.2": 0.6562103118215288, "PP:::2.9.11.2.1": 0.5015110637012281, "PP:::7.3.3": 0.6161309467421638, "PP:::3.3.14": 0.5469738586195584, "PP:::4.3.17": 0.5469738586195584, "PP:::2.9.4": 0.5015110637012281, "PP:::4.3.16": 0.5110804416916587, "REF:::4.24.1": 0.5062103118215289, "REF:::4.24.2": 0.5015110637012281, "REF:::4.24.8": 0.5062103118215289, "REF:::4.9.4": 0.5015110637012281, "REF:::4.8.1": 0.5015110637012281, "REF:::4.11.3": 0.5062103118215289, "REF:::4.19.7": 0.5472817403929574, "REF:::4.17.6": 0.5062103118215289, "REF:::4.9.2": 0.5562103118215288, "WBP:::4.3.1.1": 0.5015110637012281, "WBP:::4.3.1.2": 0.5610804416916587, "WBP:::4.3.3.2": 0.5015110637012281, "TXT:::4.1.6.3.1": 0.5062103118215289, "TXT:::4.1.3.2.2": 0.5068716874829046, "TXT:::4.1.6.3.3": 0.5015110637012281, "TXT:::4.2.1.2": 0.5015110637012281, "TXT:::4.7.1.2": 0.5015110637012281, "TXT:::4.1.6.2.5.1.1": 0.5062103118215289, "TXT:::4.1.6.3.4": 0.551511063701228, "TXT:::4.1.3.5": 0.551511063701228, "TXT:::4.1.7.12": 0.5110804416916587, "TXT:::4.1.3.7": 0.5015110637012281, "TXT:::4.1.1.1": 0.5015110637012281, "TXT:::4.1.5.3": 0.5062103118215289, "TXT:::4.1.6.1": 0.5562103118215288, "TXT:::4.1.6.3.2": 0.5469738586195584, "TXT:::4.1.3.6": 0.5015110637012281, "TXT:::4.1.6.2.5.4": 0.551511063701228, "TXT:::4.7.5.1": 0.5015110637012281, "IS:::7.3.4": 0.5015110637012281, "IS:::5.3.21": 0.5062103118215289, "IS:::8.3.6": 0.5015110637012281, "IS:::4.3.6": 0.5015110637012281, "IS:::3.3.2.7.3": 0.5062103118215289, "CER:::4.4.5.2": 0.551511063701228, "OFC:::4.3.1.6": 0.5015110637012281, "OFC:::4.3.5.18": 0.5110804416916587, "OFC:::4.3.8.19": 0.5469738586195584, "OFC:::4.3.1.5": 0.5015110637012281, "OFC:::4.3.7.21": 0.5015110637012281, "OFC:::4.3.5.17": 0.5015110637012281, "OFC:::4.3.7.9": 0.5015110637012281, "STM:::4.8.1": 0.5062103118215289, "STM:::4.14.19": 0.5562103118215288, "STM:::4.1.2": 0.5015110637012281, "STM:::4.1.3.1": 0.5015110637012281, "STM:::4.4.5.1": 0.5015110637012281, "STM:::4.4.5.2": 0.5015110637012281, "STM:::4.7.10.4": 0.5062103118215289, "STM:::4.4.2": 0.5062103118215289, "STM:::4.1.1.1": 0.5062103118215289, "STM:::4.10": 0.5651388832501003, "IRPP:::4.15.2.1": 0.5015110637012281, "IRPP:::4.18.6.2": 0.5015110637012281, "IRPP:::4.7.3.7": 0.5015110637012281, "IRPP:::4.6.4.1": 0.5015110637012281, "LVIC-S:::3.3.4.10.2": 0.5015110637012281, "LVIC-S:::7.2.4.4": 0.5562103118215288, "LVIC-S:::7.2.4.3": 0.5015110637012281, "LVIC-S:::6.4.4.1.1": 0.5015110637012281, "LVIC-S:::7.15.4.4": 0.5015110637012281, "LVIC-S:::3.3.4.10.1": 0.5062103118215289, "LVIC-S:::7.13.4.5.2": 0.5015110637012281, "CAK:::4.3.2.2.6": 0.5062103118215289, "CAK:::4.3.2.1.3": 0.5062103118215289, "SF:::4.8.10": 0.5015110637012281, "SF:::4.6.6": 0.5015110637012281, "SF:::4.6.2": 0.551511063701228, "SF:::4.6.3": 0.5015110637012281, "SA:::4.2.7.1": 0.5110804416916587, "SA:::4.1.6": 0.5425904570999792, "SA:::4.2.6.3": 0.5469738586195584, "SA:::4.2.3.6.2": 0.5015110637012281, "SA:::4.3.3.15": 0.5562103118215288, "SA:::4.1.43.13": 0.5469738586195584, "SA:::4.1.5": 0.5062103118215289, "SA:::4.3.3.14": 0.5015110637012281, "SA:::4.1.43.12": 0.551511063701228, "ENE:::4.2.4": 0.5015110637012281, "NFM:::5.3.6.2": 0.5562103118215288, "NFM:::6.3.2.2.3.5": 0.551511063701228, "NFM:::6.3.1.2.6": 0.5062103118215289, "NFM:::6.3.1.2.5.3": 0.5015110637012281, "NFM:::6.3.4.1": 0.5015110637012281, "NFM:::5.3.3.1": 0.5015110637012281, "NFM:::2.12.6.2.2": 0.5015110637012281, "NFM:::5.3.8.1": 0.5015110637012281, "NFM:::3.3.7.1": 0.5469738586195584, "NFM:::6.3.1.2.8.1": 0.5015110637012281, "NFM:::3.3.3.4.2": 0.5110804416916587, "NFM:::6.3.5.4": 0.5015110637012281, "NFM:::3.3.6.1": 0.5015110637012281, "NFM:::3.3.6.2": 0.551511063701228, "NFM:::9.3.1.5.2": 0.5015110637012281, "NFM:::7.3.7": 0.5062103118215289, "LVIC-AAF:::8.4.12": 0.5015110637012281, "LVIC-AAF:::9.4.2": 0.5015110637012281, "LCP:::4.3.2": 0.5015110637012281, "LCP:::3.2.4.10": 0.5469738586195584, "WGC:::4.3.1.1": 0.5015110637012281, "WGC:::4.2.1": 0.5015110637012281, "CWW:::3.3.2.2": 0.5062103118215289, "CWW:::3.3.2.3.4.18": 0.5015110637012281, "CWW:::3.5.4.2": 0.5062103118215289, "CWW:::3.5.3": 0.5610804416916587, "FMP:::8.1.3": 0.5015110637012281, "FMP:::8.7.7": 0.5062103118215289, "FMP:::2.4.10.1": 0.5015110637012281, "FMP:::5.4.1.7": 0.5469738586195584, "FMP:::8.9.14": 0.5015110637012281, "FMP:::8.1.1": 0.5015110637012281, "FMP:::8.7.2": 0.5062103118215289, "FMP:::8.7.1": 0.5062103118215289, "FMP:::6.4.1.2": 0.5002579308691479, "FMP:::8.1.2": 0.5562103118215288, "FMP:::2.4.11.2": 0.5562103118215288, "FMP:::2.4.11.1": 0.5015110637012281, "FDM:::2.3.3.1.2": 0.5015110637012281, "FDM:::5.4.2.3": 0.5015110637012281, "FDM:::14.4.2.1": 0.5015110637012281, "FDM:::2.3.2.5.1": 0.5015110637012281, "FDM:::14.4.2.2": 0.5716865022977193, "FDM:::2.3.3.1.4": 0.5062103118215289, "FDM:::2.3.3.2.4": 0.5015110637012281, "FDM:::2.3.3.2.6": 0.5015110637012281, "FDM:::4.4.2.2": 0.5110804416916587, "FDM:::2.3.3.2.2": 0.5015110637012281, "FDM:::2.3.4.4": 0.5015110637012281, "SIC:::6.3.4.9": 0.5015110637012281, "SIC:::6.1.4.8": 0.5469738586195584, "SIC:::6.2.4.3": 0.5469738586195584, "SIC:::6.5.4.3": 0.5015110637012281, "SIC:::6.5.4.6": 0.5015110637012281, "SIC:::6.3.4.3": 0.5062103118215289, "SIC:::6.1.4.4": 0.5481570905330134, "SIC:::4.5.2": 0.5015110637012281, "SIC:::6.1.4.10": 0.547444078055295, "ICS:::4.2.1.3": 0.551511063701228, "ICS:::4.6.3.2": 0.513353168964386, "ICS:::4.2.1.4": 0.5015110637012281, "WI:::4.4.3": 0.5015110637012281, "WI:::4.7.5": 0.5469738586195584, "WI:::4.7.6": 0.5562103118215288, "WI:::4.7.4": 0.5015110637012281, "WI:::4.6.6": 0.551511063701228, "WI:::4.5.3.4": 0.5015110637012281, "WI:::4.6.4": 0.5110804416916587, "WI:::4.7.8": 0.5022420578532749, "TAN:::4.3.3.1": 0.5015110637012281, "TAN:::4.3.2": 0.5015110637012281, "WT:::4.5.3.1": 0.5110804416916587, "WT:::5.6.3.2.1": 0.551511063701228, "WT:::5.2.3.2": 0.551511063701228, "WT:::4.5.1.5": 0.551511063701228, "WT:::3.1.3.4": 0.5062103118215289, "WT:::5.7.3.2": 0.5015110637012281, "STS:::12.4.4.3": 0.5015110637012281, "STS:::15.4.4.11": 0.5062103118215289, "STS:::6.4.6.1": 0.5015110637012281, "STS:::15.4.10.8": 0.5562103118215288, "STS:::15.4.12.1": 0.5015110637012281, "STS:::15.4.6.5": 0.5425904570999792, "STS:::4.4.2.2": 0.5015110637012281, "STS:::12.4.3.1": 0.5015110637012281, "STS:::15.4.9.1": 0.5062103118215289, "STS:::14.4.7.1": 0.5469738586195584, "STS:::15.4.2.2": 0.5015110637012281, "STS:::2.4.8": 0.5177649336702683}}