{"3998247_abstract": {"SA:::4.2.2.8.2": 0.507949823513627, "NFM:::9.3.1.4.6": 0.5122601683412132, "TAN:::4.6.3.6": 0.5122601683412132}, "3604920_abstract": {"LVOC:::11.4.1.3": 0.586649285079748, "LVOC:::10.4.1.5.1": 0.5412702123980437, "LVOC:::11.4.1.5.2": 0.536649285079748, "POL:::12.5.3": 0.536649285079748, "POL:::12.5.2": 0.536649285079748, "PP:::2.9.11.2.3": 0.536649285079748, "PP:::7.3.12": 0.536649285079748, "PP:::2.9.8": 0.536649285079748, "PP:::4.3.12": 0.5321877000827727, "PP:::7.3.10": 0.536649285079748, "PP:::6.3.6": 0.5591273552551865, "PP:::7.3.3": 0.5010255034033346, "PP:::3.3.14": 0.536649285079748, "PP:::4.3.17": 0.536649285079748, "REF:::4.9.2": 0.5412702123980437, "WBP:::4.2.6.3": 0.5412702123980437, "WBP:::4.3.3.4": 0.536649285079748, "TXT:::4.1.7.12": 0.5510255034033347, "TXT:::4.1.6.2.5.4": 0.536649285079748, "IS:::3.3.5.2.3": 0.536649285079748, "OFC:::4.3.8.4": 0.536649285079748, "OFC:::4.3.8.19": 0.536649285079748, "SA:::4.3.3.15": 0.5412702123980437, "SA:::4.1.43.13": 0.536649285079748, "SA:::4.1.43.12": 0.5412702123980437, "NFM:::5.3.6.2": 0.5412702123980437, "NFM:::7.3.7": 0.5412702123980437, "CWW:::3.5.3": 0.6016868790647104, "CWW:::3.5.2": 0.6028773552551866, "FMP:::8.1.2": 0.5412702123980437, "SIC:::6.1.4.8": 0.536649285079748, "SIC:::4.4.3.1": 0.536649285079748, "SIC:::6.1.4.10": 0.5371366145144458, "WI:::4.7.5": 0.536649285079748, "WI:::4.7.6": 0.5412702123980437, "WI:::4.6.6": 0.5412702123980437, "WI:::4.2.1.2": 0.5321877000827727, "WT:::5.2.3.3": 0.5412702123980437, "STS:::15.4.10.8": 0.5412702123980437, "STS:::15.4.6.5": 0.5321877000827727, "STS:::4.4.9.1": 0.5374927398705712, "STS:::2.4.8": 0.5091273552551865}, "3922911_abstract": {"LVOC:::11.4.1.5.2": 0.5454738266105134, "POL:::12.5.2": 0.5039415685459971, "PP:::5.3.10": 0.5496382898574727, "PP:::6.3.6": 0.503346330450759, "WBP:::4.2.6.3": 0.5039415685459971, "WBP:::4.2.2.2": 0.5039415685459971, "WBP:::4.2.4.7": 0.5039415685459971, "TXT:::4.1.7.12": 0.5039415685459971, "IS:::3.3.5.2.3": 0.5454738266105134, "OFC:::4.3.7.17": 0.5003701399745686, "OFC:::4.3.8.9": 0.5014415685459972, "SF:::4.7.2": 0.5018582352126638, "SF:::4.7.3": 0.5018582352126638, "NFM:::10.3.4.2": 0.5010569531613818, "LCP:::9.3.5": 0.5106723377767663, "LCP:::9.3.3": 0.5010569531613818, "LCP:::9.3.4": 0.5039415685459971, "CWW:::3.5.3": 0.6114415685459973, "CWW:::3.5.2": 0.5622749018793305, "CWW:::3.3.1.9": 0.5039415685459971, "FMP:::4.4.4.3": 0.5018582352126638, "FMP:::8.1.2": 0.5496382898574727, "FMP:::4.4.4.4": 0.5010569531613818, "SIC:::4.4.3.1": 0.5496382898574727, "WI:::4.2.1.2": 0.5454738266105134, "WI:::4.2.2.4": 0.5039415685459971, "WI:::4.3.12": 0.5039415685459971, "WT:::5.2.3.3": 0.5539415685459972, "STS:::4.4.9.1": 0.545827533458278, "STS:::2.4.8": 0.503346330450759}, "4086514_abstract": {"LVOC:::11.4.1.3": 0.5813037684029443, "LVOC:::10.4.1.5.1": 0.5357602266145164, "LVOC:::11.4.1.5.2": 0.5313037684029442, "POL:::12.5.3": 0.5357602266145164, "POL:::12.5.2": 0.5357602266145164, "PP:::2.9.11.2.3": 0.5313037684029442, "PP:::7.3.12": 0.5313037684029442, "PP:::2.9.8": 0.5313037684029442, "PP:::4.3.12": 0.5269958587984245, "PP:::7.3.10": 0.5313037684029442, "PP:::6.3.6": 0.5506069699095356, "PP:::3.3.14": 0.5313037684029442, "PP:::4.3.17": 0.5313037684029442, "REF:::4.9.2": 0.5357602266145164, "WBP:::4.2.6.3": 0.5357602266145164, "WBP:::4.3.3.4": 0.5313037684029442, "TXT:::4.1.7.12": 0.5451506207031863, "TXT:::4.1.6.2.5.4": 0.5313037684029442, "IS:::3.3.5.2.3": 0.5313037684029442, "OFC:::4.3.8.4": 0.5313037684029442, "OFC:::4.3.8.19": 0.5313037684029442, "SA:::4.3.3.15": 0.5357602266145164, "SA:::4.1.43.13": 0.5313037684029442, "SA:::4.1.43.12": 0.5357602266145164, "NFM:::5.3.6.2": 0.5357602266145164, "NFM:::7.3.7": 0.5357602266145164, "CWW:::3.5.3": 0.5945683225665404, "CWW:::3.5.2": 0.5955564648590306, "FMP:::8.1.2": 0.5357602266145164, "SIC:::6.1.4.8": 0.5313037684029442, "SIC:::4.4.3.1": 0.5357602266145164, "SIC:::6.1.4.10": 0.5317577635603292, "WI:::4.7.5": 0.5313037684029442, "WI:::4.7.6": 0.5357602266145164, "WI:::4.6.6": 0.5357602266145164, "WI:::4.2.1.2": 0.5269958587984245, "WT:::5.2.3.3": 0.5357602266145164, "STS:::15.4.10.8": 0.5357602266145164, "STS:::15.4.6.5": 0.5269958587984245, "STS:::4.4.9.1": 0.532088451391017, "STS:::2.4.8": 0.5006069699095356}, "3981519_abstract": {"LVOC:::4.4.1.2": 0.5147098978360495, "LVOC:::11.4.1.5.2": 0.5147098978360495, "PP:::2.9.8": 0.5190884289094958, "WBP:::4.3.1.2": 0.5190884289094958, "WBP:::4.8.1": 0.5190884289094958, "TXT:::4.1.2.4": 0.5190884289094958, "IS:::3.3.5.2.3": 0.5147098978360495, "CER:::4.4.5.2": 0.5147098978360495, "OFC:::4.1.2": 0.5147098978360495, "STM:::4.10": 0.5225055967607806, "SA:::4.1.11": 0.5190884289094958, "LCP:::9.3.3": 0.53898526015489, "WGC:::4.3.1.1": 0.5147098978360495, "CWW:::3.5.3": 0.5163765645027161, "CWW:::3.5.2": 0.5167932311693828, "FMP:::8.1.2": 0.5690884289094957, "SIC:::4.4.3.1": 0.5104749251584538, "WI:::4.2.1.2": 0.5104749251584538, "WT:::5.2.3.3": 0.5190884289094958, "WT:::4.5.3.1": 0.5236179438130609, "STS:::4.4.9.1": 0.5108408502170018}, "2933030_abstract": {"LVOC:::11.4.1.3": 0.5146155103420218, "PP:::4.3.12": 0.5646155103420218, "CWW:::3.5.3": 0.5271155103420218, "CWW:::3.5.2": 0.528021307443471}, "2974780_abstract": {"LVOC:::11.4.1.5.2": 0.5161237808531624, "FDM:::4.4.1.5": 0.5161237808531624}, "3150914_abstract": {"IS:::3.3.5.2.3": 0.5115900758737999}, "4295966_abstract": {"LVOC:::11.4.1.3": 0.527589886942715, "LVOC:::11.4.1.5.2": 0.5231283019457398, "CWW:::3.5.3": 0.53018159348179, "CWW:::3.5.2": 0.5307227190229156}, "4032871_abstract": {"LVIC-S:::7.17.4.3": 0.5121287461250059}}