{"3564335_abstract": {"LVOC:::11.4.1.3": 0.5907456900898752, "LVOC:::10.4.1.5.1": 0.5407456900898753, "LVOC:::4.4.1.3": 0.5452072750868505, "LVOC:::5.4.2.3.1.2": 0.5407456900898753, "LVOC:::12.4.2.3": 0.5407456900898753, "POL:::12.1.9": 0.5407456900898753, "POL:::12.5.3": 0.5407456900898753, "POL:::12.2.3.6": 0.5364353452622891, "POL:::12.5.1": 0.5407456900898753, "POL:::12.5.2": 0.5407456900898753, "PP:::2.9.11.2.3": 0.5407456900898753, "PP:::7.3.12": 0.5407456900898753, "PP:::6.3.4": 0.5407456900898753, "PP:::2.9.8": 0.5407456900898753, "PP:::4.3.12": 0.5407456900898753, "PP:::4.3.15": 0.5407456900898753, "PP:::7.3.10": 0.5407456900898753, "PP:::7.3.14": 0.5407456900898753, "PP:::5.3.8": 0.5407456900898753, "PP:::6.3.6": 0.5511412276152302, "PP:::7.3.3": 0.5498282024051462, "PP:::3.3.14": 0.5407456900898753, "PP:::4.3.17": 0.5407456900898753, "REF:::4.19.4": 0.5407456900898753, "REF:::4.3.8": 0.5364353452622891, "REF:::4.19.7": 0.5408996309765748, "REF:::4.23.5.2.2": 0.5407456900898753, "REF:::4.9.2": 0.5407456900898753, "WBP:::4.2.6.3": 0.5452072750868505, "WBP:::4.3.3.4": 0.5407456900898753, "WBP:::4.3.3.2": 0.5498282024051462, "TXT:::4.1.6.3.1": 0.5407456900898753, "TXT:::4.1.6.3.3": 0.5452072750868505, "TXT:::4.2.1.2": 0.5407456900898753, "TXT:::4.7.1.2": 0.5452072750868505, "TXT:::4.1.7.12": 0.5498282024051462, "TXT:::4.1.6.1": 0.5452072750868505, "TXT:::4.1.6.3.2": 0.5407456900898753, "TXT:::4.7.7.5.2": 0.5452072750868505, "TXT:::4.1.6.2.5.4": 0.5407456900898753, "TXT:::4.7.1.1": 0.5998282024051462, "IS:::5.3.18": 0.5407456900898753, "CER:::4.4.3": 0.5025643775203535, "OFC:::4.3.8.4": 0.5407456900898753, "OFC:::4.3.5.18": 0.5452072750868505, "OFC:::4.3.8.19": 0.5407456900898753, "OFC:::4.3.5.17": 0.5452072750868505, "OFC:::4.2.28": 0.5452072750868505, "STM:::4.14.19": 0.5498282024051462, "STM:::4.4.5.1": 0.5407456900898753, "STM:::4.14.18.2": 0.5407456900898753, "STM:::4.18.4": 0.5056661144930582, "STM:::4.1.1.1": 0.5952072750868505, "STM:::4.18.2": 0.5407456900898753, "IRPP:::4.7.1.8": 0.5407456900898753, "IRPP:::4.9.7": 0.5407456900898753, "LVIC-S:::3.3.4.10.2": 0.5407456900898753, "LVIC-S:::7.2.4.4": 0.5407456900898753, "LVIC-S:::7.2.4.6": 0.5407456900898753, "LVIC-S:::7.2.4.7": 0.5452072750868505, "LVIC-S:::3.3.4.10.1": 0.5407456900898753, "LVIC-S:::7.13.4.5.2": 0.5407456900898753, "SF:::4.5.9.3": 0.5407456900898753, "SF:::4.5.11.1": 0.5407456900898753, "SF:::4.5.8.7": 0.548340107167051, "SF:::4.3.5.1": 0.5407456900898753, "SF:::4.2.2.1": 0.5407456900898753, "SA:::4.2.7.1": 0.5452072750868505, "SA:::4.2.6.3": 0.5407456900898753, "SA:::4.3.3.15": 0.5407456900898753, "SA:::4.1.43.13": 0.5407456900898753, "SA:::4.1.43.12": 0.5407456900898753, "NFM:::5.3.6.2": 0.5407456900898753, "NFM:::6.3.2.2.3.5": 0.5407456900898753, "NFM:::8.3.2.6": 0.5364353452622891, "NFM:::3.3.7.1": 0.5407456900898753, "NFM:::6.3.1.2.8.1": 0.5407456900898753, "NFM:::3.3.3.4.2": 0.5452072750868505, "NFM:::3.3.6.2": 0.5452072750868505, "NFM:::4.3.3.9": 0.5407456900898753, "NFM:::2.12.5.1.7": 0.5031020119289557, "NFM:::7.3.7": 0.5407456900898753, "NFM:::4.3.4.9": 0.5452072750868505, "LVIC-AAF:::7.4.10": 0.5407456900898753, "LCP:::3.2.4.10": 0.5407456900898753, "WGC:::4.2.1": 0.5407456900898753, "CWW:::3.5.3": 0.5477989816259254, "CWW:::3.5.2": 0.548340107167051, "FMP:::4.4.6.1": 0.5407456900898753, "FMP:::2.4.10.1": 0.5407456900898753, "FMP:::5.4.1.7": 0.5452072750868505, "FMP:::6.4.1.2": 0.548935345262289, "FMP:::5.4.1.6.1": 0.5407456900898753, "FMP:::5.4.1.4.1": 0.5407456900898753, "FMP:::2.4.7.12": 0.5407456900898753, "FMP:::4.4.6.3": 0.5407456900898753, "FMP:::8.11.1.7": 0.5452072750868505, "FMP:::8.8.5.3": 0.5452072750868505, "FDM:::5.4.6.1.3": 0.5025643775203535, "FDM:::3.4.2.2.1": 0.5047280281891183, "FDM:::15.4.4.3.1": 0.5072686785956223, "FDM:::15.4.4.1.2": 0.509872845262289, "FDM:::14.4.4.2.1": 0.5091626179895617, "FDM:::14.4.4.1.3": 0.5056661144930582, "FDM:::11.4.2.1.1": 0.5014353452622891, "FDM:::14.4.4.1.2": 0.5056661144930582, "FDM:::4.4.4.1.1": 0.5034807998077435, "FDM:::15.4.4.2.1": 0.5072686785956223, "FDM:::4.4.4.1.2": 0.5038772057274052, "FDM:::14.4.4.1.1": 0.5056661144930582, "FDM:::11.4.2.1.2": 0.5042924881194318, "FDM:::15.4.4.1.1": 0.5091626179895617, "FDM:::11.4.2.1.3": 0.5091626179895617, "FDM:::3.4.2.2.2": 0.5015868604138042, "SIC:::6.1.4.8": 0.5407456900898753, "SIC:::6.4.4.3": 0.5407456900898753, "SIC:::6.1.4.10": 0.5409807998077436, "WI:::4.7.5": 0.5907456900898752, "WI:::4.6.9": 0.5407456900898753, "WI:::4.7.6": 0.5907456900898752, "WI:::4.7.4": 0.5407456900898753, "WI:::4.6.6": 0.5407456900898753, "WI:::4.7.7": 0.5407456900898753, "WT:::3.1.3.4": 0.5452072750868505, "WT:::5.7.3.2": 0.5452072750868505, "EFS:::4.2.8.2": 0.5407456900898753, "EFS:::4.3.9": 0.5542924881194319, "EFS:::4.1.16.3": 0.502060345262289, "STS:::15.4.10.4": 0.5473049104796803, "STS:::15.4.6.4": 0.5452072750868505, "STS:::15.4.9.2": 0.5426853452622891, "STS:::15.4.10.7": 0.5477989816259254, "STS:::15.4.10.3": 0.5466394268949422, "STS:::15.4.10.8": 0.5907456900898752, "STS:::15.4.12.1": 0.5452072750868505, "STS:::15.4.6.5": 0.5907456900898752, "STS:::4.4.2.2": 0.5498282024051462, "STS:::12.4.3.1": 0.5452072750868505, "STS:::15.4.9.1": 0.5452072750868505, "STS:::14.4.7.1": 0.5407456900898753, "STS:::15.4.2.2": 0.5407456900898753, "STS:::15.4.7.4": 0.5952072750868505, "STS:::15.4.6.3": 0.5460507298776737, "STS:::15.4.10.6": 0.5452072750868505, "STS:::15.4.7.3": 0.5407456900898753, "STS:::15.4.3.9": 0.5407456900898753, "STS:::15.4.3.5": 0.5452072750868505, "STS:::11.4.3.1": 0.5407456900898753, "STS:::15.4.12.4": 0.5452072750868505, "STS:::15.4.7.1": 0.5407456900898753, "STS:::2.4.8": 0.5011412276152302, "STS:::15.4.10.1": 0.5452072750868505, "STS:::4.4.2.1": 0.5407456900898753}, "4015492_abstract": {"IS:::3.3.2.6.1": 0.5037360327669466, "STM:::4.9.5": 0.5010563354151181, "FMP:::8.8.5.2": 0.5037360327669466, "FMP:::8.8.5.3": 0.5037360327669466, "STS:::10.4.1.2": 0.5454092047679874}, "4015491_abstract": {"IS:::3.3.2.6.1": 0.503344756888137, "OFC:::4.2.7": 0.503344756888137, "OFC:::4.2.18": 0.503344756888137, "STM:::4.9.5": 0.5003685664119465, "IRPP:::4.6.7.2": 0.503344756888137, "CAK:::4.3.3.5": 0.503344756888137, "FMP:::8.8.5.2": 0.503344756888137, "FMP:::8.8.5.3": 0.503344756888137, "WT:::5.7.3.2": 0.503344756888137, "EFS:::4.2.10.1": 0.5003685664119465, "STS:::10.4.1.2": 0.545286148829529}, "2821702_abstract": {"NFM:::3.3.3.4.2": 0.5045814187216915, "CWW:::3.5.3": 0.5022930892022407, "CWW:::3.5.2": 0.5027871603484858, "FMP:::8.1.2": 0.5000442136400218, "WT:::5.2.3.3": 0.5000442136400218}, "3792328_abstract": {"LVOC:::3.4.2.1.1": 0.5269176154318502, "PP:::6.3.3": 0.5769176154318503, "PP:::6.3.4": 0.5269176154318502, "PP:::6.3.2": 0.5769176154318503, "TXT:::4.1.6.3.4": 0.5313010169514295, "SF:::4.6.2": 0.5269176154318502, "SA:::4.1.6": 0.5269176154318502, "SIC:::6.2.4.3": 0.5269176154318502, "WT:::5.6.3.2.1": 0.5269176154318502, "WT:::5.2.3.2": 0.5269176154318502, "WT:::4.5.1.5": 0.5269176154318502}, "3460021_abstract": {"PP:::6.3.3": 0.5347617013967139, "PP:::6.3.4": 0.539218159608286, "PP:::6.3.2": 0.5847617013967138, "CAK:::4.3.2.2.6": 0.5030728394112417, "FDM:::14.4.2.2": 0.5075371251255274}, "3115482_abstract": {"FMP:::2.4.9": 0.5021338747660148}, "3540026_abstract": {"PP:::6.3.3": 0.5116185356172749, "PP:::6.3.2": 0.5116185356172749}, "3834913_abstract": {"IRPP:::4.9.6.2": 0.5283945927539697}, "3862481_abstract": {"PP:::6.3.3": 0.5229358652761827, "PP:::6.3.2": 0.5229358652761827}}