{"4036471_abstract": {"LVOC:::11.4.1.3": 0.5167669899108117, "LVOC:::10.4.1.5.1": 0.5123054049138365, "LVOC:::5.4.6.1.1": 0.5123054049138365, "LVOC:::2.4.6.2.1": 0.5123054049138365, "LVOC:::11.4.1.5.2": 0.5623054049138365, "LVOC:::5.4.5.2.1": 0.5123054049138365, "LVOC:::6.4.4.2": 0.5123054049138365, "LVOC:::11.4.3.5": 0.5167669899108117, "LVOC:::5.4.6.1.2": 0.5123054049138365, "LVOC:::10.4.1.5.2": 0.5167669899108117, "LVOC:::2.4.3.2.1": 0.5167669899108117, "LVOC:::11.4.2.2.3": 0.5123054049138365, "LVOC:::2.4.4.3": 0.5123054049138365, "LVOC:::4.4.2.1": 0.5123054049138365, "POL:::12.7.9": 0.5123054049138365, "POL:::12.5.3": 0.5123054049138365, "POL:::12.5.2": 0.5167669899108117, "POL:::12.7.6": 0.5123054049138365, "PP:::2.9.11.1": 0.5123054049138365, "PP:::2.9.11.2.3": 0.5123054049138365, "PP:::7.3.12": 0.5123054049138365, "PP:::3.3.13": 0.5167669899108117, "PP:::5.3.12": 0.5123054049138365, "PP:::6.3.7": 0.5123054049138365, "PP:::6.3.8": 0.5123054049138365, "PP:::2.9.8": 0.5123054049138365, "PP:::4.3.12": 0.5079950600862503, "PP:::7.3.10": 0.5123054049138365, "PP:::7.3.11": 0.5123054049138365, "PP:::5.3.10": 0.5123054049138365, "PP:::3.3.26": 0.5123054049138365, "PP:::2.9.11.2.2": 0.5123054049138365, "PP:::6.3.6": 0.5227009424391915, "PP:::2.9.11.2.1": 0.5123054049138365, "PP:::3.3.14": 0.5123054049138365, "PP:::4.3.17": 0.5123054049138365, "PP:::4.3.16": 0.5167669899108117, "REF:::4.4.3": 0.5123054049138365, "REF:::4.7.10.1": 0.517610444701635, "REF:::4.3.9": 0.5123054049138365, "REF:::4.24.1": 0.5167669899108117, "REF:::4.24.8": 0.5123054049138365, "REF:::4.11.2": 0.5123054049138365, "REF:::4.25.1": 0.5123054049138365, "REF:::4.22.4": 0.5123054049138365, "REF:::4.24.3": 0.5167669899108117, "REF:::4.7.5": 0.5123054049138365, "REF:::4.25.4.6": 0.5123054049138365, "REF:::4.17.7": 0.5123054049138365, "REF:::4.9.2": 0.5123054049138365, "REF:::4.15.7.4": 0.5151379172291074, "WBP:::4.3.1.1": 0.5123054049138365, "WBP:::4.3.1.2": 0.5167669899108117, "WBP:::4.2.6.3": 0.5167669899108117, "WBP:::4.3.3.4": 0.5123054049138365, "WBP:::4.8.1": 0.5167669899108117, "WBP:::4.2.2.2": 0.5167669899108117, "WBP:::4.2.4.7": 0.5167669899108117, "TXT:::4.1.2.4": 0.5123054049138365, "TXT:::4.1.6.3.4": 0.5123054049138365, "TXT:::4.1.7.12": 0.5213879172291075, "TXT:::4.1.6.2.5.4": 0.5123054049138365, "IS:::3.3.5.2.1": 0.5167669899108117, "IS:::7.3.4": 0.5123054049138365, "IS:::3.3.5.2.3": 0.5623054049138365, "IS:::3.3.4": 0.5123054049138365, "IS:::7.3.3": 0.5123054049138365, "IS:::3.3.5.2.4": 0.5123054049138365, "IS:::8.3.6": 0.5123054049138365, "IS:::5.3.20": 0.5123054049138365, "IS:::3.3.5.2.2": 0.5123054049138365, "CER:::4.4.5.2": 0.5123054049138365, "OFC:::4.2.21": 0.5123054049138365, "OFC:::4.3.7.4": 0.5123054049138365, "OFC:::4.3.8.15": 0.5123054049138365, "OFC:::4.3.7.16": 0.5123054049138365, "OFC:::4.3.8.4": 0.5123054049138365, "OFC:::4.3.7.18": 0.5167669899108117, "OFC:::4.3.1.6": 0.5167669899108117, "OFC:::4.3.1.8": 0.5167669899108117, "OFC:::4.3.7.3": 0.5123054049138365, "OFC:::4.3.1.2": 0.5123054049138365, "OFC:::4.3.8.16": 0.5123054049138365, "OFC:::4.3.7.22": 0.5123054049138365, "OFC:::4.3.7.6": 0.5123054049138365, "OFC:::4.3.7.17": 0.518411726752917, "OFC:::4.3.7.23": 0.5123054049138365, "OFC:::4.3.8.19": 0.5123054049138365, "OFC:::4.3.7.7": 0.5123054049138365, "OFC:::4.3.7.20": 0.5125405146317048, "OFC:::4.3.7.15": 0.5123054049138365, "OFC:::4.3.1.5": 0.5167669899108117, "OFC:::4.3.8.5": 0.5123054049138365, "OFC:::4.3.5.8": 0.5167669899108117, "OFC:::4.3.1.1": 0.5123054049138365, "OFC:::4.3.8.9": 0.5198998219910123, "OFC:::4.3.7.8": 0.5123054049138365, "OFC:::4.3.7.14": 0.5123054049138365, "OFC:::4.3.7.24": 0.5123054049138365, "OFC:::4.3.7.19": 0.5123054049138365, "STM:::4.16.3": 0.5160595762152825, "STM:::4.10": 0.5166157497414228, "STM:::4.16.13": 0.5167669899108117, "IRPP:::4.15.2.1": 0.5123054049138365, "IRPP:::4.15.2.3": 0.5123054049138365, "IRPP:::4.15.2.2": 0.5123054049138365, "LVIC-S:::6.4.4.2.5": 0.5123054049138365, "LVIC-S:::7.14.4.7": 0.5123054049138365, "LVIC-S:::7.5.6.4.2": 0.5123054049138365, "LVIC-S:::7.12.4.2": 0.5123054049138365, "LVIC-S:::5.4.2.1": 0.5123054049138365, "LVIC-S:::7.15.4.4": 0.5167669899108117, "LVIC-S:::2.4.7.2": 0.5123054049138365, "LVIC-S:::2.4.7.3": 0.5123054049138365, "LVIC-S:::3.2.4.5": 0.5167669899108117, "CAK:::4.3.2.2.5": 0.5123054049138365, "CAK:::4.3.6.3.7": 0.5123054049138365, "CAK:::4.3.2.2.6": 0.5169236315148218, "CAK:::4.1.1": 0.5145740074546714, "CAK:::4.3.6.4.5": 0.5123054049138365, "CAK:::4.3.2.1.3": 0.5123054049138365, "CAK:::4.3.2.2.8": 0.5123054049138365, "SF:::4.5.5.1": 0.5167669899108117, "SF:::4.6.6": 0.5123054049138365, "SF:::4.6.1": 0.5123054049138365, "SF:::4.7.2": 0.5204950600862503, "SF:::4.6.2": 0.5123054049138365, "SF:::4.7.3": 0.5204950600862503, "SF:::4.6.3": 0.5123054049138365, "SA:::4.3.8.27": 0.5123054049138365, "SA:::4.1.43.3": 0.5123054049138365, "SA:::4.3.8.19": 0.5167669899108117, "SA:::4.3.8.29": 0.5213879172291075, "SA:::4.2.6.2": 0.5123054049138365, "SA:::4.1.11": 0.5123054049138365, "SA:::4.1.43.9": 0.5123054049138365, "SA:::4.3.3.15": 0.5123054049138365, "SA:::4.3.8.13": 0.5667669899108118, "SA:::4.1.43.13": 0.5123054049138365, "SA:::4.2.6.1": 0.5123054049138365, "SA:::4.3.8.28": 0.5215085735997638, "SA:::4.3.3.14": 0.5123054049138365, "SA:::4.1.43.12": 0.5123054049138365, "NFM:::6.3.5.3.3": 0.512381024998531, "NFM:::5.3.6.2": 0.5123054049138365, "NFM:::8.3.6.1": 0.5123054049138365, "NFM:::9.3.1.5.1": 0.5123054049138365, "NFM:::6.3.1.2.6": 0.5123054049138365, "NFM:::10.3.4.1": 0.5132033934195837, "NFM:::5.3.7.3": 0.5123054049138365, "NFM:::6.3.1.2.5.3": 0.5123054049138365, "NFM:::2.12.2.5": 0.5123054049138365, "NFM:::6.3.4.1": 0.5123054049138365, "NFM:::6.3.5.4": 0.5123054049138365, "NFM:::6.3.2.2.3.4": 0.5123054049138365, "NFM:::10.3.4.2": 0.518411726752917, "NFM:::7.3.7": 0.5123054049138365, "NFM:::6.3.3.3": 0.5123054049138365, "NFM:::5.3.6.1": 0.5123054049138365, "LVIC-AAF:::4.4.18": 0.5123054049138365, "LCP:::9.3.5": 0.5188646253036416, "LCP:::9.3.3": 0.5193586964498866, "LCP:::9.3.4": 0.5167669899108117, "WGC:::4.3.1.1": 0.5123054049138365, "CWW:::3.3.2.2": 0.5123054049138365, "CWW:::3.3.3.3": 0.5123054049138365, "CWW:::3.5.3": 0.5693586964498867, "CWW:::3.5.2": 0.5698998219910123, "CWW:::3.3.1.9": 0.5167669899108117, "FMP:::3.4.1.10": 0.5123054049138365, "FMP:::2.4.1.1": 0.5167669899108117, "FMP:::4.4.4.3": 0.5204950600862503, "FMP:::8.11.1.5": 0.5167669899108117, "FMP:::8.1.2": 0.5667669899108118, "FMP:::4.4.6.4": 0.5123054049138365, "FMP:::2.4.1.2": 0.5167669899108117, "FMP:::2.4.7.8": 0.5167669899108117, "FMP:::4.4.4.4": 0.5193586964498866, "FDM:::7.4.1.1.2": 0.5123054049138365, "FDM:::7.4.3.1.4": 0.5123054049138365, "FDM:::3.4.1.2": 0.5123054049138365, "FDM:::2.3.6.1.5": 0.5123054049138365, "FDM:::10.4.3.1.2": 0.5123054049138365, "FDM:::4.4.2.2": 0.5167669899108117, "FDM:::2.3.5.6": 0.5123054049138365, "FDM:::3.4.1.3": 0.5123054049138365, "SIC:::6.4.4.1": 0.5123054049138365, "SIC:::6.2.4.5": 0.5145740074546714, "SIC:::6.3.4.9": 0.5123054049138365, "SIC:::6.1.4.8": 0.5123054049138365, "SIC:::6.1.4.9": 0.5123054049138365, "SIC:::6.3.4.18": 0.5138090135746224, "SIC:::6.1.4.5": 0.5123054049138365, "SIC:::6.2.4.6": 0.5144053164965067, "SIC:::4.4.3.1": 0.5623054049138365, "SIC:::6.4.4.2": 0.5123054049138365, "SIC:::4.4.2.2.5": 0.5123054049138365, "SIC:::6.4.4.4": 0.5123054049138365, "SIC:::6.5.4.4": 0.5123054049138365, "SIC:::6.1.4.10": 0.5125405146317048, "WI:::4.6.7": 0.5167669899108117, "WI:::4.6.5": 0.5123054049138365, "WI:::4.5.3.6": 0.5123054049138365, "WI:::4.2.1.3": 0.5667669899108118, "WI:::4.2.1.2": 0.5623054049138365, "WI:::4.2.2.4": 0.5167669899108117, "WI:::4.3.9": 0.5123054049138365, "WI:::4.3.12": 0.5123054049138365, "TAN:::4.12.4": 0.5123054049138365, "TAN:::4.12.5": 0.5123054049138365, "TAN:::4.3.3.1": 0.5123054049138365, "WT:::5.2.3.3": 0.5667669899108118, "WT:::4.5.3.1": 0.5167669899108117, "WT:::5.7.3.1": 0.5123054049138365, "WT:::5.5.3.1": 0.5167669899108117,