{"4202299_abstract": {"LVOC:::11.4.1.3": 0.5363476564987533, "LVOC:::6.4.1.1.1": 0.5281571323052049, "LVOC:::2.4.3.5.4": 0.5281571323052049, "LVOC:::10.4.1.5.1": 0.5281571323052049, "LVOC:::5.4.6.1.1": 0.5321873902417128, "LVOC:::2.4.6.2.2": 0.5363476564987533, "LVOC:::5.4.5.3.1": 0.5281571323052049, "LVOC:::2.4.6.2.1": 0.5281571323052049, "LVOC:::11.4.1.5.2": 0.5781571323052049, "LVOC:::5.4.5.2.1": 0.5281571323052049, "LVOC:::6.4.4.2": 0.5321873902417128, "LVOC:::7.4.1.2.2": 0.5318266398809625, "LVOC:::12.4.1.2.2": 0.5442508823052049, "LVOC:::5.4.6.1.2": 0.5281571323052049, "LVOC:::10.4.1.5.2": 0.5321873902417128, "LVOC:::2.4.3.2.1": 0.5363476564987533, "LVOC:::11.4.2.2.3": 0.5281571323052049, "LVOC:::2.4.4.3": 0.5281571323052049, "LVOC:::4.4.2.1": 0.5281571323052049, "POL:::12.7.9": 0.5321873902417128, "POL:::12.2.5": 0.5281571323052049, "POL:::12.5.3": 0.5321873902417128, "POL:::12.2.3.6": 0.5242508823052049, "POL:::12.5.2": 0.5363476564987533, "POL:::12.7.6": 0.5281571323052049, "PP:::2.9.11.1": 0.5281571323052049, "PP:::2.9.11.2.3": 0.5281571323052049, "PP:::7.3.12": 0.5281571323052049, "PP:::3.3.13": 0.5321873902417128, "PP:::3.3.21.1": 0.5242508823052049, "PP:::3.3.18.1": 0.5281571323052049, "PP:::5.3.12": 0.5281571323052049, "PP:::6.3.7": 0.5281571323052049, "PP:::6.3.8": 0.5281571323052049, "PP:::4.3.13": 0.5321873902417128, "PP:::2.9.8": 0.5821873902417128, "PP:::5.3.4": 0.5363476564987533, "PP:::4.3.22": 0.5281571323052049, "PP:::4.3.12": 0.5242508823052049, "PP:::7.3.10": 0.5321873902417128, "PP:::7.3.11": 0.5281571323052049, "PP:::5.3.10": 0.6406443249281557, "PP:::3.3.26": 0.5321873902417128, "PP:::2.9.11.2.2": 0.5281571323052049, "PP:::6.3.6": 0.5351204475225961, "PP:::2.9.11.2.1": 0.5281571323052049, "PP:::3.3.14": 0.5281571323052049, "PP:::4.3.17": 0.5281571323052049, "PP:::4.3.16": 0.5321873902417128, "REF:::4.4.3": 0.5321873902417128, "REF:::4.7.10.1": 0.5320633823052049, "REF:::4.25.3": 0.5321873902417128, "REF:::4.3.9": 0.5281571323052049, "REF:::4.24.1": 0.5321873902417128, "REF:::4.24.8": 0.5281571323052049, "REF:::4.5.3": 0.5281571323052049, "REF:::4.11.2": 0.5321873902417128, "REF:::4.4.2.2": 0.5321873902417128, "REF:::4.25.1": 0.5281571323052049, "REF:::4.22.4": 0.5321873902417128, "REF:::4.24.3": 0.5321873902417128, "REF:::4.7.5": 0.5321873902417128, "REF:::4.25.4.6": 0.5321873902417128, "REF:::4.17.7": 0.5281571323052049, "REF:::4.9.2": 0.5321873902417128, "REF:::4.15.7.4": 0.5303484432808147, "WBP:::4.8.3": 0.5281571323052049, "WBP:::4.3.1.1": 0.5281571323052049, "WBP:::4.2.2.5": 0.5281571323052049, "WBP:::4.3.1.2": 0.5321873902417128, "WBP:::4.2.6.3": 0.5406443249281557, "WBP:::4.3.3.4": 0.5281571323052049, "WBP:::4.8.1": 0.5321873902417128, "WBP:::4.7.0.1": 0.5242508823052049, "WBP:::4.2.2.2": 0.5406443249281557, "WBP:::4.2.4.7": 0.5906443249281558, "TXT:::4.1.2.4": 0.5281571323052049, "TXT:::4.1.6.3.4": 0.5281571323052049, "TXT:::4.1.7.12": 0.5363476564987533, "TXT:::4.1.8.2": 0.5363476564987533, "TXT:::4.1.6.2.5.4": 0.5281571323052049, "IS:::3.3.5.2.1": 0.5321873902417128, "IS:::6.3.12.5": 0.5281571323052049, "IS:::4.3.2": 0.5321873902417128, "IS:::7.3.4": 0.5281571323052049, "IS:::3.3.5.2.3": 0.5781571323052049, "IS:::3.3.2.2": 0.5321873902417128, "IS:::3.3.4": 0.5281571323052049, "IS:::7.3.3": 0.5321873902417128, "IS:::3.3.5.2.4": 0.5281571323052049, "IS:::8.3.6": 0.5281571323052049, "IS:::5.3.20": 0.5281571323052049, "IS:::3.3.5.2.2": 0.5321873902417128, "CER:::4.4.5.2": 0.5281571323052049, "CER:::4.5.2.1": 0.5321873902417128, "CER:::4.1.4": 0.5281571323052049, "OFC:::4.3.1.4": 0.5281571323052049, "OFC:::4.2.21": 0.5321873902417128, "OFC:::4.2.22": 0.5321873902417128, "OFC:::4.3.7.4": 0.5281571323052049, "OFC:::4.3.8.15": 0.5281571323052049, "OFC:::4.1.5.1": 0.5321873902417128, "OFC:::4.3.7.16": 0.5321873902417128, "OFC:::4.3.8.4": 0.5281571323052049, "OFC:::4.3.7.18": 0.5281571323052049, "OFC:::4.3.1.6": 0.5321873902417128, "OFC:::4.3.1.8": 0.5321873902417128, "OFC:::4.3.7.3": 0.5321873902417128, "OFC:::4.3.1.2": 0.5281571323052049, "OFC:::4.3.8.16": 0.5281571323052049, "OFC:::4.3.7.22": 0.5281571323052049, "OFC:::4.3.7.6": 0.5321873902417128, "OFC:::4.3.7.17": 0.5325842156385382, "OFC:::4.3.7.23": 0.5281571323052049, "OFC:::4.3.8.19": 0.5281571323052049, "OFC:::4.3.7.7": 0.5281571323052049, "OFC:::4.3.7.20": 0.5283492429609425, "OFC:::4.3.7.15": 0.5321873902417128, "OFC:::4.3.1.5": 0.5321873902417128, "OFC:::4.3.8.5": 0.5281571323052049, "OFC:::4.3.5.8": 0.5363476564987533, "OFC:::4.3.1.1": 0.5321873902417128, "OFC:::4.3.8.9": 0.5335101415644641, "OFC:::4.3.7.8": 0.5281571323052049, "OFC:::4.3.7.14": 0.5321873902417128, "OFC:::4.3.7.24": 0.5281571323052049, "OFC:::4.3.7.19": 0.5281571323052049, "STM:::4.16.3": 0.5310076390619616, "STM:::4.10": 0.531393739448062, "STM:::4.16.13": 0.5321873902417128, "IRPP:::4.6.6.2": 0.5281571323052049, "IRPP:::4.7.4.8": 0.5281571323052049, "IRPP:::4.13.5": 0.5281571323052049, "IRPP:::4.7.5.9": 0.5281571323052049, "IRPP:::4.11.1.1": 0.5321873902417128, "IRPP:::4.6.7.1": 0.5321873902417128, "IRPP:::4.15.2.1": 0.5281571323052049, "IRPP:::4.7.3.9": 0.5321873902417128, "IRPP:::4.7.2.10": 0.5281571323052049, "IRPP:::4.11.1.2": 0.5281571323052049, "IRPP:::4.6.6.1": 0.5281571323052049, "IRPP:::4.7.5.13": 0.5281571323052049, "IRPP:::4.11.1.3": 0.5281571323052049, "IRPP:::4.15.2.3": 0.5281571323052049, "IRPP:::4.15.2.2": 0.5281571323052049, "IRPP:::4.6.2.3": 0.5242508823052049, "IRPP:::4.6.4.1": 0.5281571323052049, "IRPP:::4.7.5.14": 0.5321873902417128, "IRPP:::4.11.1.4": 0.5321873902417128, "IRPP:::4.7.4.14": 0.5281571323052049, "IRPP:::4.7.2.11": 0.5281571323052049, "LVIC-S:::6.4.4.2.5": 0.5321873902417128, "LVIC-S:::7.14.4.7": 0.5281571323052049, "LVIC-S:::4.4.3": 0.5281571323052049, "LVIC-S:::7.5.6.4.2": 0.5281571323052049, "LVIC-S:::7.14.4.2": 0.5242508823052049, "LVIC-S:::7.12.4.2": 0.5363476564987533, "LVIC-S:::5.4.2.1": 0.5281571323052049, "LVIC-S:::7.15.4.4": 0.5321873902417128, "LVIC-S:::2.4.7.2": 0.5281571323052049, "LVIC-S:::2.4.7.3": 0.5321873902417128, "LVIC-S:::3.2.4.4": 0.5321873902417128, "LVIC-S:::3.2.4.5": 0.5363476564987533, "LVIC-S:::7.13.4.6": 0.5363476564987533, "CAK:::4.3.2.2.5": 0.5281571323052049, "CAK:::4.3.6.3.7": 0.5281571323052049, "CAK:::4.3.2.2.6": 0.5316038234816755, "CAK:::4.1.1": 0.5358787892819491, "CAK:::4.3.6.4.5": 0.5321873902417128, "CAK:::4.3.2.1.3": 0.5281571323052049, "CAK:::4.3.2.2.8": 0.5281571323052049, "SF:::4.5.5.1": 0.5321873902417128, "SF:::4.6.6": 0.5281571323052049, "SF:::4.6.1": 0.5281571323052049, "SF:::4.7.2": 0.5338662669205895, "SF:::4.5.2.2": 0.5821873902417128, "SF:::4.9.2": 0.5281571323052049, "SF:::4.6.2": 0.5281571323052049, "SF:::4.5.2.3": 0.5321873902417128, "SF:::4.7.3": 0.5338662669205895, "SF:::4.6.3": 0.5281571323052049, "SA:::4.3.8.18": 0.5363476564987533, "SA:::4.2.2.8.2": 0.5242508823052049, "SA:::4.1.43.3": 0.5321873902417128, "SA:::4.3.8.15": 0.5321873902417128, "SA:::4.3.8.7": 0.5281571323052049, "SA:::4.2.6.2": 0.5281571323052049, "SA:::4.3.8.17": 0.5406443249281557, "SA:::4.1.11": 0.5863476564987533, "SA:::4.1.43.9": 0.5321873902417128, "SA:::4.3.3.10": 0.5321873902417128, "SA:::4.3.3.15": 0.5281571323052049, "SA:::4.3.8.13": 0.5363476564987533, "SA:::4.1.43.13": 0.5281571323052049, "SA:::4.3.8.10": 0.5321873902417128, "SA:::4.2.6.1": 0.5281571323052049, "SA:::4.3.3.14": 0.5281571323052049, "SA:::4.1.43.12": 0.5281571323052049, "SA:::4.3.9.2": 0.5321873902417128, "NFM:::6.3.5.3.3": 0.5282191362734588, "NFM:::5.3.6.2": 0.5281571323052049, "NFM:::8.3.6.1": 0.5281571323052049, "NFM:::9.3.1.5.1": 0.5281571323052049, "NFM:::2.12.2.1": 0.5321873902417128, "NFM:::7.3.8": 0.5281571323052049, "NFM:::6.3.1.2.6": 0.5281571323052049, "NFM:::10.3.4.1": 0.5288805119348345, "NFM:::5.3.7.3": 0.5363476564987533, "NFM:::6.3.1.2.5.3": 0.5281571323052049, "NFM:::2.12.2.5": 0.5321873902417128, "NFM:::6.3.4.1": 0.5281571323052049, "NFM:::10.3.1.1": 0.5281571323052049, "NFM:::6.3.5.4": 0.5281571323052049,