{"4279458_abstract": 0.9727465170435609, "3095760_abstract": 0.9611442591995, "3767216_abstract": 0.9610535884276032, "3821968_abstract": 0.9610033654607832, "3786153_abstract": 0.9464453235268592, "3456398_abstract": 0.9454443212598562, "4159308_abstract": 0.9414813201874496, "4079395_abstract": 0.9336674488149584, "3858786_abstract": 0.9336324203759432, "2845637_abstract": 0.9259107634425164, "3572141_abstract": 0.92585174087435, "4170080_abstract": 0.9258480337448418, "3782959_abstract": 0.9258465403690934, "4226990_abstract": 0.922079687938094, "3730479_abstract": 0.9142143875360488, "3695897_abstract": 0.9141647722572088, "2853307_abstract": 0.9141248678788544, "4252893_abstract": 0.9141139360144734, "3437726_abstract": 0.9063320755958556, "3539634_abstract": 0.906331291422248, "3351875_abstract": 0.9063250315375626, "3456402_abstract": 0.906313832849264, "2871476_abstract": 0.9063126691617072, "4226993_abstract": 0.9062973456457256, "3130563_abstract": 0.9025702271610498, "3831457_abstract": 0.9024825459346176, "3006060_abstract": 0.8946533221751451, "3150642_abstract": 0.894619645550847, "4176966_abstract": 0.8946083523333073, "3181526_abstract": 0.8946026237681508, "4091700_abstract": 0.8945848634466529, "4019105_abstract": 0.8945787651464343, "3312223_abstract": 0.8945701064076275, "3404015_abstract": 0.8790623201057315, "3785781_abstract": 0.8790365168824792, "3785782_abstract": 0.8790365168824792, "4275782_abstract": 0.8789996784180403, "4108737_abstract": 0.87899504089728, "3834913_abstract": 0.8789705969393253, "3733270_abstract": 0.8789392118342221, "2891630_abstract": 0.8673099540174007, "3599011_abstract": 0.8672798126935959, "3208558_abstract": 0.8672622288577259, "4224094_abstract": 0.8672535493969917, "3263208_abstract": 0.8672360703349113, "3603770_abstract": 0.8672276851721108, "4268950_abstract": 0.8516581449657679, "2918878_abstract": 0.8516541020944715, "3785787_abstract": 0.8516540732234716, "3928856_abstract": 0.851652872748673, "3608011_abstract": 0.8516417387872934, "3115098_abstract": 0.8515884196385741, "4080145_abstract": 0.8360643889755011, "3159491_abstract": 0.8360622990876436, "4194076_abstract": 0.8360236156731844, "3483115_abstract": 0.8360204072669148, "3031511_abstract": 0.8360106814652681, "4215485_abstract": 0.8360021207481623, "3885027_abstract": 0.8359794798307121, "3235802_abstract": 0.8359701922163367, "3260367_abstract": 0.8165203155949712, "3300796_abstract": 0.8165110498666763, "4008424_abstract": 0.8165038051083684, "2871477_abstract": 0.8164765685796738, "3248663_abstract": 0.8164615957066417, "3539901_abstract": 0.8164541339501739, "4130534_abstract": 0.8164535379037261, "3473332_abstract": 0.8164526810869575, "2823872_abstract": 0.8164471946656704, "4029595_abstract": 0.8164465157315135, "3335776_abstract": 0.7970304042100906, "2995320_abstract": 0.7969736838713288, "4082651_abstract": 0.7969662332907319, "3721961_abstract": 0.7969623319804668, "3075438_abstract": 0.7969546550884843, "3912703_abstract": 0.796953272074461, "3338875_abstract": 0.7969505898654461, "4176725_abstract": 0.7969494573771954, "3750616_abstract": 0.7969462275505066, "4215494_abstract": 0.7969414591789246, "3437714_abstract": 0.7969398694112897, "4140557_abstract": 0.7969333045184612, "4245399_abstract": 0.7969320835545659, "3305395_abstract": 0.7969230972230434, "3053642_abstract": 0.7969228317961097, "3673975_abstract": 0.7969167344272137, "2862618_abstract": 0.7969166832044721, "4108315_abstract": 0.7969125336967409, "4230284_abstract": 0.7969117201864719, "3249296_abstract": 0.7969097411260009, "3332862_abstract": 0.7969055688008666, "3406327_abstract": 0.7969015343114734, "4159300_abstract": 0.7774655669927597, "4265312_abstract": 0.7774599781259894, "2926887_abstract": 0.777440395206213, "3971157_abstract": 0.7774212909862399, "3597592_abstract": 0.7774139801040292, "3900809_abstract": 0.7773995082825422, "3542891_abstract": 0.7773820557631552, "3178541_abstract": 0.7773813884705305, "4094829_abstract": 0.7773734265938401, "3187480_abstract": 0.7773734233342111, "4245729_abstract": 0.7541067991405725, "3392584_abstract": 0.7540654167532921, "3569595_abstract": 0.7540551987476647, "4082650_abstract": 0.7540279198437929, "3536390_abstract": 0.7540279012173414, "3264011_abstract": 0.7539973184466362, "2832424_abstract": 0.7539962604641914, "3106179_abstract": 0.753976290114224, "2926896_abstract": 0.7539712395519018, "2873650_abstract": 0.7539651468396187, "3195883_abstract": 0.7539544212631881, "3978098_abstract": 0.7539406248833984, "3533511_abstract": 0.753933290950954, "3808436_abstract": 0.7539306867402047, "3453450_abstract": 0.7307631447911263, "3766982_abstract": 0.7307375557720661, "2853515_abstract": 0.7305886149406433, "4249803_abstract": 0.7305815704166889, "3299035_abstract": 0.7305568605661392, "3663004_abstract": 0.7305402224883437, "3181517_abstract": 0.7305316925048828, "3272408_abstract": 0.7305262614972889, "4015069_abstract": 0.7305179918184876, "4059589_abstract": 0.7305163373239338, "3053643_abstract": 0.73051424510777, "3048188_abstract": 0.730503810569644, "3235555_abstract": 0.7071443442255259, "3357869_abstract": 0.707110682502389, "3593890_abstract": 0.7071094801649451, "3546059_abstract": 0.707093020901084, "3002013_abstract": 0.7070743427611887, "3202486_abstract": 0.707063770852983, "2993322_abstract": 0.7070595570839942, "4219001_abstract": 0.707059366395697, "3363778_abstract": 0.7070556168910116, "3287435_abstract": 0.7070556168910116, "4036471_abstract": 0.6799917668104172, "4070646_abstract": 0.6798061430454254, "4227290_abstract": 0.6797933401539922, "2827337_abstract": 0.6797903599217534, "3719282_abstract": 0.6797839682549238, "2870989_abstract": 0.6797679113224149, "4030100_abstract": 0.6797656984999776, "2975319_abstract": 0.6797490166500211, "4260715_abstract": 0.6797436205670238, "4173694_abstract": 0.6797426789999008, "3816118_abstract": 0.6797384945675731, "3616767_abstract": 0.6525369882583618, "3263750_abstract": 0.6525082588195801, "3187618_abstract": 0.6524408925324678, "3957913_abstract": 0.6524342633783817, "3770542_abstract": 0.6524231769144535, "3978679_abstract": 0.6524230604991317, "3045844_abstract": 0.6524074645712972, "4043092_abstract": 0.652380155865103, "3048091_abstract": 0.6523756617680192, "3037511_abstract": 0.6523696789517999, "3517505_abstract": 0.6212752535939217, "3552687_abstract": 0.6211962066590786, "3858470_abstract": 0.621180260553956, "3567285_abstract": 0.6211708188056946, "2930225_abstract": 0.6211555972695351, "4113114_abstract": 0.6211528982967138, "3954751_abstract": 0.6211520326323807, "2960211_abstract": 0.6211441718041897, "3881926_abstract": 0.6211421974003315, "4215483_abstract": 0.6211381801404059, "3329985_abstract": 0.6211376572027802, "3441132_abstract": 0.6211312972009182, "4194078_abstract": 0.6211297404952347, "3470545_abstract": 0.5938984667882323, "4074884_abstract": 0.5938883256167173, "3767004_abstract": 0.593881331384182, "3733645_abstract": 0.593855494633317, "3121490_abstract": 0.593842844478786, "3202721_abstract": 0.5938373040407896, "4001723_abstract": 0.5938358223065734, "3741452_abstract": 0.5938281361013651, "2896442_abstract": 0.5938170365989208, "3767198_abstract": 0.5938072605058551, "2889273_abstract": 0.5938036749139428, "2821123_abstract": 0.5938001414760947, "2881160_abstract": 0.5937973372638226, "3381543_abstract": 0.5937925707548857, "2868364_abstract": 0.5937912184745073, "3792553_abstract": 0.5937901511788368, "3352310_abstract": 0.593789728358388, "2990110_abstract": 0.5937874224036932, "2998013_abstract": 0.5937812901102006, "3311969_abstract": 0.5937809417955577, "2878367_abstract": 0.5937681533396244, "4056256_abstract": 0.5626311264932156, "3760591_abstract": 0.5626253709197044, "3395786_abstract": 0.5626222994178534, "3192591_abstract": 0.5626063253730536, "4249802_abstract": 0.5625992640852928, "2930565_abstract": 0.5625732969492674, "3415497_abstract": 0.5625679129734635,