{"4279458_abstract": 0.9727465170435609, "3095760_abstract": 0.9611442591995, "3767216_abstract": 0.9610535884276032, "3821968_abstract": 0.9610033654607832, "3456398_abstract": 0.9454443212598562, "4159308_abstract": 0.9414813201874496, "4079395_abstract": 0.9336674488149584, "2845637_abstract": 0.9259107634425164, "4170080_abstract": 0.9258480337448418, "3782959_abstract": 0.9258465403690934, "4226990_abstract": 0.922079687938094, "3730479_abstract": 0.9142143875360488, "4249803_abstract": 0.9063430121168494, "3539634_abstract": 0.906331291422248, "2871476_abstract": 0.9063126691617072, "3130563_abstract": 0.9025702271610498, "3831457_abstract": 0.9024825459346176, "3006060_abstract": 0.8946533221751451, "3150642_abstract": 0.894619645550847, "3181526_abstract": 0.8946026237681508, "4019105_abstract": 0.8945787651464343, "3312223_abstract": 0.8945701064076275, "4275782_abstract": 0.8789996784180403, "4108737_abstract": 0.87899504089728, "4249802_abstract": 0.8789792340248823, "2891630_abstract": 0.8673099540174007, "3208558_abstract": 0.8672622288577259, "4224094_abstract": 0.8672535493969917, "4268950_abstract": 0.8516581449657679, "3272415_abstract": 0.8516579694114625, "3324117_abstract": 0.8516553845256567, "2918878_abstract": 0.8516541020944715, "3785787_abstract": 0.8516540732234716, "3928856_abstract": 0.851652872748673, "4141327_abstract": 0.8516213321126997, "4080145_abstract": 0.8360643889755011, "3159491_abstract": 0.8360622990876436, "3483115_abstract": 0.8360204072669148, "3031511_abstract": 0.8360106814652681, "4215485_abstract": 0.8360021207481623, "3885027_abstract": 0.8359794798307121, "3235802_abstract": 0.8359701922163367, "3260367_abstract": 0.8165203155949712, "3171090_abstract": 0.8165156282484531, "4008424_abstract": 0.8165038051083684, "2871477_abstract": 0.8164765685796738, "3321578_abstract": 0.8164658332243562, "3539901_abstract": 0.8164541339501739, "4130534_abstract": 0.8164535379037261, "2823872_abstract": 0.8164471946656704, "4082651_abstract": 0.7969662332907319, "3912703_abstract": 0.796953272074461, "3338875_abstract": 0.7969505898654461, "3750616_abstract": 0.7969462275505066, "3437714_abstract": 0.7969398694112897, "4140557_abstract": 0.7969333045184612, "4245399_abstract": 0.7969320835545659, "2862618_abstract": 0.7969166832044721, "3249296_abstract": 0.7969097411260009, "3332862_abstract": 0.7969055688008666, "4159300_abstract": 0.7774655669927597, "3563925_abstract": 0.7774576805531979, "3971157_abstract": 0.7774212909862399, "3597592_abstract": 0.7774139801040292, "3900809_abstract": 0.7773995082825422, "2921776_abstract": 0.7773953122086823, "4094829_abstract": 0.7773734265938401, "3187480_abstract": 0.7773734233342111, "4245729_abstract": 0.7541067991405725, "3392584_abstract": 0.7540654167532921, "4082650_abstract": 0.7540279198437929, "3536390_abstract": 0.7540279012173414, "3264011_abstract": 0.7539973184466362, "2926896_abstract": 0.7539712395519018, "3695955_abstract": 0.753952793078497, "3978098_abstract": 0.7539406248833984, "3533511_abstract": 0.753933290950954, "2853515_abstract": 0.7305886149406433, "4030100_abstract": 0.7305847490206361, "2990384_abstract": 0.7305684615857899, "2860447_abstract": 0.73056751023978, "3299035_abstract": 0.7305568605661392, "3632554_abstract": 0.7305509974248707, "3418633_abstract": 0.7305478407070041, "2947388_abstract": 0.7305464912205935, "3663004_abstract": 0.7305402224883437, "3792553_abstract": 0.7305399663746357, "3181517_abstract": 0.7305316925048828, "3272408_abstract": 0.7305262614972889, "3889404_abstract": 0.7305212616920471, "4059589_abstract": 0.7305163373239338, "2870989_abstract": 0.7071584379300475, "3925700_abstract": 0.7071347357705235, "3593890_abstract": 0.7071094801649451, "3745048_abstract": 0.7071091160178185, "3546059_abstract": 0.707093020901084, "2883842_abstract": 0.7070773444138467, "3002013_abstract": 0.7070743427611887, "2993322_abstract": 0.7070595570839942, "4219001_abstract": 0.707059366395697, "3287435_abstract": 0.7070556168910116, "3363778_abstract": 0.7070556168910116, "4036471_abstract": 0.6799917668104172, "4070646_abstract": 0.6798061430454254, "3719282_abstract": 0.6797839682549238, "2860461_abstract": 0.6797546707093716, "2975319_abstract": 0.6797490166500211, "4275785_abstract": 0.679748916067183, "4260715_abstract": 0.6797436205670238, "3026342_abstract": 0.6797400284558535, "3816118_abstract": 0.6797384945675731, "3263750_abstract": 0.6525082588195801, "3392565_abstract": 0.6524222157895565, "3045844_abstract": 0.6524074645712972, "3819028_abstract": 0.6523827007040381, "3048091_abstract": 0.6523756617680192, "3037511_abstract": 0.6523696789517999, "3620504_abstract": 0.6523627280257642, "3517505_abstract": 0.6212752535939217, "3552687_abstract": 0.6211962066590786, "3124861_abstract": 0.6211878545582294, "2863123_abstract": 0.6211837753653526, "3567285_abstract": 0.6211708188056946, "2930225_abstract": 0.6211555972695351, "3273163_abstract": 0.6211537015624344, "4113114_abstract": 0.6211528982967138, "3666909_abstract": 0.6211466155946255, "2960211_abstract": 0.6211441718041897, "4215483_abstract": 0.6211381801404059, "3578779_abstract": 0.6211262294091284, "3733645_abstract": 0.593855494633317, "3121490_abstract": 0.593842844478786, "3202721_abstract": 0.5938373040407896, "4001723_abstract": 0.5938358223065734, "3069914_abstract": 0.5938291526399553, "3569309_abstract": 0.5938187967985868, "2896442_abstract": 0.5938170365989208, "3502560_abstract": 0.5938098561018705, "3767198_abstract": 0.5938072605058551, "2889273_abstract": 0.5938036749139428, "2881160_abstract": 0.5937973372638226, "2868364_abstract": 0.5937912184745073, "3352310_abstract": 0.593789728358388, "2990110_abstract": 0.5937874224036932, "2949994_abstract": 0.5937830875627697, "3311969_abstract": 0.5937809417955577, "2878367_abstract": 0.5937681533396244, "3563926_abstract": 0.5626800581812859, "4056256_abstract": 0.5626311264932156, "3760591_abstract": 0.5626253709197044, "3395786_abstract": 0.5626222994178534, "3192591_abstract": 0.5626063253730536, "3903932_abstract": 0.5626044385135174, "3042721_abstract": 0.5625953013077378, "2930565_abstract": 0.5625732969492674, "3072587_abstract": 0.5625634016469121, "3015778_abstract": 0.5625608386471868, "4036056_abstract": 0.562548104673624, "3583998_abstract": 0.5625472934916615, "3696920_abstract": 0.5625400869175792, "3800080_abstract": 0.5625392366200686, "3604928_abstract": 0.5625343846622854, "4249152_abstract": 0.5625336756929755, "2821698_abstract": 0.5625333653297275, "3647659_abstract": 0.5625281718093902, "3943598_abstract": 0.5625190334394574, "4187553_abstract": 0.5313542187213898, "3438659_abstract": 0.5313535165041685, "3178552_abstract": 0.5313396286219358, "3674267_abstract": 0.5313245374709368, "4183751_abstract": 0.5313224252313375, "3059011_abstract": 0.5313111538998783, "3725758_abstract": 0.5313076954334974, "3543209_abstract": 0.5313076954334974, "3434975_abstract": 0.5312999482266605, "3542888_abstract": 0.5312965586781502, "2963361_abstract": 0.5312952077947557, "4183485_abstract": 0.5312948152422905, "3006099_abstract": 0.5312938746064901, "2944369_abstract": 0.5312921330332756, "3492435_abstract": 0.531291619874537, "3100785_abstract": 0.531291080173105, "3128250_abstract": 0.5312894801609218, "2974780_abstract": 0.5312856431119144, "3904763_abstract": 0.5312838549725711, "3657051_abstract": 0.5312829692848027, "3549657_abstract": 0.5312822037376463, "3815673_abstract": 0.5312668283004314, "3753906_abstract": 0.5001347959041595, "3232096_abstract": 0.5000970661640167, "3715727_abstract": 0.5000876523554325, "3816511_abstract": 0.5000797156244516, "4063355_abstract": 0.5000770390033722, "3858789_abstract": 0.5000757519155741, "3150918_abstract": 0.5000745495781302, "3892358_abstract": 0.5000656843185425, "4227579_abstract": 0.5000649252906442, "3578792_abstract": 0.5000618174672127, "3144592_abstract": 0.500053072348237, "3031510_abstract": 0.5000522909685969,