{"2853515_abstract": 0.7305886149406433, "2960211_abstract": 0.6211441718041897}