{"4209465_abstract": 0.9453466191189364, "3156232_abstract": 0.8733760714530945, "3556446_abstract": 0.8517347797751427, "2978293_abstract": 0.8516897931694984, "2896450_abstract": 0.851616223808378, "3514218_abstract": 0.8516145371831954, "3222366_abstract": 0.836014935746789, "3835286_abstract": 0.8360124323517084, "3795701_abstract": 0.796957035548985, "4170080_abstract": 0.7774198837578297, "4059889_abstract": 0.7774129817262292, "3189968_abstract": 0.7774093151092529, "3156374_abstract": 0.7773953475989401, "2894212_abstract": 0.7773952386341989, "3564335_abstract": 0.7773922421038151, "3272407_abstract": 0.7542177587747574, "4286322_abstract": 0.7539965407922864, "2998270_abstract": 0.7539422465488315, "3299035_abstract": 0.7305568605661392, "4119215_abstract": 0.7305141864344478, "2998024_abstract": 0.7305050725117326, "2876137_abstract": 0.7071054819971323, "3546059_abstract": 0.707093020901084, "2949728_abstract": 0.7070815525949001, "3272409_abstract": 0.7070571014191955, "3363778_abstract": 0.7070556168910116, "3287435_abstract": 0.7070556168910116, "3840038_abstract": 0.7035032697021961, "2876400_abstract": 0.7034270912408829, "4036471_abstract": 0.6799917668104172, "4070646_abstract": 0.6798061430454254, "3208558_abstract": 0.6797732226550579, "3885687_abstract": 0.6797559792175889, "3816118_abstract": 0.6797384945675731, "4234526_abstract": 0.6797339906916022, "3907181_abstract": 0.6797222066670656, "3778820_abstract": 0.6524628922343254, "4134177_abstract": 0.6524099912494421, "3101170_abstract": 0.6524092787876725, "4015492_abstract": 0.6524015846662223, "4015491_abstract": 0.6523999916389585, "3450622_abstract": 0.6523933345451951, "3147024_abstract": 0.6523814983665943, "3048091_abstract": 0.6523756617680192, "3821968_abstract": 0.6367931081913412, "3300796_abstract": 0.6213064175099134, "3792328_abstract": 0.621133878827095, "3865470_abstract": 0.6211338741704822, "3834913_abstract": 0.6081232874809454, "3785782_abstract": 0.5939406659454107, "3785781_abstract": 0.5939406659454107, "3974721_abstract": 0.5939272493124008, "3202721_abstract": 0.5938373040407896, "3182003_abstract": 0.5938136987388134, "3460021_abstract": 0.5938118752092123, "4015068_abstract": 0.5938100954517722, "2889273_abstract": 0.5938036749139428, "2860308_abstract": 0.5937948003411293, "2898938_abstract": 0.5937917861156166, "2990110_abstract": 0.5937874224036932, "3115482_abstract": 0.5937863430008292, "3176320_abstract": 0.5937863062135875, "3932527_abstract": 0.5937812440097332, "3312329_abstract": 0.562731584534049, "4215494_abstract": 0.5626762099564075, "2993400_abstract": 0.5626286808401346, "3760591_abstract": 0.5626253709197044, "3581258_abstract": 0.5626119822263718, "3192591_abstract": 0.5626063253730536, "3473768_abstract": 0.562583071179688, "2865945_abstract": 0.562571601010859, "4056894_abstract": 0.5625572623685002, "3647658_abstract": 0.562555736862123, "3632891_abstract": 0.5625550663098693, "4036056_abstract": 0.562548104673624, "4249152_abstract": 0.5625336756929755, "3540026_abstract": 0.5625336249358952, "2990115_abstract": 0.5625326363369823, "4122884_abstract": 0.5625264011323452, "3943598_abstract": 0.5625190334394574, "3285272_abstract": 0.5313890296965837, "3095789_abstract": 0.5313163851387799, "3543209_abstract": 0.5313076954334974, "4194081_abstract": 0.5312988916411996, "3492435_abstract": 0.531291619874537, "4108378_abstract": 0.5312878880649805, "3862481_abstract": 0.5312819976825267, "3683187_abstract": 0.53127959696576, "3312328_abstract": 0.5002240836620331, "4212231_abstract": 0.500171035528183, "3792458_abstract": 0.5001184400171041, "2995320_abstract": 0.5001035984605551, "2826768_abstract": 0.5000970494002104, "4063355_abstract": 0.5000770390033722, "3981501_abstract": 0.5000617746263742, "3144592_abstract": 0.500053072348237, "3693160_abstract": 0.5000486052595079, "3272412_abstract": 0.5000372529029846, "4212232_abstract": 0.5000364407896996, "3378920_abstract": 0.5000345632433891, "3553453_abstract": 0.5000331792980433, "3130565_abstract": 0.5000313380733132, "3988240_abstract": 0.5000303662382066, "3287186_abstract": 0.5000209179706872}