{"4209465_abstract": 0.9453466191189364, "3514218_abstract": 0.8516145371831954, "3222366_abstract": 0.836014935746789, "3835286_abstract": 0.8360124323517084, "3795701_abstract": 0.796957035548985, "3156374_abstract": 0.7773953475989401, "2894212_abstract": 0.7773952386341989, "4286322_abstract": 0.7539965407922864, "3299035_abstract": 0.7305568605661392, "2998024_abstract": 0.7305050725117326, "3287435_abstract": 0.7070556168910116, "3363778_abstract": 0.7070556168910116, "4070646_abstract": 0.6798061430454254, "4234526_abstract": 0.6797339906916022, "3907181_abstract": 0.6797222066670656, "4134177_abstract": 0.6524099912494421, "3450622_abstract": 0.6523933345451951, "3048091_abstract": 0.6523756617680192, "3865470_abstract": 0.6211338741704822, "3202721_abstract": 0.5938373040407896, "2990110_abstract": 0.5937874224036932, "3176320_abstract": 0.5937863062135875, "3192591_abstract": 0.5626063253730536, "3632891_abstract": 0.5625550663098693, "4036056_abstract": 0.562548104673624, "2990115_abstract": 0.5625326363369823, "3943598_abstract": 0.5625190334394574, "3095789_abstract": 0.5313163851387799, "3543209_abstract": 0.5313076954334974, "4063355_abstract": 0.5000770390033722, "3378920_abstract": 0.5000345632433891}