{"4209465_abstract": 0.9434067221009172, "3495327_abstract": 0.9336667391471564, "3351875_abstract": 0.9063250315375626, "3424585_abstract": 0.8946066191419959, "3312223_abstract": 0.8945701064076275, "4227388_abstract": 0.8790803998708725, "3208558_abstract": 0.8789937486872077, "3156232_abstract": 0.8733760714530945, "4279458_abstract": 0.8672746266238391, "3450526_abstract": 0.8672453756444156, "3246290_abstract": 0.8516629710793495, "4170080_abstract": 0.8516372088342905, "2896450_abstract": 0.851616223808378, "3514218_abstract": 0.8516145371831954, "3835286_abstract": 0.8360124323517084, "3180971_abstract": 0.8359764399938285, "4275782_abstract": 0.8164839437231421, "3222366_abstract": 0.8164719785563648, "3840038_abstract": 0.8164604201447219, "4079395_abstract": 0.7982733061847588, "3264011_abstract": 0.7969887051731348, "3795701_abstract": 0.796957035548985, "2886654_abstract": 0.7969536418095231, "4223393_abstract": 0.7969333045184612, "3332862_abstract": 0.7969055688008666, "3563925_abstract": 0.7774576805531979, "3437714_abstract": 0.7774543166160583, "3932874_abstract": 0.7774139894172549, "3189968_abstract": 0.7774093151092529, "2894212_abstract": 0.7773952386341989, "3564335_abstract": 0.7773922421038151, "3450525_abstract": 0.7773913540877402, "4089314_abstract": 0.7541053742170334, "4257888_abstract": 0.754045782610774, "4286322_abstract": 0.7539965407922864, "3782959_abstract": 0.7539680204354227, "3885027_abstract": 0.7539643542841077, "3042947_abstract": 0.7539473604410887, "4273477_abstract": 0.7539441892877221, "2998270_abstract": 0.7539422465488315, "3533511_abstract": 0.753933290950954, "2993322_abstract": 0.7513352033371726, "3171090_abstract": 0.7358042787139615, "3594304_abstract": 0.73061796836555, "3607831_abstract": 0.7305956147611141, "4019471_abstract": 0.7305925376713276, "3299035_abstract": 0.7305568605661392, "3395428_abstract": 0.7305439068004489, "4059589_abstract": 0.7305163373239338, "3838847_abstract": 0.7305154432542622, "4119215_abstract": 0.7305141864344478, "2998024_abstract": 0.7305050725117326, "3792219_abstract": 0.7305005127564073, "4286483_abstract": 0.707226375117898, "3854210_abstract": 0.7071289774030447, "3150813_abstract": 0.707096082624048, "4201880_abstract": 0.7070950558409095, "4215485_abstract": 0.7070943880826235, "3546059_abstract": 0.707093020901084, "2949728_abstract": 0.7070815525949001, "3002013_abstract": 0.7070743427611887, "3363778_abstract": 0.7070556168910116, "3287435_abstract": 0.7070556168910116, "3792553_abstract": 0.7051320769824088, "3249296_abstract": 0.6953544388525188, "3187480_abstract": 0.6855883018579334, "3156374_abstract": 0.6855864801909775, "3069914_abstract": 0.6836337123531848, "3351646_abstract": 0.6798487808555365, "4080146_abstract": 0.6798371896147728, "4070646_abstract": 0.6798061430454254, "4015892_abstract": 0.6798027120530605, "3992520_abstract": 0.6797943413257599, "3136021_abstract": 0.6797590544447303, "3744852_abstract": 0.6797564784064889, "3885687_abstract": 0.6797559792175889, "3485969_abstract": 0.6797529784962535, "3132734_abstract": 0.6797471111640334, "4134177_abstract": 0.6797458394430578, "4176725_abstract": 0.6797436447814107, "3816118_abstract": 0.6797384945675731, "4134412_abstract": 0.6797348181717098, "4234526_abstract": 0.6797339906916022, "3272409_abstract": 0.6797339207259938, "3181523_abstract": 0.6797312349081039, "2821461_abstract": 0.6797289969399571, "3907181_abstract": 0.6797222066670656, "3006060_abstract": 0.6525043286383152, "3663632_abstract": 0.6524913869798183, "4082651_abstract": 0.6524784825742245, "3656455_abstract": 0.6524531561881304, "4245729_abstract": 0.6524389255791903, "3978679_abstract": 0.6524230604991317, "4062991_abstract": 0.6524176094681025, "3101170_abstract": 0.6524092787876725, "4015492_abstract": 0.6524015846662223, "4015491_abstract": 0.6523999916389585, "3450622_abstract": 0.6523933345451951, "2905064_abstract": 0.6523925755172968, "2886655_abstract": 0.6523764226585627, "3048091_abstract": 0.6523756617680192, "3300796_abstract": 0.6213064175099134, "3391798_abstract": 0.6212046891450882, "4082650_abstract": 0.6211804859340191, "3821968_abstract": 0.6211804207414389, "2878358_abstract": 0.6211648276075721, "3244152_abstract": 0.6211604624986649, "3787010_abstract": 0.6211507357656956, "3792328_abstract": 0.621133878827095, "3865470_abstract": 0.6211338741704822, "2821372_abstract": 0.6211330718360841, "3539901_abstract": 0.6159407937278351, "3018178_abstract": 0.5940596237778664, "2870991_abstract": 0.5939607210457325, "3785782_abstract": 0.5939406659454107, "3785781_abstract": 0.5939406659454107, "3974721_abstract": 0.5939272493124008, "3922599_abstract": 0.5938946101814508, "3202721_abstract": 0.5938373040407896, "3182003_abstract": 0.5938136987388134, "3460021_abstract": 0.5938118752092123, "4205833_abstract": 0.5938036954030395, "2889273_abstract": 0.5938036749139428, "2881160_abstract": 0.5937973372638226, "3115482_abstract": 0.5937953465618193, "2860308_abstract": 0.5937948003411293, "2898938_abstract": 0.5937917861156166, "3228377_abstract": 0.593788250349462, "2990110_abstract": 0.5937874224036932, "3176320_abstract": 0.5937863062135875, "3311969_abstract": 0.5937809417955577, "3260484_abstract": 0.5937790982425213, "3943598_abstract": 0.5781538803130388, "3632554_abstract": 0.5762027304153889, "3312329_abstract": 0.562731584534049, "4215494_abstract": 0.5626762099564075, "3467409_abstract": 0.5626427754759789, "2993400_abstract": 0.5626286808401346, "3760591_abstract": 0.5626253709197044, "3192591_abstract": 0.5626063253730536, "3703477_abstract": 0.5625919736921787, "3714720_abstract": 0.5625876970589161, "3473768_abstract": 0.562583071179688, "2865945_abstract": 0.562571601010859, "4056894_abstract": 0.5625572623685002, "3647658_abstract": 0.562555736862123, "3632891_abstract": 0.5625550663098693, "4036056_abstract": 0.562548104673624, "3517505_abstract": 0.5625477945432067, "2853306_abstract": 0.562545602209866, "3800080_abstract": 0.5625392366200686, "3441125_abstract": 0.5625381534919143, "3711997_abstract": 0.562537875957787, "4249152_abstract": 0.5625336756929755, "3540026_abstract": 0.5625336249358952, "2990115_abstract": 0.5625326363369823, "3054000_abstract": 0.5625292183831334, "3744817_abstract": 0.5625288272276521, "4122884_abstract": 0.5625264011323452, "3925700_abstract": 0.5625185093376786, "3834913_abstract": 0.5469113140134141, "2878367_abstract": 0.5468948355410248, "4268984_abstract": 0.5314054135233164, "2995860_abstract": 0.5313633140176535, "3139088_abstract": 0.5313633140176535, "3646767_abstract": 0.5313582886010408, "3915669_abstract": 0.5313457902520895, "3505602_abstract": 0.5313426833599806, "2853605_abstract": 0.5313343834131956, "3549657_abstract": 0.5313330963253975, "3932277_abstract": 0.5313263591378927, "4278913_abstract": 0.531324939802289, "2891630_abstract": 0.5313237737864256, "3095789_abstract": 0.5313163851387799, "3028620_abstract": 0.5313093233853579, "3543209_abstract": 0.5313076954334974, "4194081_abstract": 0.5312988916411996, "2921548_abstract": 0.5312957409769297, "3492435_abstract": 0.531291619874537, "3100785_abstract": 0.531291080173105, "4108378_abstract": 0.5312878880649805, "3163081_abstract": 0.5312871411442757, "3491942_abstract": 0.5312862917780876, "3498660_abstract": 0.5312857846729457, "3862481_abstract": 0.5312819976825267, "3053993_abstract": 0.5312767028808594, "3542888_abstract": 0.5312749613076448, "3312328_abstract": 0.5002240836620331, "3815740_abstract": 0.5001957900822163, "4212231_abstract": 0.500171035528183, "3792458_abstract": 0.5001184400171041, "3173246_abstract": 0.5001127365976572, "2995320_abstract": 0.5001035984605551, "2826768_abstract": 0.5000970494002104, "4151298_abstract": 0.5000772811472416, "4063355_abstract": 0.5000770390033722, "3045844_abstract": 0.5000712256878614, "2829311_abstract": 0.5000652074813843, "3187797_abstract": 0.5000626500695944, "3708250_abstract": 0.5000611077994108,