{"3272407_abstract": 0.8790106661617756, "3403709_abstract": 0.8360737469047308, "3150269_abstract": 0.7775212861597538, "3564335_abstract": 0.7773922421038151, "3299035_abstract": 0.7305568605661392, "2993322_abstract": 0.7305021886713803, "3028620_abstract": 0.7071968726813793, "3881925_abstract": 0.7071625217795372, "4079395_abstract": 0.7071528490632772, "3795256_abstract": 0.7071073893457651, "3287435_abstract": 0.7070556168910116, "3363778_abstract": 0.7070556168910116, "4070646_abstract": 0.6798061430454254, "2821118_abstract": 0.6797917187213898, "3834913_abstract": 0.6642503989860415, "4062991_abstract": 0.6524176094681025, "3101170_abstract": 0.6524092787876725, "4015492_abstract": 0.6524015846662223, "4015491_abstract": 0.6523999916389585, "3048091_abstract": 0.6523756617680192, "3300796_abstract": 0.6213064175099134, "3821968_abstract": 0.6211804207414389, "3885049_abstract": 0.621148744598031, "4015488_abstract": 0.6211418998427689, "3792328_abstract": 0.621133878827095, "3171090_abstract": 0.6035996545106173, "3785782_abstract": 0.5939406659454107, "3785781_abstract": 0.5939406659454107, "3616587_abstract": 0.5938949212431908, "3922599_abstract": 0.5938946101814508, "3808432_abstract": 0.5938460137695074, "3202721_abstract": 0.5938373040407896, "3460021_abstract": 0.5938118752092123, "2860308_abstract": 0.5937948003411293, "2990110_abstract": 0.5937874224036932, "3115482_abstract": 0.5937863430008292, "4215494_abstract": 0.5626762099564075, "3192591_abstract": 0.5626063253730536, "3869018_abstract": 0.5625849217176437, "3243560_abstract": 0.562562488950789, "3797851_abstract": 0.5625514425337315, "4036056_abstract": 0.562548104673624, "3540026_abstract": 0.5625336249358952, "3943598_abstract": 0.5625190334394574, "2995860_abstract": 0.5313633140176535, "3139088_abstract": 0.5313633140176535, "4082416_abstract": 0.5313523039221764, "4218517_abstract": 0.5313523039221764, "3190349_abstract": 0.531310111284256, "3543209_abstract": 0.5313076954334974, "3831465_abstract": 0.5313031375408173, "3165294_abstract": 0.531291151419282, "4108378_abstract": 0.5312878880649805, "3862481_abstract": 0.5312819976825267, "4212231_abstract": 0.500171035528183, "2995320_abstract": 0.5001035984605551, "2826768_abstract": 0.5000970494002104, "4151298_abstract": 0.5000772811472416, "4063355_abstract": 0.5000770390033722, "3539901_abstract": 0.5000694571062922, "3693160_abstract": 0.5000486052595079, "3272412_abstract": 0.5000372529029846, "3378920_abstract": 0.5000345632433891, "3988240_abstract": 0.5000303662382066}