{"3845297_abstract": 0.9612821098417044, "3821968_abstract": 0.9610033654607832, "3842145_abstract": 0.9531857380643488, "4159308_abstract": 0.9414813201874496, "3424585_abstract": 0.9414685843512416, "2924011_abstract": 0.9337037377990782, "3272409_abstract": 0.9336942676454782, "3816623_abstract": 0.9259194578044116, "4170080_abstract": 0.9258480337448418, "2933021_abstract": 0.9141775341704488, "4108328_abstract": 0.9141595736145972, "4112564_abstract": 0.9141529574990273, "2883843_abstract": 0.9141264627687632, "4282997_abstract": 0.9063604269176722, "3222586_abstract": 0.906341353431344, "3730461_abstract": 0.9063282497227192, "3593889_abstract": 0.9063199651427568, "2871476_abstract": 0.9063126691617072, "3112401_abstract": 0.9063028250820936, "3141652_abstract": 0.9026739671826364, "2940068_abstract": 0.8946679597720504, "2896450_abstract": 0.8946547480300069, "3006060_abstract": 0.8946533221751451, "2835356_abstract": 0.8946288041770458, "3627604_abstract": 0.8945907773450017, "3517201_abstract": 0.8790200417861342, "3056258_abstract": 0.8790063941851258, "4275782_abstract": 0.8789996784180403, "3868814_abstract": 0.8789972448721528, "4108737_abstract": 0.87899504089728, "2905064_abstract": 0.8789901360869408, "3845496_abstract": 0.8789844000712037, "3299407_abstract": 0.8789810761809349, "3919170_abstract": 0.8789654378779233, "3034676_abstract": 0.8674644660204649, "3395430_abstract": 0.8673006715252995, "3106438_abstract": 0.867292296141386, "3777999_abstract": 0.8672736566513777, "3757071_abstract": 0.8672709539532661, "3208558_abstract": 0.8672622288577259, "4224094_abstract": 0.8672535493969917, "3822228_abstract": 0.8517570719122887, "2826540_abstract": 0.8516761623322964, "2985262_abstract": 0.8516564657911658, "3785787_abstract": 0.8516540732234716, "3928856_abstract": 0.851652872748673, "3925699_abstract": 0.8516455665230751, "3238563_abstract": 0.836137767881155, "3135374_abstract": 0.8360575046390295, "3296261_abstract": 0.8360308865085244, "3249681_abstract": 0.8360188477672637, "4215485_abstract": 0.8360021207481623, "3061527_abstract": 0.8359936713241041, "3795244_abstract": 0.8359894985333085, "3885027_abstract": 0.8359794798307121, "3721977_abstract": 0.816548153758049, "3640216_abstract": 0.8165420349687338, "3106224_abstract": 0.8165321415290236, "3539659_abstract": 0.816532134078443, "2857442_abstract": 0.8165202653035522, "4008424_abstract": 0.8165038051083684, "2871477_abstract": 0.8164765685796738, "2837602_abstract": 0.8164726560935378, "4108329_abstract": 0.8164555598050356, "2823872_abstract": 0.8164471946656704, "4169605_abstract": 0.796985562890768, "4082651_abstract": 0.7969662332907319, "3338875_abstract": 0.7969505898654461, "3000788_abstract": 0.7969499118626118, "3750616_abstract": 0.7969462275505066, "3437714_abstract": 0.7969398694112897, "2927195_abstract": 0.7969367019832134, "4245399_abstract": 0.7969320835545659, "3085434_abstract": 0.796930278185755, "2862618_abstract": 0.7969166832044721, "4159300_abstract": 0.7774655669927597, "3819264_abstract": 0.7774496860802174, "3971157_abstract": 0.7774212909862399, "3822990_abstract": 0.7774139987304807, "3597592_abstract": 0.7774139801040292, "3900809_abstract": 0.7773995082825422, "3900823_abstract": 0.777391413692385, "4011485_abstract": 0.7773880492895842, "4094829_abstract": 0.7773734265938401, "3517508_abstract": 0.7549453601241112, "3576201_abstract": 0.754012793302536, "3479899_abstract": 0.7540091704577208, "3594381_abstract": 0.7540017929859459, "4082650_abstract": 0.7539987349882722, "3045431_abstract": 0.7539854943752289, "2926896_abstract": 0.7539712395519018, "4056260_abstract": 0.7539558475837111, "3409694_abstract": 0.7539492081850767, "3978098_abstract": 0.7539406248833984, "4194409_abstract": 0.730586338788271, "3054518_abstract": 0.7305700136348605, "3112019_abstract": 0.7305385321378708, "3424884_abstract": 0.7305384506471455, "3040722_abstract": 0.7305364408530295, "3181517_abstract": 0.7305316925048828, "3272408_abstract": 0.7305262614972889, "3135366_abstract": 0.7305243099108338, "3505240_abstract": 0.73051593080163, "4134156_abstract": 0.7304984265938401, "3939943_abstract": 0.7071094904094934, "3593890_abstract": 0.7071094801649451, "3858476_abstract": 0.7071094634011388, "3279151_abstract": 0.7071063481271267, "3936557_abstract": 0.7070932425558567, "3456689_abstract": 0.7070825942791998, "3144054_abstract": 0.7070809258148074, "3450412_abstract": 0.7070641224272549, "3715855_abstract": 0.7070637494325638, "3715852_abstract": 0.7070637494325638, "3715853_abstract": 0.7070637494325638, "4219001_abstract": 0.707059366395697, "3936558_abstract": 0.7070531225763261, "4036065_abstract": 0.7034953348338604, "3130563_abstract": 0.7033884078264236, "4124377_abstract": 0.6800228580832481, "3553452_abstract": 0.6798597648739815, "3090793_abstract": 0.679843527264893, "3587361_abstract": 0.6798050832003355, "3093274_abstract": 0.6797815011814237, "3736041_abstract": 0.6797802420333028, "2957332_abstract": 0.679775551892817, "3834913_abstract": 0.679769310168922, "3244152_abstract": 0.6797675127163529, "4249095_abstract": 0.6797631420195103, "3278861_abstract": 0.679753593634814, "2870990_abstract": 0.6797531167976558, "3964484_abstract": 0.6797510306350887, "4260715_abstract": 0.6797436205670238, "3144052_abstract": 0.6797408191487193, "3508273_abstract": 0.6797156860120595, "3689829_abstract": 0.6525142192840576, "3305972_abstract": 0.6524767074733973, "3389054_abstract": 0.6524422876536846, "3385954_abstract": 0.6524396277964115, "2927617_abstract": 0.6524369288235903, "3369712_abstract": 0.6524307820945978, "3045844_abstract": 0.6524074645712972, "3556446_abstract": 0.6524055683985353, "3892368_abstract": 0.6523995762690902, "2959964_abstract": 0.6523962961509824, "2865650_abstract": 0.6523764107841998, "3495516_abstract": 0.6523607145063579, "3372302_abstract": 0.6215650103986263, "3670457_abstract": 0.6212509628385305, "4183891_abstract": 0.6212071627378464, "3275842_abstract": 0.6211878098547459, "3778496_abstract": 0.6211507357656956, "3750872_abstract": 0.6211496507748961, "3604404_abstract": 0.6211434495635331, "3491942_abstract": 0.6211419487372041, "3305403_abstract": 0.621140826959163, "4215483_abstract": 0.6211381801404059, "3067325_abstract": 0.6211122864624485, "3378841_abstract": 0.5939498320221901, "2930150_abstract": 0.5939015299081802, "3040316_abstract": 0.5938967037945986, "3156111_abstract": 0.5938750309869647, "4289501_abstract": 0.5938671063631773, "3981746_abstract": 0.5938546038232744, "4059591_abstract": 0.5938358400017023, "2891630_abstract": 0.5938351368531585, "3098817_abstract": 0.5938231609761715, "3163194_abstract": 0.5938159031793475, "3231931_abstract": 0.5938158538192511, "2875853_abstract": 0.5938118789345026, "3103886_abstract": 0.5938021913170815, "3159639_abstract": 0.5937990704551339, "2889078_abstract": 0.593791386578232, "3556462_abstract": 0.5937892040237784, "3345871_abstract": 0.5937888184562325, "3693343_abstract": 0.5937882224097848, "3290395_abstract": 0.5937863062135875, "3715854_abstract": 0.593776288907975, "2889273_abstract": 0.5627217590808868, "3040313_abstract": 0.5626766979694366, "3173140_abstract": 0.5626696981489658, "3211136_abstract": 0.5626363717019558, "3034470_abstract": 0.5626203110441566, "4286045_abstract": 0.5625920407474041, "3674267_abstract": 0.562567881308496, "3888775_abstract": 0.5625660950317979, "3015778_abstract": 0.5625608386471868, "4173695_abstract": 0.5625560134649277, "3006634_abstract": 0.5625519193708897, "3272407_abstract": 0.5625507980585098, "3950602_abstract": 0.5625496059656143, "3181618_abstract": 0.562544790096581, "3978102_abstract": 0.5625431388616562, "3797852_abstract": 0.5625404035672545, "4116263_abstract": 0.5625344039872289, "3878819_abstract": 0.5625326205044985, "3329984_abstract": 0.5625292100012302, "3819019_abstract": 0.5316449049860239, "2857088_abstract": 0.5314498785883188, "4056249_abstract": 0.5313506554812193,