{"3821968_abstract": 0.9610033654607832, "3563926_abstract": 0.9453926221467556, "4159308_abstract": 0.9414813201874496, "4079395_abstract": 0.9336674488149584, "4170080_abstract": 0.9258480337448418, "4059589_abstract": 0.9063440090976655, "3563925_abstract": 0.9063402451574802, "3171090_abstract": 0.9063263731077312, "3351875_abstract": 0.9063250315375626, "2871476_abstract": 0.9063126691617072, "3825222_abstract": 0.8947424050420523, "3006060_abstract": 0.8946533221751451, "3312223_abstract": 0.8945701064076275, "3539901_abstract": 0.8790117064490914, "3925700_abstract": 0.8790030432865024, "4275782_abstract": 0.8789996784180403, "4108737_abstract": 0.87899504089728, "3293229_abstract": 0.8673200234770775, "4098362_abstract": 0.8672975115478039, "3208558_abstract": 0.8672622288577259, "3632554_abstract": 0.8672547717578709, "4224094_abstract": 0.8672535493969917, "3324117_abstract": 0.8516553845256567, "3785787_abstract": 0.8516540732234716, "3928856_abstract": 0.851652872748673, "4141327_abstract": 0.8516213321126997, "3072587_abstract": 0.8360273810103536, "4039355_abstract": 0.8360124491155148, "2878358_abstract": 0.8360124104656279, "4215485_abstract": 0.8360021207481623, "3885027_abstract": 0.8359794798307121, "3069914_abstract": 0.816519483923912, "4008424_abstract": 0.8165038051083684, "3346045_abstract": 0.8164931368082762, "2871477_abstract": 0.8164765685796738, "3792553_abstract": 0.8164740027859807, "3321578_abstract": 0.8164658332243562, "2823872_abstract": 0.8164471946656704, "2993322_abstract": 0.8164438642561436, "3834913_abstract": 0.7972021177411079, "4082651_abstract": 0.7969662332907319, "3848564_abstract": 0.7969553582370281, "3338875_abstract": 0.7969505898654461, "3750616_abstract": 0.7969462275505066, "3437714_abstract": 0.7969398694112897, "3714720_abstract": 0.7969333291985095, "4245399_abstract": 0.7969320835545659, "2862618_abstract": 0.7969166832044721, "2845637_abstract": 0.7969109960831702, "3249296_abstract": 0.7969097411260009, "3332862_abstract": 0.7969055688008666, "3542888_abstract": 0.7774683386087418, "4159300_abstract": 0.7774655669927597, "3533511_abstract": 0.7774554481729865, "2933016_abstract": 0.7774520507082343, "3799725_abstract": 0.7774495482444763, "3971157_abstract": 0.7774212909862399, "3597592_abstract": 0.7774139801040292, "3900809_abstract": 0.7773995082825422, "2921776_abstract": 0.7773953122086823, "4094829_abstract": 0.7773734265938401, "3187480_abstract": 0.7773734233342111, "3771490_abstract": 0.7540109232068062, "4082650_abstract": 0.7539987349882722, "3002013_abstract": 0.7539763152599335, "2926896_abstract": 0.7539712395519018, "3441126_abstract": 0.7539696143940091, "3978098_abstract": 0.7539406248833984, "4119224_abstract": 0.7539302443619817, "3540349_abstract": 0.7305905502289534, "2853515_abstract": 0.7305886149406433, "4030100_abstract": 0.7305847490206361, "3189974_abstract": 0.7305835168808699, "2860447_abstract": 0.73056751023978, "3299035_abstract": 0.7305568605661392, "3418633_abstract": 0.7305478407070041, "2947388_abstract": 0.7305464912205935, "3181517_abstract": 0.7305316925048828, "3272408_abstract": 0.7305262614972889, "3444355_abstract": 0.7305109240114689, "3889404_abstract": 0.730504211736843, "3881925_abstract": 0.7071625217795372, "4060308_abstract": 0.7071106918156147, "3593890_abstract": 0.7071094801649451, "3546059_abstract": 0.707093020901084, "3711997_abstract": 0.7070851288735867, "4279175_abstract": 0.7070699618197978, "2878367_abstract": 0.7070611319504678, "4219001_abstract": 0.707059366395697, "3287435_abstract": 0.7070556168910116, "3363778_abstract": 0.7070556168910116, "4070646_abstract": 0.6798061430454254, "3628942_abstract": 0.6797629445791245, "2860461_abstract": 0.6797546707093716, "3225749_abstract": 0.6797470282763243, "4176725_abstract": 0.6797436447814107, "4260715_abstract": 0.6797436205670238, "3026342_abstract": 0.6797400284558535, "3816118_abstract": 0.6797384945675731, "3249379_abstract": 0.6525065265595913, "3023712_abstract": 0.6524424720555544, "3978679_abstract": 0.6524230604991317, "3392565_abstract": 0.6524222157895565, "4062991_abstract": 0.6524176094681025, "4029603_abstract": 0.6524105239659548, "3045844_abstract": 0.6524074645712972, "3103551_abstract": 0.6523864502087235, "3797613_abstract": 0.6523801223374903, "3048091_abstract": 0.6523756617680192, "3124861_abstract": 0.6211878545582294, "3273163_abstract": 0.6211537015624344, "2960211_abstract": 0.6211441718041897, "3100785_abstract": 0.6211426369845867, "4015488_abstract": 0.6211418998427689, "4215483_abstract": 0.6211381801404059, "4053250_abstract": 0.6211362783797085, "2974791_abstract": 0.6211329661309719, "2929936_abstract": 0.6211273819208145, "3578779_abstract": 0.6211262294091284, "3951143_abstract": 0.6211257879622281, "4234077_abstract": 0.6211185310967267, "2870991_abstract": 0.5939607210457325, "3202721_abstract": 0.5938373040407896, "3045582_abstract": 0.5938323345035315, "4275790_abstract": 0.5938148908317089, "2995377_abstract": 0.593813207000494, "3502560_abstract": 0.5938098561018705, "2889273_abstract": 0.5938036749139428, "4019870_abstract": 0.5937991552054882, "2965799_abstract": 0.5937982713803649, "2881160_abstract": 0.5937973372638226, "2990110_abstract": 0.5937874224036932, "2949994_abstract": 0.5937830875627697, "3311969_abstract": 0.5937809417955577, "3195883_abstract": 0.5937704204116017, "3663680_abstract": 0.5628626085817814, "3715725_abstract": 0.5626528169959784, "3760591_abstract": 0.5626253709197044, "2899379_abstract": 0.5626211203634739, "3192591_abstract": 0.5626063253730536, "3254759_abstract": 0.5625855177640915, "3015167_abstract": 0.5625813631340861, "3321593_abstract": 0.562569540925324, "3243560_abstract": 0.562562488950789, "3015778_abstract": 0.5625608386471868, "4256989_abstract": 0.562557808123529, "4036056_abstract": 0.562548104673624, "3473826_abstract": 0.5625431751832366, "3800080_abstract": 0.5625392366200686, "3604928_abstract": 0.5625343846622854, "4249152_abstract": 0.5625336756929755, "2821698_abstract": 0.5625333653297275, "3498660_abstract": 0.5625281857792288, "3647659_abstract": 0.5625281718093902, "3943598_abstract": 0.5625190334394574, "3438659_abstract": 0.5313535165041685, "3915669_abstract": 0.5313457902520895, "3505602_abstract": 0.5313426833599806, "2876394_abstract": 0.5313292611390352, "4183751_abstract": 0.5313224252313375, "3059011_abstract": 0.5313111538998783, "3543209_abstract": 0.5313076954334974, "3434975_abstract": 0.5312999482266605, "3162427_abstract": 0.5312972906976938, "2963361_abstract": 0.5312952077947557, "4183485_abstract": 0.5312948152422905, "2944369_abstract": 0.5312921330332756, "3960288_abstract": 0.5312920371070504, "4032600_abstract": 0.5312917404808104, "3492435_abstract": 0.531291619874537, "3128250_abstract": 0.5312894801609218, "3163081_abstract": 0.5312871411442757, "4209261_abstract": 0.5312850470654666, "3196169_abstract": 0.531283391173929, "3549657_abstract": 0.5312822037376463, "3524338_abstract": 0.5312754977494478, "3767216_abstract": 0.5001321732997894, "3456398_abstract": 0.5001074615865946, "3205387_abstract": 0.5000903736799955, "3816511_abstract": 0.5000797156244516, "4151298_abstract": 0.5000772811472416, "4063355_abstract": 0.5000770390033722, "3418200_abstract": 0.5000738445669413, "3741446_abstract": 0.5000721989199519, "3892358_abstract": 0.5000656843185425, "4227579_abstract": 0.5000649252906442, "3578792_abstract": 0.5000618174672127, "3985233_abstract": 0.5000565489754081, "4052786_abstract": 0.5000475887209177, "3225939_abstract": 0.5000458816066384, "3656471_abstract": 0.5000458750873804, "2942382_abstract": 0.5000413730740547, "2902088_abstract": 0.5000413656234741, "2974782_abstract": 0.5000386834144592, "3205679_abstract": 0.5000366624444723, "3095996_abstract": 0.5000348859466612, "3072865_abstract": 0.500034702476114, "3378920_abstract": 0.5000345632433891, "3835772_abstract": 0.5000328049063683, "3603791_abstract": 0.50002770870924,