{"3988216_abstract": 0.9687927343184128, "3031508_abstract": 0.9531872181687504, "4159308_abstract": 0.9414813201874496, "3412780_abstract": 0.9258408271707594, "2832449_abstract": 0.9258365067653358, "4019162_abstract": 0.9142640624195336, "2876371_abstract": 0.9142285520210862, "3163983_abstract": 0.914135546889156, "3808432_abstract": 0.914130094461143, "3023160_abstract": 0.9141208985820412, "3031506_abstract": 0.9141056276857852, "3351875_abstract": 0.9063250315375626, "2871476_abstract": 0.9063126691617072, "4015703_abstract": 0.9063013987615705, "3156232_abstract": 0.8948283530771732, "3950660_abstract": 0.8946633078157902, "3791947_abstract": 0.8945881223771721, "3815740_abstract": 0.8791566491127014, "2914070_abstract": 0.8790700323879719, "3826434_abstract": 0.879049725830555, "4108737_abstract": 0.87899504089728, "3913130_abstract": 0.8789859479293227, "3825222_abstract": 0.8731835787184536, "3293229_abstract": 0.8673200234770775, "4098362_abstract": 0.8672975115478039, "4224094_abstract": 0.8672535493969917, "3193084_abstract": 0.8672343869693577, "3272407_abstract": 0.8556654704734683, "3611752_abstract": 0.8522728830575943, "3915981_abstract": 0.8516713296994567, "3246290_abstract": 0.8516629710793495, "3272415_abstract": 0.8516579694114625, "3324117_abstract": 0.8516553845256567, "3785787_abstract": 0.8516540732234716, "3928856_abstract": 0.851652872748673, "4085991_abstract": 0.8516320274211466, "3388132_abstract": 0.8516219682060182, "4141327_abstract": 0.8516213321126997, "2896450_abstract": 0.851616223808378, "3287186_abstract": 0.8515958772040904, "4275782_abstract": 0.8477418110705912, "4089185_abstract": 0.8360292660072446, "3238811_abstract": 0.8360140500590205, "4039355_abstract": 0.8360124491155148, "3640379_abstract": 0.8359944694675505, "3725389_abstract": 0.8359884256497025, "3312223_abstract": 0.8359824289800599, "4079395_abstract": 0.8213821299141273, "4183367_abstract": 0.8165434878319502, "4008424_abstract": 0.8165038051083684, "4011860_abstract": 0.8165011098608375, "3346045_abstract": 0.8164931368082762, "2871477_abstract": 0.8164765685796738, "3321578_abstract": 0.8164658332243562, "3840038_abstract": 0.8164604201447219, "4170080_abstract": 0.8155092055676505, "3843122_abstract": 0.7970403879880905, "3848564_abstract": 0.7969553582370281, "3338875_abstract": 0.7969505898654461, "3750616_abstract": 0.7969462275505066, "4245399_abstract": 0.7969320835545659, "3384896_abstract": 0.7969246809370816, "2862618_abstract": 0.7969166832044721, "2845637_abstract": 0.7969109960831702, "3332862_abstract": 0.7969055688008666, "3885027_abstract": 0.7949719170574099, "3437714_abstract": 0.787197093013674, "3208558_abstract": 0.7832867611432448, "3031507_abstract": 0.7813454770948738, "3761341_abstract": 0.777476891875267, "4159300_abstract": 0.7774655669927597, "2933016_abstract": 0.7774520507082343, "3799725_abstract": 0.7774495482444763, "2929933_abstract": 0.7774450769647956, "3001102_abstract": 0.7774226916953921, "3971157_abstract": 0.7774212909862399, "3597592_abstract": 0.7774139801040292, "3189968_abstract": 0.7774093151092529, "2929932_abstract": 0.7774030128493905, "2921776_abstract": 0.7773953122086823, "3564335_abstract": 0.7773922421038151, "2987549_abstract": 0.777380168903619, "4094829_abstract": 0.7773734265938401, "3006060_abstract": 0.7735788254067302, "2947388_abstract": 0.7735111410729587, "4215485_abstract": 0.7715482544153929, "2993322_abstract": 0.7669691224582493, "3533511_abstract": 0.7656943695619702, "4089314_abstract": 0.7541053742170334, "3345988_abstract": 0.7540953140705824, "4257888_abstract": 0.754045782610774, "3181835_abstract": 0.7540189744904637, "3771490_abstract": 0.7540109232068062, "4246040_abstract": 0.7539924988523126, "3960278_abstract": 0.753978094086051, "2926896_abstract": 0.7539712395519018, "3441126_abstract": 0.7539696143940091, "2843030_abstract": 0.7539630578830838, "3695955_abstract": 0.753952793078497, "4273477_abstract": 0.7539441892877221, "3978098_abstract": 0.7539406248833984, "4119224_abstract": 0.7539302443619817, "3171090_abstract": 0.7501493380405009, "3821968_abstract": 0.7412767641944811, "3563925_abstract": 0.7383666510383288, "4176725_abstract": 0.738346551079303, "4209260_abstract": 0.7309051193296909, "3594304_abstract": 0.73061796836555, "3607831_abstract": 0.7305956147611141, "4019471_abstract": 0.7305925376713276, "3540349_abstract": 0.7305905502289534, "2853515_abstract": 0.7305886149406433, "4012002_abstract": 0.7305866628885269, "4030100_abstract": 0.7305847490206361, "3189974_abstract": 0.7305835168808699, "3533435_abstract": 0.7305799201130867, "3881925_abstract": 0.7305783149786294, "2990384_abstract": 0.7305684615857899, "3758044_abstract": 0.7305653085932136, "3299035_abstract": 0.7305568605661392, "3745026_abstract": 0.7305528474971652, "3418633_abstract": 0.7305478407070041, "3395428_abstract": 0.7305439068004489, "3181517_abstract": 0.7305316925048828, "2937124_abstract": 0.730526702478528, "3272408_abstract": 0.7305262614972889, "3002013_abstract": 0.7305253290105611, "4083234_abstract": 0.7305172858759761, "4119215_abstract": 0.7305141864344478, "3444355_abstract": 0.7305109240114689, "3124093_abstract": 0.7305046622641385, "3889404_abstract": 0.730504211736843, "2878358_abstract": 0.7285886190366, "3069914_abstract": 0.7279289695434272, "4082651_abstract": 0.7247223579324782, "3925700_abstract": 0.7207607763120905, "3933266_abstract": 0.7207311581587419, "2823872_abstract": 0.7187854007352144, "3072587_abstract": 0.7149089449085295, "4059589_abstract": 0.7123527210205793, "3264011_abstract": 0.7084124509710819, "4086514_abstract": 0.7071547629311681, "3318551_abstract": 0.7071537002921104, "3067399_abstract": 0.7071392824873328, "3255961_abstract": 0.7071318197995424, "3057120_abstract": 0.7071295753121376, "3854210_abstract": 0.7071289774030447, "3428561_abstract": 0.7071173675358295, "3536671_abstract": 0.7071124706417322, "4060308_abstract": 0.7071106918156147, "3957773_abstract": 0.7071097381412983, "3593890_abstract": 0.7071094801649451, "2876137_abstract": 0.7071054819971323, "2905293_abstract": 0.7070985129103065, "3886148_abstract": 0.7070976784452796, "3546059_abstract": 0.707093020901084, "3249295_abstract": 0.7070877943187952, "2949728_abstract": 0.7070815525949001, "3466919_abstract": 0.7070802412927151, "3680641_abstract": 0.7070801085792482, "3696237_abstract": 0.7070779693312943, "2883842_abstract": 0.7070773444138467, "3603783_abstract": 0.7070756806060672, "4279175_abstract": 0.7070699618197978, "4219001_abstract": 0.707059366395697, "3272409_abstract": 0.7070571014191955, "3363778_abstract": 0.7070556168910116, "3287435_abstract": 0.7070556168910116, "2929936_abstract": 0.6992541989311576, "3249296_abstract": 0.6953544388525188, "3539901_abstract": 0.6895424881950021, "3187480_abstract": 0.6855883018579334, "3351646_abstract": 0.6798487808555365, "4080146_abstract": 0.6798371896147728, "3718999_abstract": 0.6798371635377407, "4231328_abstract": 0.6798355486243963, "4194521_abstract": 0.6798212435096502, "4173703_abstract": 0.6798160523176193, "4070646_abstract": 0.6798061430454254, "4015892_abstract": 0.6798027120530605, "3650407_abstract": 0.679797169752419, "3992520_abstract": 0.6797943413257599, "2881162_abstract": 0.6797802876681089, "3907303_abstract": 0.6797785731032491, "3116289_abstract": 0.6797675648704171, "3141569_abstract": 0.679764567874372, "4249095_abstract": 0.6797631420195103, "3628942_abstract": 0.6797629445791245, "2977380_abstract": 0.6797614740207791, "3136021_abstract": 0.6797590544447303, "3885687_abstract": 0.6797559792175889, "2860461_abstract": 0.6797546707093716, "3485969_abstract": 0.6797529784962535, "4129527_abstract": 0.679749988950789, "3132734_abstract": 0.6797471111640334, "3225749_abstract": 0.6797470282763243, "3693085_abstract": 0.6797459358349442, "4260715_abstract": 0.6797436205670238, "3912728_abstract": 0.6797418324276805, "3026342_abstract": 0.6797400284558535,