{"3272407_abstract": 0.8790106661617756, "3403709_abstract": 0.8360737469047308, "3150269_abstract": 0.7775212861597538, "3028620_abstract": 0.7071968726813793, "3795256_abstract": 0.7071073893457651, "2821118_abstract": 0.6797917187213898, "3885049_abstract": 0.621148744598031, "3616587_abstract": 0.5938949212431908, "3808432_abstract": 0.5938460137695074, "3869018_abstract": 0.5625849217176437, "3797851_abstract": 0.5625514425337315, "4218517_abstract": 0.5313523039221764, "4082416_abstract": 0.5313523039221764, "3190349_abstract": 0.531310111284256, "3831465_abstract": 0.5313031375408173, "3165294_abstract": 0.531291151419282, "3171090_abstract": 0.5000851489603519}