{"4202299_abstract": 0.7070848038420081, "2883815_abstract": 0.593798054382205, "3138819_abstract": 0.5937792614568025, "3323757_abstract": 0.5625454252585769, "3501678_abstract": 0.5625292276963592}