{"3845297_abstract": 0.9612821098417044, "3842145_abstract": 0.9531857380643488, "3385405_abstract": 0.9454583385959268, "3424585_abstract": 0.9414685843512416, "2924011_abstract": 0.9337037377990782, "3272409_abstract": 0.9336942676454782, "2896450_abstract": 0.9336500498466194, "3816623_abstract": 0.9259194578044116, "2933021_abstract": 0.9141775341704488, "4282997_abstract": 0.914161560125649, "4108328_abstract": 0.9141595736145972, "4112564_abstract": 0.9141529574990273, "2883843_abstract": 0.9141264627687632, "3441370_abstract": 0.9141203002072872, "3222586_abstract": 0.906341353431344, "3730461_abstract": 0.9063282497227192, "3112401_abstract": 0.9063028250820936, "3141652_abstract": 0.9026739671826364, "3767012_abstract": 0.8946827920153737, "2940068_abstract": 0.8946679597720504, "2835356_abstract": 0.8946288041770458, "3627604_abstract": 0.8945907773450017, "3858951_abstract": 0.8945820210501552, "3473738_abstract": 0.8945815018378198, "3272407_abstract": 0.8945784671232104, "2949629_abstract": 0.8791100103408098, "3517201_abstract": 0.8790200417861342, "3056258_abstract": 0.8790063941851258, "3868814_abstract": 0.8789972448721528, "2905064_abstract": 0.8789901360869408, "3845496_abstract": 0.8789844000712037, "3299407_abstract": 0.8789810761809349, "3244152_abstract": 0.8789670644327998, "3919170_abstract": 0.8789654378779233, "3156508_abstract": 0.8789398605003953, "3556873_abstract": 0.8789325063116848, "3034676_abstract": 0.8674644660204649, "3395430_abstract": 0.8673006715252995, "3106438_abstract": 0.867292296141386, "3372302_abstract": 0.8672830448485911, "3777999_abstract": 0.8672736566513777, "3757071_abstract": 0.8672709539532661, "3962242_abstract": 0.8672622665762901, "3156375_abstract": 0.8672369499690831, "3418403_abstract": 0.8672351506538689, "3964483_abstract": 0.8672323343344033, "3822228_abstract": 0.8517570719122887, "2826540_abstract": 0.8516761623322964, "2985262_abstract": 0.8516564657911658, "3974721_abstract": 0.8516491875052452, "3363931_abstract": 0.8516306998208165, "2962997_abstract": 0.8516154778189957, "4141327_abstract": 0.8516135336831212, "4245729_abstract": 0.8516033394262195, "2955161_abstract": 0.8515958772040904, "3135374_abstract": 0.8360575046390295, "3456865_abstract": 0.8360393848270178, "3296261_abstract": 0.8360308865085244, "3249681_abstract": 0.8360188477672637, "3061527_abstract": 0.8359936713241041, "3950095_abstract": 0.8359913919121027, "3795244_abstract": 0.8359894985333085, "2944709_abstract": 0.8359851050190628, "3395967_abstract": 0.8359830128028989, "3721977_abstract": 0.816548153758049, "3106224_abstract": 0.8165321415290236, "3539659_abstract": 0.816532134078443, "2857442_abstract": 0.8165202653035522, "3795265_abstract": 0.8165083676576614, "3932277_abstract": 0.8164900504052639, "3002258_abstract": 0.8164810864254832, "2907899_abstract": 0.8164802109822631, "2837602_abstract": 0.8164726560935378, "3670686_abstract": 0.8164580911397934, "3222657_abstract": 0.8164565348997712, "4108329_abstract": 0.8164555598050356, "3090821_abstract": 0.8164518205448985, "3715484_abstract": 0.8164497055113316, "2891762_abstract": 0.8164472198113799, "3593889_abstract": 0.8164406346622854, "3351657_abstract": 0.7971312180161476, "4019471_abstract": 0.7970391921699047, "4001598_abstract": 0.7969989981502295, "3045564_abstract": 0.7969780452549458, "3907196_abstract": 0.7969561582431197, "4227439_abstract": 0.7969372165389359, "4227440_abstract": 0.7969372165389359, "2927195_abstract": 0.7969367019832134, "3002259_abstract": 0.7969349911436439, "3085434_abstract": 0.796930278185755, "3560401_abstract": 0.7969274716451764, "3092931_abstract": 0.7969274716451764, "3819264_abstract": 0.7774496860802174, "3822990_abstract": 0.7774139987304807, "3012335_abstract": 0.7774038910865784, "3001939_abstract": 0.7774017406627536, "3243796_abstract": 0.777398046804592, "4286548_abstract": 0.777375646866858, "3744692_abstract": 0.7773641713429242, "3576201_abstract": 0.754012793302536, "3479899_abstract": 0.7540091704577208, "3594381_abstract": 0.7540017929859459, "3409642_abstract": 0.7539995359256864, "3045431_abstract": 0.7539854943752289, "3219679_abstract": 0.7539824973791838, "4015058_abstract": 0.7539754342287779, "4056260_abstract": 0.7539558475837111, "4216672_abstract": 0.7539538112469018, "4170071_abstract": 0.7539532436057925, "3409694_abstract": 0.7539492081850767, "3564187_abstract": 0.7539472049102187, "2910663_abstract": 0.7306421883404255, "3045548_abstract": 0.7305899448692799, "3456398_abstract": 0.7305857390165329, "3054518_abstract": 0.7305700136348605, "3647280_abstract": 0.7305642254650593, "2851616_abstract": 0.7305567925795913, "4134218_abstract": 0.7305423272773623, "3040722_abstract": 0.7305364408530295, "3650574_abstract": 0.7305343700572848, "3483305_abstract": 0.7305253972299397, "3135366_abstract": 0.7305243099108338, "2881369_abstract": 0.7305172909982502, "3881925_abstract": 0.7305148579180241, "3395456_abstract": 0.7305011795833707, "4134156_abstract": 0.7304984265938401, "3673999_abstract": 0.7304984203074127, "3409641_abstract": 0.730494421441108, "3715506_abstract": 0.7304939632304013, "2975159_abstract": 0.7071319855749607, "3552684_abstract": 0.707114708609879, "3939943_abstract": 0.7071094904094934, "3279151_abstract": 0.7071063481271267, "3530626_abstract": 0.7070946586318314, "3936557_abstract": 0.7070932425558567, "3438533_abstract": 0.7070916537195444, "3034157_abstract": 0.7070914162322879, "3460105_abstract": 0.7070912243798375, "4043606_abstract": 0.7070899605751038, "4059897_abstract": 0.7070872746407986, "3144054_abstract": 0.7070809258148074, "3603783_abstract": 0.7070756806060672, "3450412_abstract": 0.7070641224272549, "3287186_abstract": 0.7070641070604324, "3715853_abstract": 0.7070637494325638, "3715852_abstract": 0.7070637494325638, "3715855_abstract": 0.7070637494325638, "3933266_abstract": 0.7070597992278636, "3936558_abstract": 0.7070531225763261, "3415647_abstract": 0.70705023733899, "3553452_abstract": 0.6798597648739815, "3090793_abstract": 0.679843527264893, "3617637_abstract": 0.6797928176820278, "3093274_abstract": 0.6797815011814237, "4234758_abstract": 0.6797814900055528, "2957332_abstract": 0.679775551892817, "3834913_abstract": 0.679769310168922, "3278861_abstract": 0.679753593634814, "2870990_abstract": 0.6797531167976558, "3366834_abstract": 0.6797508066520095, "3144052_abstract": 0.6797408191487193, "3190208_abstract": 0.6797400387004018, "3748021_abstract": 0.6797320465557277, "2974780_abstract": 0.6797268716618419, "4011485_abstract": 0.6797233740799129, "3964477_abstract": 0.6797185470350087, "3434353_abstract": 0.679717612452805, "3508273_abstract": 0.6797156860120595, "3501678_abstract": 0.6797140107955784, "4249152_abstract": 0.6797128282487392, "3581678_abstract": 0.6525328494608402, "3689829_abstract": 0.6525142192840576, "3587361_abstract": 0.6525105256587267, "3572538_abstract": 0.6524851322174072, "3305972_abstract": 0.6524767074733973, "3968120_abstract": 0.6524485740810633, "3369712_abstract": 0.6524307820945978, "3650579_abstract": 0.6524255136027932, "2959964_abstract": 0.6523962961509824, "3293233_abstract": 0.6523940926417708, "4124666_abstract": 0.6523859375156462, "3243560_abstract": 0.6523819910362363, "2821118_abstract": 0.6523804042953998, "2865650_abstract": 0.6523764107841998, "2891630_abstract": 0.6523736591916531, "3495516_abstract": 0.6523712750058621, "3964478_abstract": 0.6523700926918536, "4067314_abstract": 0.6523684679996222, "3581677_abstract": 0.6212712433189154, "3670457_abstract": 0.6212509628385305, "4183891_abstract": 0.6212071627378464, "3275842_abstract": 0.6211878098547459, "3489385_abstract": 0.6211698651313782, "3299497_abstract": 0.6211673403158784, "3187622_abstract": 0.6211670530028641, "3409814_abstract": 0.6211670530028641, "3130385_abstract": 0.6211583996191621, "3929671_abstract": 0.621156882494688, "3778496_abstract": 0.6211507357656956, "3925710_abstract": 0.6211500456556678,