{"3845297_abstract": 0.9612821098417044, "3401003_abstract": 0.9570850015152246, "2962997_abstract": 0.9570767760742456, "3842145_abstract": 0.9531857380643488, "3112442_abstract": 0.9454295989125968, "3834913_abstract": 0.9453816870227456, "2949629_abstract": 0.9453669933136551, "3466894_abstract": 0.941609401255846, "4223705_abstract": 0.9414943736046552, "2924011_abstract": 0.9337037377990782, "3816623_abstract": 0.9259194578044116, "3323496_abstract": 0.9258670369163156, "2896450_abstract": 0.9258400523103774, "4019162_abstract": 0.9142640624195336, "2876371_abstract": 0.9142285520210862, "2933021_abstract": 0.9141775341704488, "3533509_abstract": 0.914165728725493, "4108328_abstract": 0.9141595736145972, "4112564_abstract": 0.9141529574990273, "2883843_abstract": 0.9141264627687632, "2859935_abstract": 0.9063311577774584, "3112401_abstract": 0.9063028250820936, "3403709_abstract": 0.9025227539241314, "3771690_abstract": 0.90242873551324, "3771688_abstract": 0.8946694610640407, "2940068_abstract": 0.8946679597720504, "3238811_abstract": 0.8946199435740709, "3627604_abstract": 0.8945907773450017, "3482812_abstract": 0.8945888848975301, "2949996_abstract": 0.8945888550952077, "3650102_abstract": 0.8945820517838001, "4227439_abstract": 0.8790224147960544, "3056258_abstract": 0.8790063941851258, "3868814_abstract": 0.8789972448721528, "3881925_abstract": 0.8789906678721309, "3913130_abstract": 0.8789859479293227, "3845496_abstract": 0.8789844000712037, "3299407_abstract": 0.8789810761809349, "3960278_abstract": 0.8789759585633874, "3919170_abstract": 0.8789654378779233, "3078725_abstract": 0.8673827908933163, "3831997_abstract": 0.8673109132796526, "4227440_abstract": 0.8673059493303299, "3495327_abstract": 0.8673007301986217, "3395430_abstract": 0.8673006715252995, "3777999_abstract": 0.8672736566513777, "3757071_abstract": 0.8672709539532661, "3572143_abstract": 0.8672434254549444, "3244152_abstract": 0.8672368689440191, "4104915_abstract": 0.8672328437678516, "3822228_abstract": 0.8517570719122887, "3246290_abstract": 0.8516629710793495, "4086228_abstract": 0.851660767570138, "2985262_abstract": 0.8516564657911658, "3385231_abstract": 0.851645958609879, "2842618_abstract": 0.8360585775226355, "3135374_abstract": 0.8360575046390295, "3673983_abstract": 0.8360466118901968, "3674267_abstract": 0.8360380614176393, "3296261_abstract": 0.8360308865085244, "3249681_abstract": 0.8360188477672637, "4119843_abstract": 0.8360159336589277, "3061527_abstract": 0.8359936713241041, "3112623_abstract": 0.8359863010700792, "3141652_abstract": 0.8359844777733088, "3287186_abstract": 0.8359757410362363, "3187244_abstract": 0.8359692874364555, "2998270_abstract": 0.8359608743339777, "3721977_abstract": 0.816548153758049, "3587975_abstract": 0.8165396898984909, "3106224_abstract": 0.8165321415290236, "3539659_abstract": 0.816532134078443, "2857442_abstract": 0.8165202653035522, "3034676_abstract": 0.8164794510230422, "2837602_abstract": 0.8164726560935378, "4140565_abstract": 0.8164660548791289, "3581258_abstract": 0.8164600282907486, "4108329_abstract": 0.8164555598050356, "3372302_abstract": 0.7971744332462549, "4169605_abstract": 0.796985562890768, "3401006_abstract": 0.796959244646132, "3599012_abstract": 0.7969419718720019, "3085434_abstract": 0.796930278185755, "3563925_abstract": 0.7775089889764786, "3838847_abstract": 0.7774858791381121, "3981745_abstract": 0.7774658519774675, "4036471_abstract": 0.7774626165628433, "3822990_abstract": 0.7774139987304807, "4059889_abstract": 0.7774129817262292, "3981501_abstract": 0.7773898174054921, "3656461_abstract": 0.7773695702198893, "3517508_abstract": 0.7549453601241112, "3576201_abstract": 0.754012793302536, "3479899_abstract": 0.7540091704577208, "3594381_abstract": 0.7540017929859459, "3012230_abstract": 0.7539951214566827, "4246040_abstract": 0.7539924988523126, "3045431_abstract": 0.7539854943752289, "3150269_abstract": 0.7539658471941948, "3184669_abstract": 0.7539625214412808, "3800241_abstract": 0.7539580957964063, "4197611_abstract": 0.7539558778516948, "4056260_abstract": 0.7539558475837111, "4015490_abstract": 0.7539473427459598, "3243560_abstract": 0.7539413678459823, "4186597_abstract": 0.7539358390495181, "3517201_abstract": 0.7539344979450107, "4060266_abstract": 0.730699984356761, "3424586_abstract": 0.7306949980556965, "4174157_abstract": 0.7306672930717468, "3378558_abstract": 0.730629988014698, "3594304_abstract": 0.73061796836555, "4257659_abstract": 0.7305781319737434, "4257658_abstract": 0.7305781319737434, "2853840_abstract": 0.7305768085643649, "3054518_abstract": 0.7305700136348605, "3299035_abstract": 0.7305568605661392, "3116056_abstract": 0.7305550258606672, "3950095_abstract": 0.7305463142693043, "3875165_abstract": 0.730536469258368, "3040722_abstract": 0.7305364408530295, "2965799_abstract": 0.7305309772491455, "3738667_abstract": 0.7305293632671237, "3701932_abstract": 0.7305277865380049, "2939728_abstract": 0.7305267201736569, "3135366_abstract": 0.7305243099108338, "2982655_abstract": 0.7305179368704557, "3434353_abstract": 0.7305171936750412, "3254745_abstract": 0.7305142367258668, "4053452_abstract": 0.7305017048493028, "4134156_abstract": 0.7304984265938401, "2896449_abstract": 0.7304945490323007, "3808734_abstract": 0.7071803584694862, "3563926_abstract": 0.7071751747280359, "4145964_abstract": 0.7071365509182215, "3299348_abstract": 0.7071197750046849, "3279151_abstract": 0.7071063481271267, "3530626_abstract": 0.7070946586318314, "3936557_abstract": 0.7070932425558567, "3546059_abstract": 0.707093020901084, "3144054_abstract": 0.7070809258148074, "3597286_abstract": 0.7070779455825686, "3603783_abstract": 0.7070756806060672, "3583998_abstract": 0.7070695124566555, "4112573_abstract": 0.7070670747198164, "4112574_abstract": 0.7070670747198164, "4252888_abstract": 0.7070666700601578, "3900824_abstract": 0.7070651752874255, "3287435_abstract": 0.7070556168910116, "3363778_abstract": 0.7070556168910116, "3936558_abstract": 0.7070531225763261, "4036065_abstract": 0.7034953348338604, "4140557_abstract": 0.6801530569791794, "4124377_abstract": 0.6800228580832481, "3000484_abstract": 0.6799145583063364, "3786153_abstract": 0.6798244994133711, "3444285_abstract": 0.6798081370070577, "4070646_abstract": 0.6798061430454254, "2881162_abstract": 0.6797802876681089, "3761766_abstract": 0.6797780962660909, "3488911_abstract": 0.6797629417851567, "3885687_abstract": 0.6797559792175889, "3189904_abstract": 0.679753684438765, "3685907_abstract": 0.6797479540109634, "4206531_abstract": 0.6797452894970775, "4176725_abstract": 0.6797436447814107, "3144052_abstract": 0.6797408191487193, "3816118_abstract": 0.6797384945675731, "3269692_abstract": 0.6797372093424201, "3608299_abstract": 0.6797369867563248, "3437718_abstract": 0.6797296525910497, "2891630_abstract": 0.679727993439883, "3882329_abstract": 0.6797250183299184, "3020465_abstract": 0.6797164082527161, "3508273_abstract": 0.6797156860120595, "2990089_abstract": 0.6797153572551906, "4249152_abstract": 0.6797128282487392, "3031511_abstract": 0.6797074440401047, "3228741_abstract": 0.6526602692902088, "3085911_abstract": 0.6525473892688751, "4212232_abstract": 0.65242456831038, "2966046_abstract": 0.6524212220683694, "2870990_abstract": 0.6524073658511043, "2871156_abstract": 0.6524040391668677, "2878579_abstract": 0.6524040391668677, "2987549_abstract": 0.6523976270109415, "2959964_abstract": 0.6523962961509824, "3971138_abstract": 0.6523882881738245, "3461795_abstract": 0.652386786416173, "3216756_abstract": 0.6523849838413298, "3375509_abstract": 0.6523779723793268, "2865650_abstract": 0.6523764107841998, "3048091_abstract": 0.6523756617680192, "3656750_abstract": 0.6523711024783552, "3620504_abstract": 0.6523627280257642, "3335776_abstract": 0.6489226967096329, "2980106_abstract": 0.6212687008082867, "3670457_abstract": 0.6212509628385305, "3357869_abstract": 0.6212427839636803, "4245884_abstract": 0.6212217789143324,