{"3095760_abstract": 0.8675855919718742, "3831457_abstract": 0.7775346525013447, "3181526_abstract": 0.7310882769525051, "4174157_abstract": 0.7306672930717468, "2853515_abstract": 0.7305886149406433, "3782959_abstract": 0.7034588269889355, "4036471_abstract": 0.6799917668104172, "2960211_abstract": 0.6211441718041897, "3744817_abstract": 0.5625288272276521, "3805188_abstract": 0.5313090067356825, "3144592_abstract": 0.500053072348237}