{"3800163_abstract": 0.7540638893842697, "3885687_abstract": 0.6797559792175889, "4015492_abstract": 0.6524015846662223, "4015491_abstract": 0.6523999916389585, "3300796_abstract": 0.6213064175099134, "3821968_abstract": 0.6211804207414389, "3785781_abstract": 0.5939406659454107, "3785782_abstract": 0.5939406659454107, "4205833_abstract": 0.5938036954030395, "2985264_abstract": 0.5937922820448875, "3115482_abstract": 0.5937863430008292, "4215494_abstract": 0.5626762099564075, "3834913_abstract": 0.5312986802309752, "4108378_abstract": 0.5312878880649805, "3491942_abstract": 0.5312862917780876, "4212231_abstract": 0.500171035528183, "2995320_abstract": 0.5001035984605551, "3272412_abstract": 0.5000372529029846, "3553453_abstract": 0.5000331792980433, "3988240_abstract": 0.5000303662382066}