{"4019471_abstract": 0.9728958699852228, "3845297_abstract": 0.9612821098417044, "3517201_abstract": 0.9336876701563596, "3031508_abstract": 0.9336718115955592, "2896450_abstract": 0.9336500498466194, "3031507_abstract": 0.9258932787925004, "3272409_abstract": 0.9258393808268012, "3372302_abstract": 0.914203922264278, "4166247_abstract": 0.914200212340802, "3403709_abstract": 0.9141776096075772, "4282997_abstract": 0.914161560125649, "3222586_abstract": 0.906341353431344, "3730461_abstract": 0.9063282497227192, "3141652_abstract": 0.9026739671826364, "3072569_abstract": 0.894837299361825, "3712513_abstract": 0.8947490425780416, "3170542_abstract": 0.8947023674845695, "3767012_abstract": 0.8946827920153737, "4050127_abstract": 0.8946565575897694, "2835356_abstract": 0.8946288041770458, "3473738_abstract": 0.8945815018378198, "3056258_abstract": 0.8790063941851258, "3156508_abstract": 0.8789398605003953, "3556873_abstract": 0.8789325063116848, "3034676_abstract": 0.8674644660204649, "3395430_abstract": 0.8673006715252995, "3106438_abstract": 0.867292296141386, "3777999_abstract": 0.8672736566513777, "3926250_abstract": 0.8672716342844069, "3418403_abstract": 0.8672351506538689, "3964483_abstract": 0.8672323343344033, "3822228_abstract": 0.8517570719122887, "3363931_abstract": 0.8516306998208165, "3272407_abstract": 0.8516294602304697, "3159639_abstract": 0.8516232734546065, "2962997_abstract": 0.8516154778189957, "4245729_abstract": 0.8516033394262195, "2955161_abstract": 0.8515958772040904, "3238563_abstract": 0.836137767881155, "4239086_abstract": 0.8360684979707003, "3950095_abstract": 0.8359913919121027, "2826540_abstract": 0.835986667778343, "2944709_abstract": 0.8359851050190628, "3395967_abstract": 0.8359830128028989, "4047000_abstract": 0.8167161047458649, "3381867_abstract": 0.8166326824575663, "3721977_abstract": 0.816548153758049, "3553452_abstract": 0.8165328735485673, "3795265_abstract": 0.8165083676576614, "3178538_abstract": 0.8164849607273936, "3281714_abstract": 0.8164819628000259, "3002258_abstract": 0.8164810864254832, "2907899_abstract": 0.8164802109822631, "2837602_abstract": 0.8164726560935378, "2851454_abstract": 0.8164723152294755, "3964274_abstract": 0.8164610778912902, "3670686_abstract": 0.8164580911397934, "3222657_abstract": 0.8164565348997712, "3090821_abstract": 0.8164518205448985, "3819264_abstract": 0.8164493767544627, "3351657_abstract": 0.7971312180161476, "3831781_abstract": 0.7969999369233847, "3715728_abstract": 0.7969921343028545, "2907559_abstract": 0.7969838865101337, "4227440_abstract": 0.7969372165389359, "4227439_abstract": 0.7969372165389359, "2927195_abstract": 0.7969367019832134, "3002259_abstract": 0.7969349911436439, "3085434_abstract": 0.796930278185755, "3753618_abstract": 0.7969136817846447, "3441442_abstract": 0.7969017480500042, "4190780_abstract": 0.7775106281042099, "4286756_abstract": 0.7774519482627511, "2821118_abstract": 0.7774204770103097, "4067514_abstract": 0.7774059623479843, "2927198_abstract": 0.7774027325212955, "3243796_abstract": 0.777398046804592, "4209605_abstract": 0.7773872655816376, "4286548_abstract": 0.777375646866858, "4265708_abstract": 0.7773704850114882, "2905064_abstract": 0.7773704850114882, "3744692_abstract": 0.7773641713429242, "3757071_abstract": 0.7541051674634218, "3550040_abstract": 0.7540386924520135, "3919718_abstract": 0.7540326192975044, "3117931_abstract": 0.7540146121755242, "4105363_abstract": 0.7540028318762779, "3409642_abstract": 0.7539995359256864, "3521461_abstract": 0.7539837015792727, "3219679_abstract": 0.7539824973791838, "3925710_abstract": 0.75397380720824, "3184669_abstract": 0.7539625214412808, "3945099_abstract": 0.7539608678780496, "4056260_abstract": 0.7539558475837111, "3659983_abstract": 0.753954972140491, "4170071_abstract": 0.7539532436057925, "3409694_abstract": 0.7539492081850767, "4212231_abstract": 0.7539473376236856, "3564187_abstract": 0.7539472049102187, "3287203_abstract": 0.7307035606354475, "2883843_abstract": 0.7306182933971286, "3045548_abstract": 0.7305899448692799, "3715727_abstract": 0.7305850107222795, "3153246_abstract": 0.7305813739076257, "4257658_abstract": 0.7305781319737434, "4257659_abstract": 0.7305781319737434, "3257702_abstract": 0.7305593239143491, "4134218_abstract": 0.7305423272773623, "3175910_abstract": 0.7305403579957783, "3424884_abstract": 0.7305384506471455, "3552684_abstract": 0.730537231080234, "3733612_abstract": 0.7305343151092529, "4062991_abstract": 0.7305264603346586, "3933056_abstract": 0.7305245650932193, "3135366_abstract": 0.7305243099108338, "2881369_abstract": 0.7305172909982502, "4101516_abstract": 0.730515806004405, "3881925_abstract": 0.7305148579180241, "3395456_abstract": 0.7305011795833707, "3673999_abstract": 0.7304984203074127, "3409641_abstract": 0.730494421441108, "3511300_abstract": 0.7071772571653128, "2949629_abstract": 0.7071750555187464, "3842145_abstract": 0.7071624398231506, "4108328_abstract": 0.7071408592164516, "4145964_abstract": 0.7071365509182215, "2975159_abstract": 0.7071319855749607, "3587361_abstract": 0.7071275999769568, "4006432_abstract": 0.7071253350004554, "4108329_abstract": 0.7071147933602333, "3939943_abstract": 0.7071094904094934, "3279151_abstract": 0.7071063481271267, "3546059_abstract": 0.707093020901084, "3034157_abstract": 0.7070914162322879, "3460105_abstract": 0.7070912243798375, "4059897_abstract": 0.7070872746407986, "4039347_abstract": 0.7070870362222195, "3456689_abstract": 0.7070825942791998, "3144054_abstract": 0.7070809258148074, "4201522_abstract": 0.7070780005306005, "3778502_abstract": 0.7070774738676846, "3603783_abstract": 0.7070756806060672, "3369712_abstract": 0.7070693396963179, "3450412_abstract": 0.7070641224272549, "3287186_abstract": 0.7070641070604324, "3715855_abstract": 0.7070637494325638, "3715852_abstract": 0.7070637494325638, "3715853_abstract": 0.7070637494325638, "4011485_abstract": 0.7070588455535471, "3415647_abstract": 0.70705023733899, "3130563_abstract": 0.7033884078264236, "3517508_abstract": 0.7032862454652786, "3827834_abstract": 0.6799486540257931, "3553029_abstract": 0.6799302734434605, "3450871_abstract": 0.6798641532659531, "3816623_abstract": 0.6798641327768564, "3090793_abstract": 0.679843527264893, "3093274_abstract": 0.6797815011814237, "4234758_abstract": 0.6797814900055528, "3761766_abstract": 0.6797780962660909, "3150269_abstract": 0.6797761479392648, "2957332_abstract": 0.679775551892817, "3290546_abstract": 0.6797728864476085, "4050275_abstract": 0.6797728459350765, "3964484_abstract": 0.6797510306350887, "3366834_abstract": 0.6797508066520095, "4056249_abstract": 0.6797436205670238, "3144052_abstract": 0.6797408191487193, "4124666_abstract": 0.6797403628006577, "3190208_abstract": 0.6797400387004018, "3816118_abstract": 0.6797384945675731, "3456398_abstract": 0.679733538068831, "3673969_abstract": 0.679730080999434, "3181213_abstract": 0.6797290639951825, "3434353_abstract": 0.679717612452805, "3501678_abstract": 0.6797140107955784, "3581678_abstract": 0.6525328494608402, "3689829_abstract": 0.6525142192840576, "3087940_abstract": 0.6525115985423326, "3305972_abstract": 0.6524767074733973, "2927617_abstract": 0.6524369288235903, "4176727_abstract": 0.6524340091273189, "2977474_abstract": 0.6524326130747795, "4112087_abstract": 0.6524318065494299, "3650579_abstract": 0.6524255136027932, "3929163_abstract": 0.6524222260341048, "2821373_abstract": 0.65241555031389, "3395966_abstract": 0.6524123754352331, "3190195_abstract": 0.6524115148931742, "3556446_abstract": 0.6524055683985353, "3192577_abstract": 0.6524036293849349, "3040316_abstract": 0.6524020526558161, "3026126_abstract": 0.6523999068886042, "2959964_abstract": 0.6523962961509824, "3778991_abstract": 0.6523957708850503, "4104913_abstract": 0.6523882932960987, "3744766_abstract": 0.6523878592997789, "4008799_abstract": 0.6523862355388701, "3216756_abstract": 0.6523849838413298, "3243560_abstract": 0.6523819910362363,