{"3050853_abstract": 0.92583368672058, "4166247_abstract": 0.914200212340802, "3002350_abstract": 0.8790450757369399, "3517201_abstract": 0.8790200417861342, "3372302_abstract": 0.8672830448485911, "3926250_abstract": 0.8672716342844069, "3604234_abstract": 0.8516448140144348, "3705167_abstract": 0.8359958110377192, "3281714_abstract": 0.8164819628000259, "3002258_abstract": 0.8164810864254832, "3351657_abstract": 0.7971312180161476, "4019471_abstract": 0.7970391921699047, "3144416_abstract": 0.7970102578401566, "4170049_abstract": 0.7969629280269146, "3441369_abstract": 0.7969610979780555, "3002259_abstract": 0.7969349911436439, "4286756_abstract": 0.7774519482627511, "3159640_abstract": 0.7774486700072885, "3656743_abstract": 0.7540569305419922, "3178969_abstract": 0.7540497779846191, "3287203_abstract": 0.7307035606354475, "2910667_abstract": 0.7305253674276173, "3715506_abstract": 0.7304939632304013, "3730461_abstract": 0.7072154693305492, "2975159_abstract": 0.7071319855749607, "4006432_abstract": 0.7071253350004554, "3943598_abstract": 0.7071012649685144, "4059897_abstract": 0.7070872746407986, "3696237_abstract": 0.7070779693312943, "3450871_abstract": 0.6798641532659531, "3553452_abstract": 0.6798597648739815, "3093274_abstract": 0.6797815011814237, "4234758_abstract": 0.6797814900055528, "4050275_abstract": 0.6797728459350765, "3144415_abstract": 0.6797652775421739, "3238811_abstract": 0.6797408540733159, "3190208_abstract": 0.6797400387004018, "3581678_abstract": 0.6525328494608402, "3689829_abstract": 0.6525142192840576, "3087940_abstract": 0.6525115985423326, "3587361_abstract": 0.6525105256587267, "4112087_abstract": 0.6524318065494299, "3650579_abstract": 0.6524255136027932, "2873752_abstract": 0.6524034114554524, "3696236_abstract": 0.6523957657627761, "3604210_abstract": 0.6523799644783139, "2887442_abstract": 0.652379522100091, "4293293_abstract": 0.6523776743561029, "3705601_abstract": 0.6213094182312489, "3581677_abstract": 0.6212712433189154, "4086514_abstract": 0.6211757771670818, "3489385_abstract": 0.6211698651313782, "3187622_abstract": 0.6211670530028641, "3409814_abstract": 0.6211670530028641, "2835356_abstract": 0.6211660876870155, "3783284_abstract": 0.6211599316447973, "3130385_abstract": 0.6211583996191621, "3130567_abstract": 0.6211507357656956, "3922911_abstract": 0.6211483306251466, "3903910_abstract": 0.6211452521383762, "3684141_abstract": 0.6211452377028763, "4006436_abstract": 0.6211345987394452, "3378841_abstract": 0.5939498320221901, "3040316_abstract": 0.5938967037945986, "3450872_abstract": 0.5938458470627666, "2827690_abstract": 0.593815834261477, "4105315_abstract": 0.5938154514878988, "3825618_abstract": 0.5938131343573332, "3339758_abstract": 0.5938123306259513, "2933030_abstract": 0.5938070127740502, "2939983_abstract": 0.5937982331961393, "3674267_abstract": 0.5937980078160763, "4015490_abstract": 0.5937965884804726, "3578886_abstract": 0.5937955589033663, "3945128_abstract": 0.5937868133187294, "3730631_abstract": 0.5937822721898556, "3581676_abstract": 0.5629231967031956, "3211136_abstract": 0.5626363717019558, "3034470_abstract": 0.5626203110441566, "4144633_abstract": 0.5626106420531869, "4023972_abstract": 0.5625846451148391, "3369712_abstract": 0.5625812681391835, "3839074_abstract": 0.5625718273222446, "3626857_abstract": 0.5625427216291428, "3363928_abstract": 0.5625376184470952, "3878819_abstract": 0.5625326205044985, "2949715_abstract": 0.5313576199114323, "3578888_abstract": 0.5313544701784849, "4166690_abstract": 0.5313422810286283, "2826886_abstract": 0.5313275698572397, "3715728_abstract": 0.5313272178173065, "3395166_abstract": 0.5313230082392693, "3042721_abstract": 0.5313227474689484, "2930152_abstract": 0.5313225127756596, "2891630_abstract": 0.5313148926943541, "3456689_abstract": 0.531289420556277, "4001788_abstract": 0.5312880608253181, "3964484_abstract": 0.5312801599502563, "3434806_abstract": 0.5001054462045431, "3401134_abstract": 0.5000710049644113, "3257967_abstract": 0.5000666305422783, "2889273_abstract": 0.5000530406832695, "4130337_abstract": 0.500048914924264, "3594578_abstract": 0.5000336808152497}