{"4279458_abstract": 0.9727465170435609, "3095760_abstract": 0.9611442591995, "3767216_abstract": 0.9610535884276032, "3821968_abstract": 0.9610033654607832, "3456398_abstract": 0.9454443212598562, "4159308_abstract": 0.9414813201874496, "2845637_abstract": 0.9259107634425164, "4170080_abstract": 0.9258480337448418, "3782959_abstract": 0.9258465403690934, "4226990_abstract": 0.922079687938094, "3730479_abstract": 0.9142143875360488, "3539634_abstract": 0.906331291422248, "3351875_abstract": 0.9063250315375626, "2871476_abstract": 0.9063126691617072, "3130563_abstract": 0.9025702271610498, "3831457_abstract": 0.9024825459346176, "3216511_abstract": 0.8947800016030669, "3006060_abstract": 0.8946533221751451, "3150642_abstract": 0.894619645550847, "3181526_abstract": 0.8946026237681508, "4019105_abstract": 0.8945787651464343, "3216512_abstract": 0.879105924628675, "3208558_abstract": 0.8790426570922136, "4275782_abstract": 0.8789996784180403, "4108737_abstract": 0.87899504089728, "3216513_abstract": 0.8674044162034988, "3293229_abstract": 0.8673200234770775, "2891630_abstract": 0.8673099540174007, "4224094_abstract": 0.8672535493969917, "4268950_abstract": 0.8516581449657679, "3272415_abstract": 0.8516579694114625, "3785787_abstract": 0.8516540732234716, "3928856_abstract": 0.851652872748673, "4080145_abstract": 0.8360643889755011, "4159300_abstract": 0.836047412827611, "3483115_abstract": 0.8360204072669148, "3031511_abstract": 0.8360106814652681, "4215485_abstract": 0.8360021207481623, "3885027_abstract": 0.8359794798307121, "3235802_abstract": 0.8359701922163367, "3656455_abstract": 0.8165472578257322, "3260367_abstract": 0.8165203155949712, "4008424_abstract": 0.8165038051083684, "3346045_abstract": 0.8164931368082762, "2871477_abstract": 0.8164765685796738, "2823872_abstract": 0.8164471946656704, "4082651_abstract": 0.7969662332907319, "4230575_abstract": 0.7969581484794617, "3912703_abstract": 0.796953272074461, "3338875_abstract": 0.7969505898654461, "3750616_abstract": 0.7969462275505066, "3437714_abstract": 0.7969398694112897, "4140557_abstract": 0.7969333045184612, "4245399_abstract": 0.7969320835545659, "2862618_abstract": 0.7969166832044721, "3799725_abstract": 0.7774495482444763, "3971157_abstract": 0.7774212909862399, "3597592_abstract": 0.7774139801040292, "3900809_abstract": 0.7773995082825422, "4094829_abstract": 0.7773734265938401, "3392584_abstract": 0.7540654167532921, "4082650_abstract": 0.7540279198437929, "3536390_abstract": 0.7540279012173414, "3264011_abstract": 0.7539973184466362, "2926896_abstract": 0.7539712395519018, "3695955_abstract": 0.753952793078497, "3978098_abstract": 0.7539406248833984, "3540349_abstract": 0.7305905502289534, "2853515_abstract": 0.7305886149406433, "3189974_abstract": 0.7305835168808699, "2990384_abstract": 0.7305684615857899, "3663004_abstract": 0.7305402224883437, "3181517_abstract": 0.7305316925048828, "3272408_abstract": 0.7305262614972889, "3081292_abstract": 0.7071264497935772, "3593890_abstract": 0.7071094801649451, "2883842_abstract": 0.7070773444138467, "4219001_abstract": 0.707059366395697, "4036471_abstract": 0.6799917668104172, "3719282_abstract": 0.6797839682549238, "2975319_abstract": 0.6797490166500211, "4260715_abstract": 0.6797436205670238, "3263750_abstract": 0.6525082588195801, "3978679_abstract": 0.6524230604991317, "3045844_abstract": 0.6524074645712972, "2853306_abstract": 0.6523898052982986, "3037511_abstract": 0.6523696789517999, "3517505_abstract": 0.6212752535939217, "3552687_abstract": 0.6211962066590786, "2930225_abstract": 0.6211555972695351, "2960211_abstract": 0.6211441718041897, "4215483_abstract": 0.6211381801404059, "3045582_abstract": 0.5938323345035315, "3199222_abstract": 0.5938267931342125, "2896442_abstract": 0.5938170365989208, "3767198_abstract": 0.5938072605058551, "4019870_abstract": 0.5937991552054882, "4056256_abstract": 0.5626311264932156, "3395786_abstract": 0.5626222994178534, "2930565_abstract": 0.5625732969492674, "3147019_abstract": 0.562569790519774, "3015778_abstract": 0.5625608386471868, "3708238_abstract": 0.531423257663846, "4187553_abstract": 0.5313542187213898, "3915669_abstract": 0.5313457902520895, "2876394_abstract": 0.5313292611390352, "3674267_abstract": 0.5313245374709368, "4183751_abstract": 0.5313224252313375, "3059011_abstract": 0.5313111538998783, "3725758_abstract": 0.5313076954334974, "2963361_abstract": 0.5312952077947557, "4183485_abstract": 0.5312948152422905, "3006099_abstract": 0.5312938746064901, "2944369_abstract": 0.5312921330332756, "2974780_abstract": 0.5312856431119144, "3904763_abstract": 0.5312838549725711, "3549657_abstract": 0.5312822037376463, "3753906_abstract": 0.5001347959041595, "3708250_abstract": 0.5000969711691141, "3715727_abstract": 0.5000876523554325, "3144592_abstract": 0.500053072348237, "3031510_abstract": 0.5000522909685969, "4052786_abstract": 0.5000475887209177, "2902088_abstract": 0.5000413656234741, "3205679_abstract": 0.5000366624444723, "3974381_abstract": 0.5000365599989891, "3095996_abstract": 0.5000348859466612, "4162812_abstract": 0.500033650547266, "4140948_abstract": 0.5000272325705737}