{"4279458_abstract": 0.9727465170435609, "2845637_abstract": 0.9259107634425164, "3305865_abstract": 0.9258245821110904, "3425315_abstract": 0.9222940243780612, "4226990_abstract": 0.922079687938094, "3095760_abstract": 0.9143649255856872, "4019162_abstract": 0.9142640624195336, "3730479_abstract": 0.9142143875360488, "3786354_abstract": 0.914178474340588, "3175898_abstract": 0.9141411315649748, "3163983_abstract": 0.914135546889156, "4249803_abstract": 0.9063430121168494, "3539634_abstract": 0.906331291422248, "3351875_abstract": 0.9063250315375626, "3216511_abstract": 0.8947800016030669, "3950660_abstract": 0.8946633078157902, "3991825_abstract": 0.8946303939446807, "3815740_abstract": 0.8791566491127014, "3216512_abstract": 0.879105924628675, "2914070_abstract": 0.8790700323879719, "3826434_abstract": 0.879049725830555, "3825457_abstract": 0.879023595713079, "3913130_abstract": 0.8789859479293227, "4249802_abstract": 0.8789792340248823, "3156232_abstract": 0.8733760714530945, "3216513_abstract": 0.8674044162034988, "3530792_abstract": 0.867359958589077, "3293229_abstract": 0.8673200234770775, "3476476_abstract": 0.8672398054040968, "3611752_abstract": 0.8522728830575943, "3915981_abstract": 0.8516713296994567, "3272415_abstract": 0.8516579694114625, "3324117_abstract": 0.8516553845256567, "3785787_abstract": 0.8516540732234716, "4141327_abstract": 0.8516213321126997, "3150642_abstract": 0.8457725832704455, "4080145_abstract": 0.8360643889755011, "4053198_abstract": 0.8360504079610109, "3483115_abstract": 0.8360204072669148, "3842114_abstract": 0.8360169501975179, "4019105_abstract": 0.8359897062182426, "4056248_abstract": 0.8359856787137687, "3312223_abstract": 0.8359824289800599, "3235802_abstract": 0.8359701922163367, "2871476_abstract": 0.830171229550615, "4170080_abstract": 0.828206198476255, "3434300_abstract": 0.8264441285282373, "4079395_abstract": 0.8204101489391178, "2905264_abstract": 0.8166977223008871, "3708704_abstract": 0.8166242279112339, "3434819_abstract": 0.8165824040770531, "4108737_abstract": 0.8165741062257439, "3656455_abstract": 0.8165472578257322, "4183367_abstract": 0.8165434878319502, "4011860_abstract": 0.8165011098608375, "3346045_abstract": 0.8164931368082762, "3130388_abstract": 0.8164914669468999, "3002258_abstract": 0.8164810864254832, "2826823_abstract": 0.8164802184328437, "2871477_abstract": 0.8164765685796738, "2871200_abstract": 0.8164647882804275, "3840038_abstract": 0.8164604201447219, "3782959_abstract": 0.8146526836790144, "3831457_abstract": 0.8136199426371604, "3181526_abstract": 0.812845450360328, "3821968_abstract": 0.8099810077110305, "3208558_abstract": 0.807906177919358, "4159300_abstract": 0.8067564899101853, "4227440_abstract": 0.8060983953376611, "4227439_abstract": 0.8021903752038876, "4164335_abstract": 0.7972490265965462, "3843122_abstract": 0.7970403879880905, "4082644_abstract": 0.796962320804596, "4230575_abstract": 0.7969581484794617, "3912703_abstract": 0.796953272074461, "3437714_abstract": 0.7969398694112897, "3002259_abstract": 0.7969349911436439, "4140557_abstract": 0.7969333045184612, "4245399_abstract": 0.7969320835545659, "3156470_abstract": 0.7969238585792482, "3332862_abstract": 0.7969055688008666, "3441442_abstract": 0.7969017480500042, "4215485_abstract": 0.7949965838342905, "4275782_abstract": 0.7943346609827131, "4008424_abstract": 0.7852517082355917, "3761341_abstract": 0.777476891875267, "3006060_abstract": 0.7774761865536371, "2826541_abstract": 0.7774664713069797, "3563925_abstract": 0.7774576805531979, "3799725_abstract": 0.7774495482444763, "2929933_abstract": 0.7774450769647956, "4047000_abstract": 0.7774389451369643, "3072569_abstract": 0.7774327923543751, "3971157_abstract": 0.7774212909862399, "2905374_abstract": 0.7774198716506362, "3597592_abstract": 0.7774139801040292, "3189968_abstract": 0.7774093151092529, "3988531_abstract": 0.77740478515625, "2929932_abstract": 0.7774030128493905, "3564335_abstract": 0.7773922421038151, "4209605_abstract": 0.7773872655816376, "4094829_abstract": 0.7773734265938401, "3187480_abstract": 0.7773734233342111, "4265708_abstract": 0.7773704850114882, "2995657_abstract": 0.7773646418936551, "3447096_abstract": 0.7773646418936551, "3241873_abstract": 0.7773646400310099, "3130563_abstract": 0.7619004501029849, "4224094_abstract": 0.7598481746390462, "3312110_abstract": 0.7541184537112713, "3345988_abstract": 0.7540953140705824, "4249126_abstract": 0.7540752217173576, "3392584_abstract": 0.7540654167532921, "4257888_abstract": 0.754045782610774, "3536390_abstract": 0.7540279012173414, "2926896_abstract": 0.7539712395519018, "3945099_abstract": 0.7539608678780496, "3695955_abstract": 0.753952793078497, "4273477_abstract": 0.7539441892877221, "3438214_abstract": 0.7539433159399778, "2998270_abstract": 0.7539422465488315, "3533511_abstract": 0.753933290950954, "4159308_abstract": 0.7520076311193407, "4082651_abstract": 0.7487824261188507, "3456398_abstract": 0.742932726473858, "4176725_abstract": 0.738346551079303, "3928856_abstract": 0.7364197322167456, "3834913_abstract": 0.7358528586725394, "2947107_abstract": 0.7306622229516506, "3540349_abstract": 0.7305905502289534, "2853515_abstract": 0.7305886149406433, "4012002_abstract": 0.7305866628885269, "3189974_abstract": 0.7305835168808699, "2990384_abstract": 0.7305684615857899, "3758044_abstract": 0.7305653085932136, "4030100_abstract": 0.7305518155917525, "3418633_abstract": 0.7305478407070041, "3085906_abstract": 0.7305431319400668, "2848655_abstract": 0.7305403281934559, "3663004_abstract": 0.7305402224883437, "2937124_abstract": 0.730526702478528, "4101516_abstract": 0.730515806004405, "3885027_abstract": 0.7285657760221511, "3239365_abstract": 0.7188697243109345, "3597796_abstract": 0.7188691357150674, "2993322_abstract": 0.7187808728776872, "3264011_abstract": 0.713629626048108, "2862618_abstract": 0.7090315860696137, "3808734_abstract": 0.7071803584694862, "3881925_abstract": 0.7071625217795372, "2870989_abstract": 0.7071584379300475, "4086514_abstract": 0.7071547629311681, "3067399_abstract": 0.7071392824873328, "3255961_abstract": 0.7071318197995424, "3057120_abstract": 0.7071295753121376, "3081292_abstract": 0.7071264497935772, "3428561_abstract": 0.7071173675358295, "3171090_abstract": 0.7071141600608826, "3536671_abstract": 0.7071124706417322, "4060308_abstract": 0.7071106918156147, "3745048_abstract": 0.7071091160178185, "2876137_abstract": 0.7071054819971323, "2905293_abstract": 0.7070985129103065, "4268950_abstract": 0.7070945119485259, "4059897_abstract": 0.7070872746407986, "4039347_abstract": 0.7070870362222195, "2949728_abstract": 0.7070815525949001, "2883842_abstract": 0.7070773444138467, "3002013_abstract": 0.7070743427611887, "2823872_abstract": 0.7021995110553689, "3372302_abstract": 0.6993138904217631, "3249296_abstract": 0.6953544388525188, "3338875_abstract": 0.6915039918385446, "3181517_abstract": 0.6914964579045773, "4062991_abstract": 0.6875772501031557, "3031511_abstract": 0.683654174208641, "3069914_abstract": 0.6836337123531848, "4265312_abstract": 0.6798864454030991, "2873466_abstract": 0.6798788830637932, "4231328_abstract": 0.6798355486243963, "3786153_abstract": 0.6798244994133711, "4194521_abstract": 0.6798212435096502, "3444285_abstract": 0.6798081370070577, "3677627_abstract": 0.6797913638874888, "3719282_abstract": 0.6797839682549238, "4059619_abstract": 0.6797803612425923, "3988534_abstract": 0.6797742815688252, "3116289_abstract": 0.6797675648704171, "3141569_abstract": 0.679764567874372, "2977380_abstract": 0.6797614740207791, "3885687_abstract": 0.6797559792175889, "2860461_abstract": 0.6797546707093716, "3485969_abstract": 0.6797529784962535, "2975319_abstract": 0.6797490166500211, "4260715_abstract": 0.6797436205670238, "3026342_abstract": 0.6797400284558535, "3666867_abstract": 0.6797369951382279, "3670686_abstract": 0.6797244073823094, "3865547_abstract": 0.6797124014701694, "3593890_abstract": 0.6771638051917156,