{"3156232_abstract": 0.8948283530771732, "3840038_abstract": 0.8164604201447219, "3189968_abstract": 0.7774093151092529, "3564335_abstract": 0.7773922421038151, "4273477_abstract": 0.7539441892877221, "4019471_abstract": 0.7305925376713276, "2876137_abstract": 0.7071054819971323, "3885687_abstract": 0.6797559792175889, "3485969_abstract": 0.6797529784962535, "4176725_abstract": 0.6797436447814107, "3778820_abstract": 0.6524628922343254, "3101170_abstract": 0.6524092787876725, "4015492_abstract": 0.6524015846662223, "4015491_abstract": 0.6523999916389585, "3300796_abstract": 0.6213064175099134, "3821968_abstract": 0.6211804207414389, "3792328_abstract": 0.621133878827095, "2870991_abstract": 0.5939607210457325, "3785782_abstract": 0.5939406659454107, "3785781_abstract": 0.5939406659454107, "3922599_abstract": 0.5938946101814508, "3460021_abstract": 0.5938118752092123, "2860308_abstract": 0.5937948003411293, "2985264_abstract": 0.5937922820448875, "3115482_abstract": 0.5937863430008292, "4215494_abstract": 0.5626762099564075, "3473768_abstract": 0.562583071179688, "3540026_abstract": 0.5625336249358952, "3181234_abstract": 0.5314086135476828, "3505602_abstract": 0.5313426833599806, "2891630_abstract": 0.5313237737864256, "3834913_abstract": 0.5312986802309752, "4108378_abstract": 0.5312878880649805, "3862481_abstract": 0.5312819976825267, "4212231_abstract": 0.500171035528183, "3714983_abstract": 0.5001369696110487, "3199686_abstract": 0.5001312475651503, "2995320_abstract": 0.5001035984605551, "2826768_abstract": 0.5000970494002104, "3693160_abstract": 0.5000486052595079, "3272412_abstract": 0.5000372529029846, "3553453_abstract": 0.5000331792980433, "3988240_abstract": 0.5000303662382066, "3474648_abstract": 0.500016177771613}