{"4209465_abstract": 0.9453466191189364, "3156232_abstract": 0.8519237898290157, "2896450_abstract": 0.851616223808378, "3514218_abstract": 0.8516145371831954, "3222366_abstract": 0.836014935746789, "3835286_abstract": 0.8360124323517084, "3840038_abstract": 0.8164604201447219, "3795701_abstract": 0.796957035548985, "3401003_abstract": 0.7969332970678806, "3156374_abstract": 0.7773953475989401, "2894212_abstract": 0.7773952386341989, "3564335_abstract": 0.7773922421038151, "4286322_abstract": 0.7539965407922864, "4273477_abstract": 0.7539441892877221, "3299035_abstract": 0.7305568605661392, "4119215_abstract": 0.7305141864344478, "2998024_abstract": 0.7305050725117326, "3272409_abstract": 0.7070571014191955, "3287435_abstract": 0.7070556168910116, "3363778_abstract": 0.7070556168910116, "4070646_abstract": 0.6798061430454254, "3885687_abstract": 0.6797559792175889, "3485969_abstract": 0.6797529784962535, "3132734_abstract": 0.6797471111640334, "4234526_abstract": 0.6797339906916022, "3907181_abstract": 0.6797222066670656, "4245729_abstract": 0.6524389255791903, "4134177_abstract": 0.6524099912494421, "3101170_abstract": 0.6524092787876725, "4015492_abstract": 0.6524015846662223, "4015491_abstract": 0.6523999916389585, "3450622_abstract": 0.6523933345451951, "3048091_abstract": 0.6523756617680192, "3300796_abstract": 0.6213064175099134, "3391798_abstract": 0.6212046891450882, "3821968_abstract": 0.6211804207414389, "3792328_abstract": 0.621133878827095, "3865470_abstract": 0.6211338741704822, "3785781_abstract": 0.5939406659454107, "3785782_abstract": 0.5939406659454107, "3922599_abstract": 0.5938946101814508, "3202721_abstract": 0.5938373040407896, "3460021_abstract": 0.5938118752092123, "2860308_abstract": 0.5937948003411293, "2898938_abstract": 0.5937917861156166, "2990110_abstract": 0.5937874224036932, "3115482_abstract": 0.5937863430008292, "3176320_abstract": 0.5937863062135875, "4215494_abstract": 0.5626762099564075, "3192591_abstract": 0.5626063253730536, "3632891_abstract": 0.5625550663098693, "4036056_abstract": 0.562548104673624, "3540026_abstract": 0.5625336249358952, "2990115_abstract": 0.5625326363369823, "4122884_abstract": 0.5625264011323452, "3943598_abstract": 0.5625190334394574, "3834913_abstract": 0.5469113140134141, "4268984_abstract": 0.5314054135233164, "3646767_abstract": 0.5313582886010408, "3095789_abstract": 0.5313163851387799, "3543209_abstract": 0.5313076954334974, "4108378_abstract": 0.5312878880649805, "3491942_abstract": 0.5312862917780876, "3862481_abstract": 0.5312819976825267, "4212231_abstract": 0.500171035528183, "3792458_abstract": 0.5001184400171041, "2995320_abstract": 0.5001035984605551, "2826768_abstract": 0.5000970494002104, "4063355_abstract": 0.5000770390033722, "3693160_abstract": 0.5000486052595079, "3272412_abstract": 0.5000372529029846, "3378920_abstract": 0.5000345632433891, "3553453_abstract": 0.5000331792980433, "3988240_abstract": 0.5000303662382066, "3249178_abstract": 0.5000279587693512, "3474648_abstract": 0.500016177771613}