{"3563926_abstract": 0.9453926221467556, "4079395_abstract": 0.9336674488149584, "4059589_abstract": 0.9063440090976655, "3563925_abstract": 0.9063402451574802, "3171090_abstract": 0.9063263731077312, "3351875_abstract": 0.9063250315375626, "3312223_abstract": 0.8945701064076275, "3539901_abstract": 0.8790117064490914, "3925700_abstract": 0.8790030432865024, "4098362_abstract": 0.8672975115478039, "3632554_abstract": 0.8672547717578709, "3072587_abstract": 0.8360273810103536, "4039355_abstract": 0.8360124491155148, "2878358_abstract": 0.8360124104656279, "3792553_abstract": 0.8164740027859807, "2993322_abstract": 0.8164438642561436, "3834913_abstract": 0.7972021177411079, "4249802_abstract": 0.7969953920692205, "3848564_abstract": 0.7969553582370281, "3249296_abstract": 0.7969097411260009, "3332862_abstract": 0.7969055688008666, "3542888_abstract": 0.7774683386087418, "3533511_abstract": 0.7774554481729865, "2933016_abstract": 0.7774520507082343, "4062991_abstract": 0.7774187484756112, "3187480_abstract": 0.7773734233342111, "3771490_abstract": 0.7540109232068062, "3002013_abstract": 0.7539763152599335, "3441126_abstract": 0.7539696143940091, "2853515_abstract": 0.7305886149406433, "3299035_abstract": 0.7305568605661392, "3444355_abstract": 0.7305109240114689, "3881925_abstract": 0.7071625217795372, "4249803_abstract": 0.7071240544319153, "3546059_abstract": 0.707093020901084, "4279175_abstract": 0.7070699618197978, "2878367_abstract": 0.7070611319504678, "3287435_abstract": 0.7070556168910116, "3363778_abstract": 0.7070556168910116, "4070646_abstract": 0.6798061430454254, "3650407_abstract": 0.679797169752419, "3225749_abstract": 0.6797470282763243, "3816118_abstract": 0.6797384945675731, "3978679_abstract": 0.6524230604991317, "4029603_abstract": 0.6524105239659548, "3103551_abstract": 0.6523864502087235, "3048091_abstract": 0.6523756617680192, "2960211_abstract": 0.6211441718041897, "3100785_abstract": 0.6211426369845867, "4015488_abstract": 0.6211418998427689, "2974791_abstract": 0.6211329661309719, "2929936_abstract": 0.6211273819208145, "3202721_abstract": 0.5938373040407896, "4275790_abstract": 0.5938148908317089, "2995377_abstract": 0.593813207000494, "2889273_abstract": 0.5938036749139428, "2881160_abstract": 0.5937973372638226, "2990110_abstract": 0.5937874224036932, "3311969_abstract": 0.5937809417955577, "3760591_abstract": 0.5626253709197044, "3192591_abstract": 0.5626063253730536, "3254759_abstract": 0.5625855177640915, "3015167_abstract": 0.5625813631340861, "3243560_abstract": 0.562562488950789, "4036056_abstract": 0.562548104673624, "3800080_abstract": 0.5625392366200686, "4249152_abstract": 0.5625336756929755, "3943598_abstract": 0.5625190334394574, "3714720_abstract": 0.5313708148896694, "3915669_abstract": 0.5313457902520895, "3543209_abstract": 0.5313076954334974, "3162427_abstract": 0.5312972906976938, "3447043_abstract": 0.5312958578579128, "3960288_abstract": 0.5312920371070504, "3492435_abstract": 0.531291619874537, "3163081_abstract": 0.5312871411442757, "3069914_abstract": 0.5312738232314587, "4151298_abstract": 0.5000772811472416, "4063355_abstract": 0.5000770390033722, "3418200_abstract": 0.5000738445669413, "3985233_abstract": 0.5000565489754081, "2942382_abstract": 0.5000413730740547, "3072865_abstract": 0.500034702476114, "3378920_abstract": 0.5000345632433891, "4163352_abstract": 0.5000220651272684}