{"2876371_abstract": 0.9142285520210862, "3351875_abstract": 0.9063250315375626, "3156232_abstract": 0.8948283530771732, "3933266_abstract": 0.8789446395821869, "4098362_abstract": 0.8672975115478039, "3193084_abstract": 0.8672343869693577, "3324117_abstract": 0.8516553845256567, "4141327_abstract": 0.8516213321126997, "4249802_abstract": 0.8379873130470514, "3072587_abstract": 0.8360273810103536, "3025773_abstract": 0.8360191760584712, "4039355_abstract": 0.8360124491155148, "3640379_abstract": 0.8359944694675505, "3312223_abstract": 0.8359824289800599, "3321578_abstract": 0.8164658332243562, "3840038_abstract": 0.8164604201447219, "4249803_abstract": 0.8067335332743824, "4079395_abstract": 0.7982865307324877, "4082644_abstract": 0.796962320804596, "3848564_abstract": 0.7969553582370281, "3332862_abstract": 0.7969055688008666, "2933016_abstract": 0.7774520507082343, "3001102_abstract": 0.7774226916953921, "3189968_abstract": 0.7774093151092529, "2921776_abstract": 0.7773953122086823, "2947388_abstract": 0.7735111410729587, "3533511_abstract": 0.7656943695619702, "2993322_abstract": 0.7578523890115321, "3171090_abstract": 0.7559821160975844, "3272407_abstract": 0.7542177587747574, "4257888_abstract": 0.754045782610774, "3181835_abstract": 0.7540189744904637, "3771490_abstract": 0.7540109232068062, "4246040_abstract": 0.7539924988523126, "3441126_abstract": 0.7539696143940091, "2843030_abstract": 0.7539630578830838, "4273477_abstract": 0.7539441892877221, "4170080_abstract": 0.7422757898457348, "4209260_abstract": 0.7309051193296909, "2853515_abstract": 0.7305886149406433, "4012002_abstract": 0.7305866628885269, "4030100_abstract": 0.7305847490206361, "4035760_abstract": 0.7305757254362106, "2860447_abstract": 0.73056751023978, "3299035_abstract": 0.7305568605661392, "3745026_abstract": 0.7305528474971652, "3418633_abstract": 0.7305478407070041, "3656459_abstract": 0.7305292882956564, "3002013_abstract": 0.7305253290105611, "3444355_abstract": 0.7305109240114689, "2878358_abstract": 0.7285886190366, "3563926_abstract": 0.7227244961541146, "3925700_abstract": 0.7207607763120905, "4062991_abstract": 0.7149181789718568, "4059589_abstract": 0.7123527210205793, "3881925_abstract": 0.7071625217795372, "3067399_abstract": 0.7071392824873328, "3264011_abstract": 0.7071331962943077, "3428561_abstract": 0.7071173675358295, "4060308_abstract": 0.7071106918156147, "3957773_abstract": 0.7071097381412983, "2876137_abstract": 0.7071054819971323, "3546059_abstract": 0.707093020901084, "3249295_abstract": 0.7070877943187952, "2949728_abstract": 0.7070815525949001, "3696237_abstract": 0.7070779693312943, "4279175_abstract": 0.7070699618197978, "3363778_abstract": 0.7070556168910116, "3287435_abstract": 0.7070556168910116, "3663680_abstract": 0.7033629473298788, "2929936_abstract": 0.6992541989311576, "3563925_abstract": 0.6944302334450185, "3208558_abstract": 0.6934455335140228, "3792553_abstract": 0.6867781609296799, "3187480_abstract": 0.6855883018579334, "3069914_abstract": 0.6836337123531848, "4194521_abstract": 0.6798212435096502, "3889404_abstract": 0.6798143209889531, "4070646_abstract": 0.6798061430454254, "3650407_abstract": 0.679797169752419, "2881162_abstract": 0.6797802876681089, "3244152_abstract": 0.6797675127163529, "3141569_abstract": 0.679764567874372, "3885687_abstract": 0.6797559792175889, "2860461_abstract": 0.6797546707093716, "3485969_abstract": 0.6797529784962535, "3132734_abstract": 0.6797471111640334, "3225749_abstract": 0.6797470282763243, "3693085_abstract": 0.6797459358349442, "4176725_abstract": 0.6797436447814107, "3026342_abstract": 0.6797400284558535, "3816118_abstract": 0.6797384945675731, "2949994_abstract": 0.673872826853767, "3632554_abstract": 0.6732200775295496, "3821968_abstract": 0.6680345637723804, "3542888_abstract": 0.6543716499581933, "4082650_abstract": 0.6524799391627312, "4108315_abstract": 0.6524685490876436, "3778820_abstract": 0.6524628922343254, "4245729_abstract": 0.6524389255791903, "3978679_abstract": 0.6524230604991317, "3392565_abstract": 0.6524222157895565, "4029603_abstract": 0.6524105239659548, "3696236_abstract": 0.6523957657627761, "4053251_abstract": 0.6523957126773894, "3103551_abstract": 0.6523864502087235, "3048091_abstract": 0.6523756617680192, "3539901_abstract": 0.6516478819772601, "3834913_abstract": 0.6505537908524275, "3249296_abstract": 0.6406685657178363, "3300796_abstract": 0.6213064175099134, "4036471_abstract": 0.6213004379533231, "3767216_abstract": 0.6212283666245639, "3391798_abstract": 0.6212046891450882, "3263614_abstract": 0.6211879849433899, "3124861_abstract": 0.6211878545582294, "2863123_abstract": 0.6211837753653526, "3130565_abstract": 0.6211731815710664, "3243879_abstract": 0.6211563460528851, "3273163_abstract": 0.6211537015624344, "2960211_abstract": 0.6211441718041897, "4015488_abstract": 0.6211418998427689, "2974791_abstract": 0.6211329661309719, "3578779_abstract": 0.6211262294091284, "2823872_abstract": 0.6211236068047583, "3456398_abstract": 0.6192217790521681, "3816511_abstract": 0.6153142433613539, "2878367_abstract": 0.6002836010108391, "2870991_abstract": 0.5939607210457325, "3785781_abstract": 0.5939406659454107, "3785782_abstract": 0.5939406659454107, "3974721_abstract": 0.5939272493124008, "3115796_abstract": 0.5939221885055304, "3656743_abstract": 0.5939136352390051, "3922599_abstract": 0.5938946101814508, "3031507_abstract": 0.5938726756721735, "3403735_abstract": 0.593856050632894, "3202721_abstract": 0.5938373040407896, "4275790_abstract": 0.5938148908317089, "3182003_abstract": 0.5938136987388134, "2995377_abstract": 0.593813207000494, "3502560_abstract": 0.5938098561018705, "4205833_abstract": 0.5938036954030395, "2889273_abstract": 0.5938036749139428, "2881160_abstract": 0.5937973372638226, "2990110_abstract": 0.5937874224036932, "3115482_abstract": 0.5937863430008292, "3311969_abstract": 0.5937809417955577, "3943598_abstract": 0.5781538803130388, "3100785_abstract": 0.5762168585788459, "3312329_abstract": 0.562731584534049, "3045581_abstract": 0.5626875068992376, "4215494_abstract": 0.5626762099564075, "3216636_abstract": 0.5626487787812948, "2993400_abstract": 0.5626286808401346, "3760591_abstract": 0.5626253709197044, "3192591_abstract": 0.5626063253730536, "3756758_abstract": 0.5625988692045212, "3703477_abstract": 0.5625919736921787, "3714720_abstract": 0.5625876970589161, "3254759_abstract": 0.5625855177640915, "3015167_abstract": 0.5625813631340861, "2865945_abstract": 0.562571601010859, "3418636_abstract": 0.562562957406044, "3243560_abstract": 0.562562488950789, "4056894_abstract": 0.5625572623685002, "3647658_abstract": 0.562555736862123, "4036056_abstract": 0.562548104673624, "3293170_abstract": 0.562546119093895, "3800080_abstract": 0.5625392366200686, "3711997_abstract": 0.562537875957787, "3604928_abstract": 0.5625343846622854, "4249152_abstract": 0.5625336756929755, "2821698_abstract": 0.5625333653297275, "3647659_abstract": 0.5625281718093902, "2889074_abstract": 0.5606600292958319, "3978578_abstract": 0.5314531922340393, "4268984_abstract": 0.5314054135233164, "3285272_abstract": 0.5313890296965837, "2995860_abstract": 0.5313633140176535, "3139088_abstract": 0.5313633140176535, "3646767_abstract": 0.5313582886010408, "3438659_abstract": 0.5313535165041685, "3915669_abstract": 0.5313457902520895, "3505602_abstract": 0.5313426833599806, "2884168_abstract": 0.5313342157751322, "3281912_abstract": 0.5313287079334259, "3205679_abstract": 0.5313276220113039, "4278913_abstract": 0.531324939802289, "3892358_abstract": 0.5313234110362828, "3225940_abstract": 0.531317787244916, "3543209_abstract": 0.5313076954334974, "3155894_abstract": 0.5313045810908079, "4095089_abstract": 0.5313006713986397, "3434975_abstract": 0.5312999482266605, "4194081_abstract": 0.5312988916411996, "3162427_abstract": 0.5312972906976938, "3447043_abstract": 0.5312958578579128, "3900809_abstract": 0.5312947849743068, "4082584_abstract": 0.5312932208180428,