{"3834913_abstract": 0.7972021177411079, "3881925_abstract": 0.7071625217795372, "2980081_abstract": 0.6797548858448863, "3438100_abstract": 0.6524222576990724, "4074408_abstract": 0.62120421230793, "4015488_abstract": 0.6211418998427689, "3243560_abstract": 0.562562488950789}