{"4209465_abstract": 0.9453466191189364, "4079395_abstract": 0.9336674488149584, "3351875_abstract": 0.9063250315375626, "3156232_abstract": 0.8948283530771732, "3312223_abstract": 0.8945701064076275, "4223788_abstract": 0.8672146066091955, "3514218_abstract": 0.8516145371831954, "3025773_abstract": 0.8360191760584712, "3222366_abstract": 0.836014935746789, "3835286_abstract": 0.8360124323517084, "3831457_abstract": 0.7970220679417253, "3795701_abstract": 0.796957035548985, "3332862_abstract": 0.7969055688008666, "3563925_abstract": 0.7774576805531979, "3189968_abstract": 0.7774093151092529, "3156374_abstract": 0.7773953475989401, "2894212_abstract": 0.7773952386341989, "3187480_abstract": 0.7773734233342111, "3272407_abstract": 0.7542177587747574, "3181835_abstract": 0.7540189744904637, "4286322_abstract": 0.7539965407922864, "3533511_abstract": 0.753933290950954, "4209260_abstract": 0.7309051193296909, "4035760_abstract": 0.7305757254362106, "3299035_abstract": 0.7305568605661392, "3656459_abstract": 0.7305292882956564, "2998024_abstract": 0.7305050725117326, "3881925_abstract": 0.7071625217795372, "4039640_abstract": 0.707152720540762, "3428561_abstract": 0.7071173675358295, "3957773_abstract": 0.7071097381412983, "2949728_abstract": 0.7070815525949001, "3002013_abstract": 0.7070743427611887, "2993322_abstract": 0.7070595570839942, "3287435_abstract": 0.7070556168910116, "3363778_abstract": 0.7070556168910116, "3249296_abstract": 0.6953544388525188, "3069914_abstract": 0.6836337123531848, "4070646_abstract": 0.6798061430454254, "3650407_abstract": 0.679797169752419, "2980081_abstract": 0.6797548858448863, "4234526_abstract": 0.6797339906916022, "3082189_abstract": 0.6797306328080595, "3907181_abstract": 0.6797222066670656, "3834913_abstract": 0.6642503989860415, "3351393_abstract": 0.6524289716035128, "3789372_abstract": 0.6524285338819027, "3978679_abstract": 0.6524230604991317, "3438100_abstract": 0.6524222576990724, "4062991_abstract": 0.6524176094681025, "4134177_abstract": 0.6524099912494421, "4015492_abstract": 0.6524015846662223, "4015491_abstract": 0.6523999916389585, "4053251_abstract": 0.6523957126773894, "3450622_abstract": 0.6523933345451951, "3048091_abstract": 0.6523756617680192, "3539901_abstract": 0.6263860821103057, "3300796_abstract": 0.6213064175099134, "2889074_abstract": 0.6212147390469909, "3536671_abstract": 0.6211910843849182, "3821968_abstract": 0.6211804207414389, "3130565_abstract": 0.6211731815710664, "4015488_abstract": 0.6211418998427689, "3505319_abstract": 0.621140968054533, "3865470_abstract": 0.6211338741704822, "3617253_abstract": 0.6211175720673054, "4059589_abstract": 0.6153570769820362, "3171090_abstract": 0.5939723029732704, "3785782_abstract": 0.5939406659454107, "3785781_abstract": 0.5939406659454107, "3974721_abstract": 0.5939272493124008, "3922599_abstract": 0.5938946101814508, "3403735_abstract": 0.593856050632894, "3202721_abstract": 0.5938373040407896, "3182003_abstract": 0.5938136987388134, "3714720_abstract": 0.5938045792281628, "2881160_abstract": 0.5937973372638226, "4269473_abstract": 0.593790901824832, "3792553_abstract": 0.5937901511788368, "2990110_abstract": 0.5937874224036932, "3115482_abstract": 0.5937863430008292, "3176320_abstract": 0.5937863062135875, "3311969_abstract": 0.5937809417955577, "2878367_abstract": 0.5937681533396244, "4215494_abstract": 0.5626762099564075, "2993400_abstract": 0.5626286808401346, "4036471_abstract": 0.5626091090962291, "3192591_abstract": 0.5626063253730536, "2865945_abstract": 0.562571601010859, "3243560_abstract": 0.562562488950789, "4056894_abstract": 0.5625572623685002, "3647658_abstract": 0.562555736862123, "3632891_abstract": 0.5625550663098693, "4036056_abstract": 0.562548104673624, "3293170_abstract": 0.562546119093895, "3800080_abstract": 0.5625392366200686, "3711997_abstract": 0.562537875957787, "2990115_abstract": 0.5625326363369823, "3943598_abstract": 0.5625190334394574, "3925700_abstract": 0.5625185093376786, "4074408_abstract": 0.5606538578867912, "3915669_abstract": 0.5313457902520895, "3202754_abstract": 0.5313320402055979, "3281912_abstract": 0.5313287079334259, "4278913_abstract": 0.531324939802289, "2954906_abstract": 0.5313248876482248, "3095789_abstract": 0.5313163851387799, "3543209_abstract": 0.5313076954334974, "4095089_abstract": 0.5313006713986397, "4194081_abstract": 0.5312988916411996, "3564415_abstract": 0.531294846907258, "3486577_abstract": 0.5312930517829955, "3100785_abstract": 0.531291080173105, "4234898_abstract": 0.5312903146259487, "3482823_abstract": 0.5312894801609218, "4108378_abstract": 0.5312878880649805, "3498660_abstract": 0.5312857846729457, "2929998_abstract": 0.5312794181518257, "3542888_abstract": 0.5312749613076448, "3398670_abstract": 0.5312736756168306, "4212231_abstract": 0.500171035528183, "2995320_abstract": 0.5001035984605551, "3533757_abstract": 0.500098186545074, "4275775_abstract": 0.5000911299139261, "4151298_abstract": 0.5000772811472416, "4063355_abstract": 0.5000770390033722, "3563926_abstract": 0.5000563701614738, "2942382_abstract": 0.5000413730740547, "3272412_abstract": 0.5000372529029846, "3072865_abstract": 0.500034702476114, "3378920_abstract": 0.5000345632433891, "3988240_abstract": 0.5000303662382066, "4163352_abstract": 0.5000220651272684, "3632554_abstract": 0.5000181263312697}