{"3401003_abstract": 0.9512592671671882, "3323496_abstract": 0.9317300412803888, "3132839_abstract": 0.9258633172139524, "4019162_abstract": 0.9142640624195336, "3170546_abstract": 0.9141486817970872, "4001598_abstract": 0.9141272278502584, "4282997_abstract": 0.9063604269176722, "3222586_abstract": 0.906341353431344, "3351875_abstract": 0.9063250315375626, "3141652_abstract": 0.9026739671826364, "2896450_abstract": 0.9024092198815197, "3144281_abstract": 0.8946112939156592, "3424585_abstract": 0.8946066191419959, "2949996_abstract": 0.8945888550952077, "2843341_abstract": 0.8793617598712444, "4227388_abstract": 0.8790803998708725, "4212603_abstract": 0.8790624290704727, "4227439_abstract": 0.8790224147960544, "3056258_abstract": 0.8790063941851258, "3156232_abstract": 0.8733760714530945, "3034676_abstract": 0.8674644660204649, "3095512_abstract": 0.8673415137454867, "4227440_abstract": 0.8673059493303299, "3403709_abstract": 0.8672777470201254, "3777999_abstract": 0.8672736566513777, "3100781_abstract": 0.867263488471508, "3450526_abstract": 0.8672453756444156, "4104915_abstract": 0.8672328437678516, "3822228_abstract": 0.8517570719122887, "3730461_abstract": 0.8418961265124381, "3795244_abstract": 0.8361066076904535, "3187244_abstract": 0.8359692874364555, "3721977_abstract": 0.816548153758049, "4119216_abstract": 0.816487442702055, "3231779_abstract": 0.8164676809683442, "3840038_abstract": 0.8164604201447219, "3495327_abstract": 0.7969702208259454, "3064841_abstract": 0.7969631515443325, "3085434_abstract": 0.796930278185755, "3998425_abstract": 0.7969264094717801, "3960278_abstract": 0.793090442661196, "3834913_abstract": 0.7887850423809141, "3106438_abstract": 0.7872054232284427, "3395430_abstract": 0.7854780298657715, "3244152_abstract": 0.7793781999498606, "3819264_abstract": 0.7774496860802174, "4269540_abstract": 0.7774247592315078, "3189968_abstract": 0.7774093151092529, "2952243_abstract": 0.7774034207686782, "3564335_abstract": 0.7773922421038151, "3450525_abstract": 0.7773913540877402, "2929936_abstract": 0.7773810159415007, "3881925_abstract": 0.7754831854254007, "3845297_abstract": 0.7619206146337092, "3517508_abstract": 0.7549453601241112, "3312110_abstract": 0.7541184537112713, "3144051_abstract": 0.7539898650720716, "3150269_abstract": 0.7539658471941948, "4197611_abstract": 0.7539558778516948, "4056260_abstract": 0.7539558475837111, "3409694_abstract": 0.7539492081850767, "4273477_abstract": 0.7539441892877221, "2998270_abstract": 0.7539422465488315, "2859935_abstract": 0.7474577943794429, "2853840_abstract": 0.7305768085643649, "3950095_abstract": 0.7305463142693043, "2826542_abstract": 0.730544694699347, "3673969_abstract": 0.7305297590792179, "3701932_abstract": 0.7305277865380049, "2939728_abstract": 0.7305267201736569, "3135366_abstract": 0.7305243099108338, "3326977_abstract": 0.7305176188237965, "2837602_abstract": 0.7189826364628971, "2896449_abstract": 0.718790264101699, "2990089_abstract": 0.7168655244167894, "3272409_abstract": 0.7123047575975457, "3581258_abstract": 0.7111006254951159, "3236025_abstract": 0.7073084861040115, "3808734_abstract": 0.7071803584694862, "3563926_abstract": 0.7071751747280359, "3939943_abstract": 0.7071094904094934, "3279151_abstract": 0.7071063481271267, "2876137_abstract": 0.7071054819971323, "3461549_abstract": 0.7071035113185644, "3144054_abstract": 0.7070809258148074, "3603783_abstract": 0.7070756806060672, "3702261_abstract": 0.7070696181617677, "3900824_abstract": 0.7070651752874255, "3450412_abstract": 0.7070641224272549, "3715852_abstract": 0.7070637494325638, "3715853_abstract": 0.7070637494325638, "3715855_abstract": 0.7070637494325638, "4036471_abstract": 0.7051829365082085, "4036065_abstract": 0.7034953348338604, "3238811_abstract": 0.69927346566692, "3838847_abstract": 0.6955191945889965, "3020465_abstract": 0.6933898868737742, "3441442_abstract": 0.6894961976213381, "3434353_abstract": 0.6894868504023179, "3243560_abstract": 0.6885317669948563, "4124377_abstract": 0.6800228580832481, "3090793_abstract": 0.679843527264893, "3786153_abstract": 0.6798244994133711, "3444285_abstract": 0.6798081370070577, "2957332_abstract": 0.679775551892817, "3885687_abstract": 0.6797559792175889, "3485969_abstract": 0.6797529784962535, "3050939_abstract": 0.6797512108460069, "3685907_abstract": 0.6797479540109634, "3693085_abstract": 0.6797459358349442, "3517201_abstract": 0.6797449821606278, "4176725_abstract": 0.6797436447814107, "3144052_abstract": 0.6797408191487193, "3168189_abstract": 0.6797380680218339, "3269692_abstract": 0.6797372093424201, "4134412_abstract": 0.6797348181717098, "3165860_abstract": 0.6797333089634776, "2821461_abstract": 0.6797289969399571, "2942495_abstract": 0.6797276884317398, "3981501_abstract": 0.6772221843712032, "3738667_abstract": 0.662238874938339, "3563925_abstract": 0.6544055081903934, "3235896_abstract": 0.6525128781795502, "3087940_abstract": 0.6525115985423326, "3305972_abstract": 0.6524767074733973, "3778820_abstract": 0.6524628922343254, "3926074_abstract": 0.6524449735879898, "3653688_abstract": 0.6524388454854488, "3369712_abstract": 0.6524307820945978, "4033077_abstract": 0.6524288989603519, "3978679_abstract": 0.6524230604991317, "3101170_abstract": 0.6524092787876725, "2870990_abstract": 0.6524073658511043, "4015492_abstract": 0.6524015846662223, "4015491_abstract": 0.6523999916389585, "3189883_abstract": 0.6523976200260222, "2959964_abstract": 0.6523962961509824, "3363665_abstract": 0.6523941103368998, "2905064_abstract": 0.6523925755172968, "2949997_abstract": 0.6523859594017267, "3450713_abstract": 0.652377228718251, "3620504_abstract": 0.6523627280257642, "3495516_abstract": 0.6523607145063579, "4206531_abstract": 0.6504481402225792, "2891630_abstract": 0.6367590946611017, "3287186_abstract": 0.6357860744465142, "3792219_abstract": 0.6308941547758877, "3300796_abstract": 0.6213064175099134, "3670457_abstract": 0.6212509628385305, "4245884_abstract": 0.6212217789143324, "3081775_abstract": 0.6211937069892883, "3275842_abstract": 0.6211878098547459, "3821968_abstract": 0.6211804207414389, "3787010_abstract": 0.6211507357656956, "3778496_abstract": 0.6211507357656956, "3750872_abstract": 0.6211496507748961, "3666909_abstract": 0.6211466155946255, "3467381_abstract": 0.6211440390907228, "4015488_abstract": 0.6211418998427689, "3753839_abstract": 0.6211399044841528, "3792328_abstract": 0.621133878827095, "4154967_abstract": 0.6211319868452847, "3346046_abstract": 0.6211223253048956, "3020693_abstract": 0.6074630385264754, "2870991_abstract": 0.5939607210457325, "3785782_abstract": 0.5939406659454107, "3785781_abstract": 0.5939406659454107, "3156111_abstract": 0.5938750309869647, "4289501_abstract": 0.5938671063631773, "3981746_abstract": 0.5938546038232744, "3633065_abstract": 0.5938385669142008, "4059591_abstract": 0.5938358400017023, "3705462_abstract": 0.5938358334824443, "3139088_abstract": 0.5938315419480205, "2995860_abstract": 0.5938315419480205, "3816761_abstract": 0.5938214929774404, "4039835_abstract": 0.5938123520463705, "3460021_abstract": 0.5938118752092123, "3553440_abstract": 0.5938036572188139, "3103886_abstract": 0.5938021913170815, "2907563_abstract": 0.5937999617308378, "2860308_abstract": 0.5937948003411293, "2985264_abstract": 0.5937922820448875, "2889078_abstract": 0.593791386578232, "2865799_abstract": 0.593789772130549, "3693343_abstract": 0.5937882224097848, "3715854_abstract": 0.593776288907975, "3456398_abstract": 0.5918528067413718, "3875165_abstract": 0.5899293031543493, "3608299_abstract": 0.5898982151411474, "3372302_abstract": 0.5764548731967807, "3792458_abstract": 0.5762725668027997, "3130389_abstract": 0.5762101556174457, "4212232_abstract": 0.5716526498241971, "4215494_abstract": 0.5626762099564075, "3173140_abstract": 0.5626696981489658, "4276854_abstract": 0.5626299567520618, "3384975_abstract": 0.5626058140769601, "3871755_abstract": 0.5626000445336103, "3771688_abstract": 0.5625848108902574,