{"3272407_abstract": 0.91415991820395, "3351875_abstract": 0.9063250315375626, "3403709_abstract": 0.8360737469047308, "3150269_abstract": 0.7969579929485917, "4176725_abstract": 0.7969494573771954, "2821118_abstract": 0.7305688541382551, "3299035_abstract": 0.7305568605661392, "3028620_abstract": 0.7071968726813793, "3795256_abstract": 0.7071073893457651, "3363778_abstract": 0.7070556168910116, "3287435_abstract": 0.7070556168910116, "4070646_abstract": 0.6798061430454254, "3404079_abstract": 0.679738306440413, "3978679_abstract": 0.6524230604991317, "3048091_abstract": 0.6523756617680192, "4279175_abstract": 0.6523651420138776, "3954751_abstract": 0.6211520326323807, "3885049_abstract": 0.621148744598031, "2870991_abstract": 0.5939607210457325, "3616587_abstract": 0.5938949212431908, "3808432_abstract": 0.5938460137695074, "3202721_abstract": 0.5938373040407896, "2990110_abstract": 0.5937874224036932, "3192591_abstract": 0.5626063253730536, "3384975_abstract": 0.5626058140769601, "3869018_abstract": 0.5625849217176437, "3797851_abstract": 0.5625514425337315, "4036056_abstract": 0.562548104673624, "3539901_abstract": 0.5625472823157907, "3943598_abstract": 0.5625190334394574, "4218517_abstract": 0.5313523039221764, "4082416_abstract": 0.5313523039221764, "3915669_abstract": 0.5313457902520895, "3505602_abstract": 0.5313426833599806, "3002051_abstract": 0.5313301142305136, "3190349_abstract": 0.531310111284256, "3543209_abstract": 0.5313076954334974, "3831465_abstract": 0.5313031375408173, "3165294_abstract": 0.531291151419282, "4245747_abstract": 0.5312759452499449, "4282817_abstract": 0.5312718152999878, "3171090_abstract": 0.5000851489603519, "4063355_abstract": 0.5000770390033722, "3378920_abstract": 0.5000345632433891}