{"3845297_abstract": 0.9612821098417044, "3401003_abstract": 0.9570850015152246, "3495327_abstract": 0.9336667391471564, "3132839_abstract": 0.9258633172139524, "2896450_abstract": 0.9258400523103774, "4019162_abstract": 0.9142640624195336, "3170546_abstract": 0.9141486817970872, "3834913_abstract": 0.9141465732827784, "4282997_abstract": 0.9063604269176722, "3222586_abstract": 0.906341353431344, "2859935_abstract": 0.9063311577774584, "3730461_abstract": 0.9063282497227192, "3323496_abstract": 0.9063250129111112, "3141652_abstract": 0.9026739671826364, "3144281_abstract": 0.8946112939156592, "2949996_abstract": 0.8945888550952077, "3056258_abstract": 0.8790063941851258, "3881925_abstract": 0.8789906678721309, "3960278_abstract": 0.8789759585633874, "3034676_abstract": 0.8674644660204649, "3395430_abstract": 0.8673006715252995, "3106438_abstract": 0.867292296141386, "3403709_abstract": 0.8672777470201254, "3777999_abstract": 0.8672736566513777, "4104915_abstract": 0.8672328437678516, "3822228_abstract": 0.8517570719122887, "3795244_abstract": 0.8361066076904535, "3287186_abstract": 0.8359757410362363, "3187244_abstract": 0.8359692874364555, "3721977_abstract": 0.816548153758049, "2837602_abstract": 0.8164726560935378, "3581258_abstract": 0.8164600282907486, "3085434_abstract": 0.796930278185755, "3563925_abstract": 0.7775089889764786, "3838847_abstract": 0.7774858791381121, "3819264_abstract": 0.7774496860802174, "2952243_abstract": 0.7774034207686782, "3238811_abstract": 0.7773968856781721, "3981501_abstract": 0.7773898174054921, "3517508_abstract": 0.7549453601241112, "2990089_abstract": 0.7540156915783882, "3144051_abstract": 0.7539898650720716, "3150269_abstract": 0.7539658471941948, "4197611_abstract": 0.7539558778516948, "4056260_abstract": 0.7539558475837111, "3409694_abstract": 0.7539492081850767, "2998270_abstract": 0.7539422465488315, "3243560_abstract": 0.7539413678459823, "3950095_abstract": 0.7305463142693043, "3673969_abstract": 0.7305297590792179, "3738667_abstract": 0.7305293632671237, "3701932_abstract": 0.7305277865380049, "2939728_abstract": 0.7305267201736569, "3135366_abstract": 0.7305243099108338, "3792219_abstract": 0.7305005127564073, "2896449_abstract": 0.7304945490323007, "3236025_abstract": 0.7073084861040115, "3563926_abstract": 0.7071751747280359, "3939943_abstract": 0.7071094904094934, "3279151_abstract": 0.7071063481271267, "3144054_abstract": 0.7070809258148074, "3603783_abstract": 0.7070756806060672, "3702261_abstract": 0.7070696181617677, "3900824_abstract": 0.7070651752874255, "3450412_abstract": 0.7070641224272549, "3715852_abstract": 0.7070637494325638, "3715853_abstract": 0.7070637494325638, "3715855_abstract": 0.7070637494325638, "4036065_abstract": 0.7034953348338604, "4124377_abstract": 0.6800228580832481, "3090793_abstract": 0.679843527264893, "2957332_abstract": 0.679775551892817, "3885687_abstract": 0.6797559792175889, "3050939_abstract": 0.6797512108460069, "3685907_abstract": 0.6797479540109634, "4206531_abstract": 0.6797452894970775, "3517201_abstract": 0.6797449821606278, "4176725_abstract": 0.6797436447814107, "3144052_abstract": 0.6797408191487193, "3168189_abstract": 0.6797380680218339, "3269692_abstract": 0.6797372093424201, "3608299_abstract": 0.6797369867563248, "2891630_abstract": 0.679727993439883, "3020465_abstract": 0.6797164082527161, "3087940_abstract": 0.6525115985423326, "3305972_abstract": 0.6524767074733973, "3926074_abstract": 0.6524449735879898, "3369712_abstract": 0.6524307820945978, "4033077_abstract": 0.6524288989603519, "2870990_abstract": 0.6524073658511043, "4015492_abstract": 0.6524015846662223, "4015491_abstract": 0.6523999916389585, "3189883_abstract": 0.6523976200260222, "2959964_abstract": 0.6523962961509824, "3450713_abstract": 0.652377228718251, "3620504_abstract": 0.6523627280257642, "3495516_abstract": 0.6523607145063579, "3372302_abstract": 0.6215650103986263, "3670457_abstract": 0.6212509628385305, "4245884_abstract": 0.6212217789143324, "3081775_abstract": 0.6211937069892883, "3275842_abstract": 0.6211878098547459, "3778496_abstract": 0.6211507357656956, "3787010_abstract": 0.6211507357656956, "3750872_abstract": 0.6211496507748961, "3666909_abstract": 0.6211466155946255, "3467381_abstract": 0.6211440390907228, "4015488_abstract": 0.6211418998427689, "3753839_abstract": 0.6211399044841528, "3130389_abstract": 0.6211390262469649, "4154967_abstract": 0.6211319868452847, "2870991_abstract": 0.5939607210457325, "3156111_abstract": 0.5938750309869647, "4289501_abstract": 0.5938671063631773, "3981746_abstract": 0.5938546038232744, "3633065_abstract": 0.5938385669142008, "4059591_abstract": 0.5938358400017023, "3816761_abstract": 0.5938214929774404, "3115482_abstract": 0.5938043501228094, "3553440_abstract": 0.5938036572188139, "3103886_abstract": 0.5938021913170815, "2907563_abstract": 0.5937999617308378, "2985264_abstract": 0.5937922820448875, "2889078_abstract": 0.593791386578232, "2865799_abstract": 0.593789772130549, "3693343_abstract": 0.5937882224097848, "3715854_abstract": 0.593776288907975, "4212232_abstract": 0.5937732837628573, "3173140_abstract": 0.5626696981489658, "3384975_abstract": 0.5626058140769601, "3871755_abstract": 0.5626000445336103, "3888775_abstract": 0.5625660950317979, "3569301_abstract": 0.5625606598332524, "4173695_abstract": 0.5625560134649277, "3950602_abstract": 0.5625496059656143, "3978102_abstract": 0.5625431388616562, "4201908_abstract": 0.5625427355989814, "3441442_abstract": 0.5625411001965404, "3020693_abstract": 0.5625320114195347, "3434353_abstract": 0.5625312710180879, "3329984_abstract": 0.5625292100012302, "3819019_abstract": 0.5316449049860239, "2857088_abstract": 0.5314498785883188, "3674524_abstract": 0.53136838786304, "4056249_abstract": 0.5313506554812193, "3505602_abstract": 0.5313426833599806, "3002051_abstract": 0.5313301142305136, "2955161_abstract": 0.5313268732279539, "4036471_abstract": 0.5313150230795145, "3311906_abstract": 0.5312981004826725, "3437717_abstract": 0.531293987762183, "3238810_abstract": 0.5312903448939323, "3491942_abstract": 0.5312862917780876, "4249152_abstract": 0.5312835653312504, "2918352_abstract": 0.5312818619422615, "3815673_abstract": 0.5312668283004314, "4104916_abstract": 0.5002101976424456, "3064266_abstract": 0.5001394134014845, "3162427_abstract": 0.5001206696033478, "3196340_abstract": 0.5000746194273233, "3821966_abstract": 0.5000651935115457, "3092931_abstract": 0.5000589331611991, "3875165_abstract": 0.5000572642311454, "2889088_abstract": 0.5000506220385432, "3978674_abstract": 0.5000486839562654, "3906993_abstract": 0.5000448301434517, "3797866_abstract": 0.5000413283705711, "3441368_abstract": 0.5000365460291505, "3466902_abstract": 0.5000356957316399, "3553453_abstract": 0.5000331792980433, "3437718_abstract": 0.5000280267558992, "4098689_abstract": 0.5000276300124824, "3984632_abstract": 0.500026015099138, "3815671_abstract": 0.50001957337372}