{"4159308_abstract": 0.9414813201874496, "2876371_abstract": 0.9142285520210862, "4001598_abstract": 0.9141272278502584, "3351875_abstract": 0.9063250315375626, "2871476_abstract": 0.9063126691617072, "3006060_abstract": 0.8946533221751451, "4275782_abstract": 0.8789996784180403, "4108737_abstract": 0.87899504089728, "3933266_abstract": 0.8789446395821869, "4224094_abstract": 0.8672535493969917, "3193084_abstract": 0.8672343869693577, "3156232_abstract": 0.8519237898290157, "3246290_abstract": 0.8516629710793495, "3324117_abstract": 0.8516553845256567, "3785787_abstract": 0.8516540732234716, "3928856_abstract": 0.851652872748673, "4170080_abstract": 0.8516339587513357, "4141327_abstract": 0.8516213321126997, "3287186_abstract": 0.8515958772040904, "3272407_abstract": 0.8491294477134943, "3403709_abstract": 0.8360737469047308, "3238811_abstract": 0.8360140500590205, "4215485_abstract": 0.8360021207481623, "3640379_abstract": 0.8359944694675505, "3885027_abstract": 0.8359794798307121, "2826541_abstract": 0.8282720893621445, "4008424_abstract": 0.8165038051083684, "4119216_abstract": 0.816487442702055, "2871477_abstract": 0.8164765685796738, "3321578_abstract": 0.8164658332243562, "3840038_abstract": 0.8164604201447219, "3981501_abstract": 0.7969880811870098, "3821968_abstract": 0.7969671617029235, "4082651_abstract": 0.7969662332907319, "3064841_abstract": 0.7969631515443325, "3338875_abstract": 0.7969505898654461, "3750616_abstract": 0.7969462275505066, "3437714_abstract": 0.7969398694112897, "4245399_abstract": 0.7969320835545659, "2823872_abstract": 0.7969170305877924, "2862618_abstract": 0.7969166832044721, "3150269_abstract": 0.7872396395541728, "4159300_abstract": 0.7774655669927597, "3001102_abstract": 0.7774226916953921, "3971157_abstract": 0.7774212909862399, "3597592_abstract": 0.7774139801040292, "2921776_abstract": 0.7773953122086823, "3312223_abstract": 0.7773947515524924, "3564335_abstract": 0.7773922421038151, "2929936_abstract": 0.7773810159415007, "4094829_abstract": 0.7773734265938401, "3208558_abstract": 0.7735177257563919, "2947388_abstract": 0.7735111410729587, "3663680_abstract": 0.7541431486606598, "4257888_abstract": 0.754045782610774, "4246040_abstract": 0.7539924988523126, "3960278_abstract": 0.753978094086051, "2926896_abstract": 0.7539712395519018, "2843030_abstract": 0.7539630578830838, "4273477_abstract": 0.7539441892877221, "3978098_abstract": 0.7539406248833984, "4176725_abstract": 0.738346551079303, "3594304_abstract": 0.73061796836555, "4019471_abstract": 0.7305925376713276, "2853515_abstract": 0.7305886149406433, "4030100_abstract": 0.7305847490206361, "3881925_abstract": 0.7305783149786294, "2860447_abstract": 0.73056751023978, "3299035_abstract": 0.7305568605661392, "3745026_abstract": 0.7305528474971652, "3418633_abstract": 0.7305478407070041, "3181517_abstract": 0.7305316925048828, "3701932_abstract": 0.7305277865380049, "3272408_abstract": 0.7305262614972889, "3792553_abstract": 0.7305232537910342, "2993322_abstract": 0.7305021886713803, "4079395_abstract": 0.7188647957518697, "3028620_abstract": 0.7071968726813793, "3264011_abstract": 0.7071331962943077, "3428561_abstract": 0.7071173675358295, "3593890_abstract": 0.7071094801649451, "3795256_abstract": 0.7071073893457651, "3546059_abstract": 0.707093020901084, "3249295_abstract": 0.7070877943187952, "4219001_abstract": 0.707059366395697, "3363778_abstract": 0.7070556168910116, "3287435_abstract": 0.7070556168910116, "2821118_abstract": 0.7051802864298224, "4082650_abstract": 0.7032393370755017, "3900809_abstract": 0.6992865144275129, "4070646_abstract": 0.6798061430454254, "2881162_abstract": 0.6797802876681089, "2860461_abstract": 0.6797546707093716, "3485969_abstract": 0.6797529784962535, "3693085_abstract": 0.6797459358349442, "4260715_abstract": 0.6797436205670238, "3026342_abstract": 0.6797400284558535, "3816118_abstract": 0.6797384945675731, "3404079_abstract": 0.679738306440413, "3124626_abstract": 0.679732846096158, "2942495_abstract": 0.6797276884317398, "2949994_abstract": 0.673872826853767, "3834913_abstract": 0.6694357997427384, "3563925_abstract": 0.6543798539787531, "3926074_abstract": 0.6524449735879898, "3978679_abstract": 0.6524230604991317, "3392565_abstract": 0.6524222157895565, "4062991_abstract": 0.6524176094681025, "3101170_abstract": 0.6524092787876725, "3045844_abstract": 0.6524074645712972, "4194409_abstract": 0.6524033723399043, "4015492_abstract": 0.6524015846662223, "4015491_abstract": 0.6523999916389585, "2949997_abstract": 0.6523859594017267, "3048091_abstract": 0.6523756617680192, "4279175_abstract": 0.6523651420138776, "2891630_abstract": 0.6406838900099198, "3300796_abstract": 0.6213064175099134, "3767216_abstract": 0.6212305780500174, "3124861_abstract": 0.6211878545582294, "3273163_abstract": 0.6211537015624344, "3954751_abstract": 0.6211520326323807, "3885049_abstract": 0.621148744598031, "2960211_abstract": 0.6211441718041897, "4015488_abstract": 0.6211418998427689, "4215483_abstract": 0.6211381801404059, "3792328_abstract": 0.621133878827095, "3578779_abstract": 0.6211262294091284, "3816511_abstract": 0.6153142433613539, "3171090_abstract": 0.6035996545106173, "2870991_abstract": 0.5939607210457325, "3785782_abstract": 0.5939406659454107, "3785781_abstract": 0.5939406659454107, "3616587_abstract": 0.5938949212431908, "3922599_abstract": 0.5938946101814508, "3098197_abstract": 0.5938817206770182, "3031507_abstract": 0.5938726756721735, "3403735_abstract": 0.593856050632894, "3808432_abstract": 0.5938460137695074, "3202721_abstract": 0.5938373040407896, "3460021_abstract": 0.5938118752092123, "3502560_abstract": 0.5938098561018705, "4205833_abstract": 0.5938036954030395, "2889273_abstract": 0.5938036749139428, "3249296_abstract": 0.5937991365790367, "3115482_abstract": 0.5937953465618193, "2860308_abstract": 0.5937948003411293, "2985264_abstract": 0.5937922820448875, "2990110_abstract": 0.5937874224036932, "2944369_abstract": 0.5918737184256315, "3943598_abstract": 0.5781538803130388, "3312329_abstract": 0.562731584534049, "3045581_abstract": 0.5626875068992376, "4215494_abstract": 0.5626762099564075, "3216636_abstract": 0.5626487787812948, "3760591_abstract": 0.5626253709197044, "4036471_abstract": 0.5626091090962291, "3192591_abstract": 0.5626063253730536, "3384975_abstract": 0.5626058140769601, "3703477_abstract": 0.5625919736921787, "3869018_abstract": 0.5625849217176437, "3418636_abstract": 0.562562957406044, "3243560_abstract": 0.562562488950789, "3015778_abstract": 0.5625608386471868, "3797851_abstract": 0.5625514425337315, "4036056_abstract": 0.562548104673624, "4201908_abstract": 0.5625427355989814, "3441442_abstract": 0.5625411001965404, "3604928_abstract": 0.5625343846622854, "4249152_abstract": 0.5625336756929755, "3540026_abstract": 0.5625336249358952, "2821698_abstract": 0.5625333653297275, "3020693_abstract": 0.5625320114195347, "3647659_abstract": 0.5625281718093902, "3285272_abstract": 0.5313890296965837, "2995860_abstract": 0.5313633140176535, "3139088_abstract": 0.5313633140176535, "3438659_abstract": 0.5313535165041685, "4218517_abstract": 0.5313523039221764, "4082416_abstract": 0.5313523039221764, "3915669_abstract": 0.5313457902520895, "3505602_abstract": 0.5313426833599806, "2884168_abstract": 0.5313342157751322, "3539901_abstract": 0.5313302129507065, "3002051_abstract": 0.5313301142305136, "3892358_abstract": 0.5313234110362828, "4183751_abstract": 0.5313224252313375, "3059011_abstract": 0.5313111538998783, "3190349_abstract": 0.531310111284256, "2870990_abstract": 0.531308913603425, "3543209_abstract": 0.5313076954334974, "3130389_abstract": 0.5313069652765989, "3155894_abstract": 0.5313045810908079, "3831465_abstract": 0.5313031375408173, "3456398_abstract": 0.5313028255477548, "3434975_abstract": 0.5312999482266605, "3690066_abstract": 0.531296543776989, "2963361_abstract": 0.5312952077947557, "4183485_abstract": 0.5312948152422905, "3486577_abstract": 0.5312930517829955,