{"4019471_abstract": 0.968960277736187, "3821968_abstract": 0.9610033654607832, "4227440_abstract": 0.95707374275662, "4227439_abstract": 0.95707374275662, "3786153_abstract": 0.9464453235268592, "4209465_abstract": 0.9453466191189364, "3517201_abstract": 0.9414943046867849, "4159308_abstract": 0.9414813201874496, "3594381_abstract": 0.9414759143255652, "3816623_abstract": 0.9258828898891808, "4170080_abstract": 0.9258480337448418, "3875643_abstract": 0.9220423325896264, "4166247_abstract": 0.914200212340802, "3163983_abstract": 0.914135546889156, "3441370_abstract": 0.9141203002072872, "3351875_abstract": 0.9063250315375626, "2871476_abstract": 0.9063126691617072, "3834913_abstract": 0.9063125355169176, "3006060_abstract": 0.8946533221751451, "3517508_abstract": 0.8946341639384627, "3141529_abstract": 0.8946150643751025, "3456398_abstract": 0.8946121213957667, "3424585_abstract": 0.8946066191419959, "3967663_abstract": 0.894602591637522, "4286331_abstract": 0.894590575248003, "2962997_abstract": 0.8945888550952077, "3858951_abstract": 0.8945820210501552, "3815740_abstract": 0.8791566491127014, "4227388_abstract": 0.8790803998708725, "2914070_abstract": 0.8790700323879719, "3404015_abstract": 0.8790623201057315, "3826434_abstract": 0.879049725830555, "4202299_abstract": 0.8790055364370346, "4275782_abstract": 0.8789996784180403, "4108737_abstract": 0.87899504089728, "4212603_abstract": 0.8789731515571475, "3144592_abstract": 0.8789707012474537, "3095760_abstract": 0.8675855919718742, "3831997_abstract": 0.8673109132796526, "3974721_abstract": 0.8672809861600399, "3926250_abstract": 0.8672716342844069, "3962242_abstract": 0.8672622665762901, "3208558_abstract": 0.8672622288577259, "4224094_abstract": 0.8672535493969917, "3450526_abstract": 0.8672453756444156, "3156375_abstract": 0.8672369499690831, "2883843_abstract": 0.8672343706712127, "3611752_abstract": 0.8522728830575943, "3785787_abstract": 0.8516540732234716, "3928856_abstract": 0.851652872748673, "3385231_abstract": 0.851645958609879, "4108329_abstract": 0.8516207374632359, "3514218_abstract": 0.8516145371831954, "4141327_abstract": 0.8516135336831212, "3673983_abstract": 0.8360466118901968, "3222366_abstract": 0.836014935746789, "3835286_abstract": 0.8360124323517084, "2881369_abstract": 0.8360058008693159, "4215485_abstract": 0.8360021207481623, "2851454_abstract": 0.8359878598712385, "4202297_abstract": 0.8359863394871354, "3885027_abstract": 0.8359794798307121, "2835356_abstract": 0.8359701684676111, "4183367_abstract": 0.8165434878319502, "3553452_abstract": 0.8165328735485673, "4008424_abstract": 0.8165038051083684, "3281714_abstract": 0.8164819628000259, "2933030_abstract": 0.81647814437747, "2871477_abstract": 0.8164765685796738, "3135374_abstract": 0.8164695492014289, "2823872_abstract": 0.8164471946656704, "3843122_abstract": 0.7970403879880905, "3715728_abstract": 0.7969921343028545, "4082651_abstract": 0.7969662332907319, "3441369_abstract": 0.7969610979780555, "3401006_abstract": 0.796959244646132, "3795701_abstract": 0.796957035548985, "3922911_abstract": 0.7969567831605673, "3907196_abstract": 0.7969561582431197, "3338875_abstract": 0.7969505898654461, "4176725_abstract": 0.7969494573771954, "3750616_abstract": 0.7969462275505066, "3437714_abstract": 0.7969398694112897, "4245399_abstract": 0.7969320835545659, "2891630_abstract": 0.7969290846958756, "4282995_abstract": 0.7969264946877956, "3150642_abstract": 0.7969255209900439, "2862618_abstract": 0.7969166832044721, "3395966_abstract": 0.796913381665945, "3556873_abstract": 0.7969034858979285, "3831457_abstract": 0.7775346525013447, "4092320_abstract": 0.77748042345047, "3761341_abstract": 0.777476891875267, "4159300_abstract": 0.7774655669927597, "4036471_abstract": 0.7774566523730755, "4286756_abstract": 0.7774519482627511, "2929933_abstract": 0.7774450769647956, "3971157_abstract": 0.7774212909862399, "3357337_abstract": 0.7774188229814172, "3597592_abstract": 0.7774139801040292, "2929932_abstract": 0.7774030128493905, "4019105_abstract": 0.777400647290051, "3900809_abstract": 0.7773995082825422, "3156374_abstract": 0.7773953475989401, "2894212_abstract": 0.7773952386341989, "3450525_abstract": 0.7773913540877402, "3627604_abstract": 0.7773850737139583, "4094829_abstract": 0.7773734265938401, "3656743_abstract": 0.7540569305419922, "3569595_abstract": 0.7540551987476647, "3299035_abstract": 0.7540011629462242, "4082650_abstract": 0.7539987349882722, "4286322_abstract": 0.7539965407922864, "2926896_abstract": 0.7539712395519018, "3636998_abstract": 0.7539580715820193, "4216672_abstract": 0.7539538112469018, "3978098_abstract": 0.7539406248833984, "3363931_abstract": 0.7539389287121594, "2875865_abstract": 0.753928224556148, "3181526_abstract": 0.7310882769525051, "3766982_abstract": 0.7307375557720661, "3287203_abstract": 0.7307035606354475, "4060266_abstract": 0.730699984356761, "3424586_abstract": 0.7306949980556965, "4174157_abstract": 0.7306672930717468, "2853515_abstract": 0.7305886149406433, "3715727_abstract": 0.7305850107222795, "4249803_abstract": 0.7305815704166889, "3238811_abstract": 0.730566430836916, "3758044_abstract": 0.7305653085932136, "3647280_abstract": 0.7305642254650593, "2859935_abstract": 0.7305591767653823, "3575264_abstract": 0.730537936091423, "3650574_abstract": 0.7305343700572848, "3181517_abstract": 0.7305316925048828, "3272408_abstract": 0.7305262614972889, "3889404_abstract": 0.7305212616920471, "2998024_abstract": 0.7305050725117326, "3925445_abstract": 0.7305045952089131, "3323496_abstract": 0.7072545206174254, "3893253_abstract": 0.7071849498897791, "3372302_abstract": 0.7071789558976889, "2870989_abstract": 0.7071584379300475, "3712513_abstract": 0.7071399092674255, "3255961_abstract": 0.7071318197995424, "3057120_abstract": 0.7071295753121376, "4006432_abstract": 0.7071253350004554, "3536671_abstract": 0.7071124706417322, "3593890_abstract": 0.7071094801649451, "3745048_abstract": 0.7071091160178185, "3943598_abstract": 0.7071012649685144, "3904279_abstract": 0.7070999862626195, "3546059_abstract": 0.707093020901084, "3438533_abstract": 0.7070916537195444, "4049650_abstract": 0.707090474665165, "4043606_abstract": 0.7070899605751038, "4219007_abstract": 0.7070887126028538, "3696237_abstract": 0.7070779693312943, "3061527_abstract": 0.7070611221715808, "4219001_abstract": 0.707059366395697, "3363778_abstract": 0.7070556168910116, "3287435_abstract": 0.7070556168910116, "3782959_abstract": 0.7034588269889355, "4140557_abstract": 0.6801530569791794, "3000484_abstract": 0.6799145583063364, "3324117_abstract": 0.6798711679875851, "3450871_abstract": 0.6798641532659531, "4231328_abstract": 0.6798355486243963, "4036197_abstract": 0.6798154562711716, "4070646_abstract": 0.6798061430454254, "3617637_abstract": 0.6797928176820278, "4050275_abstract": 0.6797728459350765, "2957619_abstract": 0.6797714680433273, "3116289_abstract": 0.6797675648704171, "3264011_abstract": 0.6797583634033799, "3385004_abstract": 0.6797559903934598, "3189904_abstract": 0.679753684438765, "4275785_abstract": 0.679748916067183, "3249296_abstract": 0.6797486515715718, "4260715_abstract": 0.6797436205670238, "3816118_abstract": 0.6797384945675731, "3404079_abstract": 0.679738306440413, "4098349_abstract": 0.6797360330820084, "4134412_abstract": 0.6797348181717098, "4234526_abstract": 0.6797339906916022, "4108328_abstract": 0.679733538068831, "2949630_abstract": 0.6797323375940323, "2821461_abstract": 0.6797289969399571, "4059897_abstract": 0.6797270625829697, "3907181_abstract": 0.6797222066670656, "3112401_abstract": 0.6797194518148899, "3219786_abstract": 0.6525010764598846, "3572538_abstract": 0.6524851322174072, "3968120_abstract": 0.6524485740810633, "3263750_abstract": 0.6524429023265839, "3379147_abstract": 0.6524397134780884, "3719833_abstract": 0.6524371365085244, "4112087_abstract": 0.6524318065494299, "4212232_abstract": 0.65242456831038, "3978679_abstract": 0.6524230604991317,