{"4036471_abstract": 0.6799917668104172, "3144592_abstract": 0.500053072348237}