{"3821968_abstract": 0.9610033654607832, "4159308_abstract": 0.9414813201874496, "4170080_abstract": 0.9258480337448418, "2871476_abstract": 0.9063126691617072, "3006060_abstract": 0.8946533221751451, "4275782_abstract": 0.8789996784180403, "4108737_abstract": 0.87899504089728, "3208558_abstract": 0.8672622288577259, "4224094_abstract": 0.8672535493969917, "3785787_abstract": 0.8516540732234716, "3928856_abstract": 0.851652872748673, "4215485_abstract": 0.8360021207481623, "3885027_abstract": 0.8359794798307121, "4008424_abstract": 0.8165038051083684, "2871477_abstract": 0.8164765685796738, "2823872_abstract": 0.8164471946656704, "4082651_abstract": 0.7969662332907319, "3338875_abstract": 0.7969505898654461, "3750616_abstract": 0.7969462275505066, "3437714_abstract": 0.7969398694112897, "4245399_abstract": 0.7969320835545659, "2862618_abstract": 0.7969166832044721, "4159300_abstract": 0.7774655669927597, "3971157_abstract": 0.7774212909862399, "3597592_abstract": 0.7774139801040292, "3900809_abstract": 0.7773995082825422, "4094829_abstract": 0.7773734265938401, "4082650_abstract": 0.7539987349882722, "2926896_abstract": 0.7539712395519018, "3978098_abstract": 0.7539406248833984, "2853515_abstract": 0.7305886149406433, "3181517_abstract": 0.7305316925048828, "3272408_abstract": 0.7305262614972889, "3593890_abstract": 0.7071094801649451, "4219001_abstract": 0.707059366395697, "4036471_abstract": 0.6799917668104172, "4260715_abstract": 0.6797436205670238, "3045844_abstract": 0.6524074645712972, "2960211_abstract": 0.6211441718041897, "4215483_abstract": 0.6211381801404059, "3015778_abstract": 0.5625608386471868, "3744817_abstract": 0.5625288272276521, "4183751_abstract": 0.5313224252313375, "3059011_abstract": 0.5313111538998783, "2963361_abstract": 0.5312952077947557, "4183485_abstract": 0.5312948152422905, "2944369_abstract": 0.5312921330332756, "3549657_abstract": 0.5312822037376463, "3144592_abstract": 0.500053072348237, "4052786_abstract": 0.5000475887209177, "2902088_abstract": 0.5000413656234741, "3095996_abstract": 0.5000348859466612, "4140948_abstract": 0.5000272325705737}