{"3821968_abstract": 0.9610033654607832, "4163352_abstract": 0.9609832945279776, "3244152_abstract": 0.9453808187972754, "4159308_abstract": 0.9414813201874496, "4170080_abstract": 0.9258480337448418, "3401003_abstract": 0.925834781024605, "3050853_abstract": 0.92583368672058, "4166247_abstract": 0.914200212340802, "2826541_abstract": 0.9063697815872728, "3351875_abstract": 0.9063250315375626, "2871476_abstract": 0.9063126691617072, "3006060_abstract": 0.8946533221751451, "3026098_abstract": 0.8945982404984534, "3517201_abstract": 0.8790200417861342, "4275782_abstract": 0.8789996784180403, "4108737_abstract": 0.87899504089728, "2843031_abstract": 0.8789723445661366, "3372302_abstract": 0.8672830448485911, "3926250_abstract": 0.8672716342844069, "3208558_abstract": 0.8672622288577259, "4224094_abstract": 0.8672535493969917, "3981739_abstract": 0.8672323259525001, "3785787_abstract": 0.8516540732234716, "3928856_abstract": 0.851652872748673, "4140557_abstract": 0.8516493644565344, "3604234_abstract": 0.8516448140144348, "3578623_abstract": 0.8516018902882934, "4215485_abstract": 0.8360021207481623, "3705167_abstract": 0.8359958110377192, "3272407_abstract": 0.8359878351911902, "3885027_abstract": 0.8359794798307121, "2927197_abstract": 0.8359650145284832, "4008424_abstract": 0.8165038051083684, "4245719_abstract": 0.8164848256856203, "3281714_abstract": 0.8164819628000259, "3002258_abstract": 0.8164810864254832, "2871477_abstract": 0.8164765685796738, "3822333_abstract": 0.8164717108011246, "4023736_abstract": 0.8164548398926854, "2823872_abstract": 0.8164471946656704, "3834913_abstract": 0.7972021177411079, "4019471_abstract": 0.7970391921699047, "4082651_abstract": 0.7969662332907319, "4170049_abstract": 0.7969629280269146, "3441369_abstract": 0.7969610979780555, "3338875_abstract": 0.7969505898654461, "4176725_abstract": 0.7969494573771954, "3750616_abstract": 0.7969462275505066, "3437714_abstract": 0.7969398694112897, "3002259_abstract": 0.7969349911436439, "4245399_abstract": 0.7969320835545659, "3115442_abstract": 0.7969180447980762, "2862618_abstract": 0.7969166832044721, "4159300_abstract": 0.7774655669927597, "4286756_abstract": 0.7774519482627511, "3159640_abstract": 0.7774486700072885, "3505602_abstract": 0.7774235093966126, "3971157_abstract": 0.7774212909862399, "3597592_abstract": 0.7774139801040292, "3900809_abstract": 0.7773995082825422, "4094829_abstract": 0.7773734265938401, "3656743_abstract": 0.7540569305419922, "4086328_abstract": 0.7540136780589819, "4082650_abstract": 0.7539987349882722, "2926896_abstract": 0.7539712395519018, "3159639_abstract": 0.753963346593082, "4011485_abstract": 0.7539563742466271, "2851411_abstract": 0.7539509306661785, "3878807_abstract": 0.7539492617361248, "3978098_abstract": 0.7539406248833984, "3933266_abstract": 0.753938554553315, "4039777_abstract": 0.7539368260186166, "3287203_abstract": 0.7307035606354475, "4148108_abstract": 0.7305792160332203, "4257660_abstract": 0.730537312105298, "3181517_abstract": 0.7305316925048828, "4026886_abstract": 0.7305292417295277, "3075820_abstract": 0.7305271634832025, "3272408_abstract": 0.7305262614972889, "3018094_abstract": 0.7305187447927892, "3305875_abstract": 0.7305134166963398, "3305876_abstract": 0.7305134166963398, "3115440_abstract": 0.7305011199787259, "3566770_abstract": 0.7304891140665859, "3730461_abstract": 0.7072154693305492, "3881925_abstract": 0.7071625217795372, "4006432_abstract": 0.7071253350004554, "4141215_abstract": 0.7071215398609638, "3593890_abstract": 0.7071094801649451, "3943598_abstract": 0.7071012649685144, "2921214_abstract": 0.707094038836658, "3546059_abstract": 0.707093020901084, "4059897_abstract": 0.7070872746407986, "2933317_abstract": 0.7070699436590075, "4219001_abstract": 0.707059366395697, "3450871_abstract": 0.6798641532659531, "3553452_abstract": 0.6798597648739815, "3093274_abstract": 0.6797815011814237, "4050275_abstract": 0.6797728459350765, "4260715_abstract": 0.6797436205670238, "3238811_abstract": 0.6797408540733159, "3816118_abstract": 0.6797384945675731, "3730457_abstract": 0.6797350496053696, "3115441_abstract": 0.6797215463593602, "4063470_abstract": 0.6797101960983127, "3689829_abstract": 0.6525142192840576, "3087940_abstract": 0.6525115985423326, "3587361_abstract": 0.6525105256587267, "3926074_abstract": 0.6524449735879898, "4112087_abstract": 0.6524318065494299, "3978679_abstract": 0.6524230604991317, "3045844_abstract": 0.6524074645712972, "4202021_abstract": 0.6523873554542661, "3461795_abstract": 0.6523829884827137, "3133139_abstract": 0.6523807933554053, "3604210_abstract": 0.6523799644783139, "2887442_abstract": 0.652379522100091, "4293293_abstract": 0.6523776743561029, "3875165_abstract": 0.6211840752512217, "4086514_abstract": 0.6211757771670818, "2835356_abstract": 0.6211660876870155, "3783284_abstract": 0.6211599316447973, "3130385_abstract": 0.6211583996191621, "3954751_abstract": 0.6211520326323807, "3130567_abstract": 0.6211507357656956, "3922911_abstract": 0.6211483306251466, "3072946_abstract": 0.6211466495878994, "3903910_abstract": 0.6211452521383762, "3684141_abstract": 0.6211452377028763, "4015488_abstract": 0.6211418998427689, "4215483_abstract": 0.6211381801404059, "3418371_abstract": 0.6211349391378462, "4006436_abstract": 0.6211345987394452, "2896450_abstract": 0.621134442742914, "2937405_abstract": 0.621133878827095, "4144822_abstract": 0.6211320906877518, "2940105_abstract": 0.6211269558407366, "4122884_abstract": 0.6211225637234747, "2870991_abstract": 0.5939607210457325, "3378841_abstract": 0.5939498320221901, "3040316_abstract": 0.5938967037945986, "3450872_abstract": 0.5938458470627666, "2827690_abstract": 0.593815834261477, "4105315_abstract": 0.5938154514878988, "3825618_abstract": 0.5938131343573332, "3339758_abstract": 0.5938123306259513, "4151705_abstract": 0.5938117811456323, "2933030_abstract": 0.5938070127740502, "2889273_abstract": 0.5938036749139428, "2939983_abstract": 0.5937982331961393, "3674267_abstract": 0.5937980078160763, "4015490_abstract": 0.5937965884804726, "3578886_abstract": 0.5937955589033663, "2865799_abstract": 0.593789772130549, "3147023_abstract": 0.593788250349462, "3945128_abstract": 0.5937868133187294, "3133140_abstract": 0.5937837520614266, "3730631_abstract": 0.5937822721898556, "2883940_abstract": 0.593779809307307, "4289917_abstract": 0.5937773021869361, "3211136_abstract": 0.5626363717019558, "3760591_abstract": 0.5626253709197044, "3034470_abstract": 0.5626203110441566, "4144633_abstract": 0.5626106420531869, "3078727_abstract": 0.5625848211348057, "4023972_abstract": 0.5625846451148391, "3369712_abstract": 0.5625812681391835, "3839074_abstract": 0.5625718273222446, "2876149_abstract": 0.5625684894621372, "3453747_abstract": 0.5625629276037216, "3243560_abstract": 0.562562488950789, "3015778_abstract": 0.5625608386471868, "4249152_abstract": 0.5625336756929755, "3878819_abstract": 0.5625326205044985, "3578888_abstract": 0.5313544701784849, "3915669_abstract": 0.5313457902520895, "3715728_abstract": 0.5313272178173065, "3395166_abstract": 0.5313230082392693, "3042721_abstract": 0.5313227474689484, "2930152_abstract": 0.5313225127756596, "4183751_abstract": 0.5313224252313375, "2891630_abstract": 0.5313148926943541, "3059011_abstract": 0.5313111538998783, "2899365_abstract": 0.5313028688542545, "3461549_abstract": 0.5312965507619083, "3434753_abstract": 0.5312958215363324, "2963361_abstract": 0.5312952077947557, "4183485_abstract": 0.5312948152422905, "2944369_abstract": 0.5312921330332756, "3492435_abstract": 0.531291619874537, "2843185_abstract": 0.5312895104289055, "3456689_abstract": 0.531289420556277, "4001788_abstract": 0.5312880608253181, "3491942_abstract": 0.5312862917780876, "3549657_abstract": 0.5312822037376463, "2860450_abstract": 0.531282024923712, "3533509_abstract": 0.5312810665927827, "3964484_abstract": 0.5312801599502563, "3808830_abstract": 0.5312791089527309, "3650518_abstract": 0.5312777836807072,