{"2876371_abstract": 0.9142285520210862, "3351875_abstract": 0.9063250315375626, "3156232_abstract": 0.8948283530771732, "3424585_abstract": 0.8946066191419959, "4227388_abstract": 0.8790803998708725, "3208558_abstract": 0.8789937486872077, "3450526_abstract": 0.8672453756444156, "4170080_abstract": 0.8516372088342905, "2896450_abstract": 0.851616223808378, "4275782_abstract": 0.8164839437231421, "3264011_abstract": 0.7969887051731348, "3150642_abstract": 0.7969255209900439, "3437714_abstract": 0.7774543166160583, "3831457_abstract": 0.7774405041709542, "3189968_abstract": 0.7774093151092529, "4019105_abstract": 0.777400647290051, "3564335_abstract": 0.7773922421038151, "3450525_abstract": 0.7773913540877402, "4089314_abstract": 0.7541053742170334, "4246040_abstract": 0.7539924988523126, "3885027_abstract": 0.7539643542841077, "3607831_abstract": 0.7305956147611141, "4019471_abstract": 0.7305925376713276, "3395428_abstract": 0.7305439068004489, "4119215_abstract": 0.7305141864344478, "2993322_abstract": 0.7305021886713803, "3881925_abstract": 0.7071625217795372, "4079395_abstract": 0.7071528490632772, "3854210_abstract": 0.7071289774030447, "3171090_abstract": 0.7071141600608826, "4215485_abstract": 0.7070943880826235, "4036471_abstract": 0.6799917668104172, "4080146_abstract": 0.6798371896147728, "4015892_abstract": 0.6798027120530605, "3992520_abstract": 0.6797943413257599, "2881162_abstract": 0.6797802876681089, "3136021_abstract": 0.6797590544447303, "3885687_abstract": 0.6797559792175889, "4176725_abstract": 0.6797436447814107, "4134412_abstract": 0.6797348181717098, "3272409_abstract": 0.6797339207259938, "2821461_abstract": 0.6797289969399571, "3006060_abstract": 0.6525043286383152, "3663632_abstract": 0.6524913869798183, "4082651_abstract": 0.6524784825742245, "3656455_abstract": 0.6524531561881304, "3978679_abstract": 0.6524230604991317, "4062991_abstract": 0.6524176094681025, "3101170_abstract": 0.6524092787876725, "4015492_abstract": 0.6524015846662223, "4015491_abstract": 0.6523999916389585, "2905064_abstract": 0.6523925755172968, "3834913_abstract": 0.6303415819226453, "3300796_abstract": 0.6213064175099134, "4082650_abstract": 0.6211804859340191, "3821968_abstract": 0.6211804207414389, "4015488_abstract": 0.6211418998427689, "3792328_abstract": 0.621133878827095, "2870991_abstract": 0.5939607210457325, "3785781_abstract": 0.5939406659454107, "3785782_abstract": 0.5939406659454107, "3922599_abstract": 0.5938946101814508, "3460021_abstract": 0.5938118752092123, "4205833_abstract": 0.5938036954030395, "2860308_abstract": 0.5937948003411293, "2898938_abstract": 0.5937917861156166, "3115482_abstract": 0.5937863430008292, "3312329_abstract": 0.562731584534049, "4215494_abstract": 0.5626762099564075, "3467409_abstract": 0.5626427754759789, "3473768_abstract": 0.562583071179688, "3243560_abstract": 0.562562488950789, "2853306_abstract": 0.562545602209866, "3441125_abstract": 0.5625381534919143, "3540026_abstract": 0.5625336249358952, "4268950_abstract": 0.562530878931284, "4122884_abstract": 0.5625264011323452, "3714720_abstract": 0.5313708148896694, "2995860_abstract": 0.5313633140176535, "3139088_abstract": 0.5313633140176535, "3915669_abstract": 0.5313457902520895, "3372302_abstract": 0.531344735994935, "3505602_abstract": 0.5313426833599806, "2884168_abstract": 0.5313342157751322, "3549657_abstract": 0.5313330963253975, "2891630_abstract": 0.5313237737864256, "3031511_abstract": 0.531297666952014, "2921548_abstract": 0.5312957409769297, "4108378_abstract": 0.5312878880649805, "3163081_abstract": 0.5312871411442757, "3491942_abstract": 0.5312862917780876, "3862481_abstract": 0.5312819976825267, "3053993_abstract": 0.5312767028808594, "3312328_abstract": 0.5002240836620331, "4212231_abstract": 0.500171035528183, "3792458_abstract": 0.5001184400171041, "2995320_abstract": 0.5001035984605551, "2826768_abstract": 0.5000970494002104, "4151298_abstract": 0.5000772811472416, "3045844_abstract": 0.5000712256878614, "3539901_abstract": 0.5000694571062922, "3187797_abstract": 0.5000626500695944, "3708250_abstract": 0.5000611077994108, "3144592_abstract": 0.500053072348237, "3031510_abstract": 0.5000522909685969, "3693160_abstract": 0.5000486052595079, "3272412_abstract": 0.5000372529029846, "3553453_abstract": 0.5000331792980433, "3438048_abstract": 0.5000316076911986, "3988240_abstract": 0.5000303662382066, "3249178_abstract": 0.5000279587693512, "3095996_abstract": 0.5000269208103418}