{"3293229_abstract": 0.8673200234770775, "3346045_abstract": 0.8164931368082762, "3799725_abstract": 0.7774495482444763, "3540349_abstract": 0.7305905502289534, "3189974_abstract": 0.7305835168808699, "3045582_abstract": 0.5938323345035315, "4019870_abstract": 0.5937991552054882, "2876394_abstract": 0.5313292611390352, "3205679_abstract": 0.5000366624444723}