{"3845297_abstract": 0.9612821098417044, "4019471_abstract": 0.9574277475476264, "3842145_abstract": 0.9531857380643488, "3424585_abstract": 0.9414685843512416, "2924011_abstract": 0.9337037377990782, "3272409_abstract": 0.9336942676454782, "3031508_abstract": 0.9336718115955592, "2896450_abstract": 0.9336500498466194, "3263238_abstract": 0.9336469734553248, "3816623_abstract": 0.9259194578044116, "3031507_abstract": 0.9258932787925004, "3372302_abstract": 0.914203922264278, "3403709_abstract": 0.9141776096075772, "2933021_abstract": 0.9141775341704488, "4108328_abstract": 0.9141595736145972, "4112564_abstract": 0.9141529574990273, "2883843_abstract": 0.9141264627687632, "4282997_abstract": 0.9063604269176722, "3222586_abstract": 0.906341353431344, "3730461_abstract": 0.9063282497227192, "2926883_abstract": 0.9063224829733372, "3219816_abstract": 0.9063069857656956, "3112401_abstract": 0.9063028250820936, "3141652_abstract": 0.9026739671826364, "2940068_abstract": 0.8946679597720504, "2835356_abstract": 0.8946288041770458, "3627604_abstract": 0.8945907773450017, "3785782_abstract": 0.8790365168824792, "3785781_abstract": 0.8790365168824792, "3517201_abstract": 0.8790200417861342, "3056258_abstract": 0.8790063941851258, "3868814_abstract": 0.8789972448721528, "2905064_abstract": 0.8789901360869408, "3845496_abstract": 0.8789844000712037, "3299407_abstract": 0.8789810761809349, "3834913_abstract": 0.8789705969393253, "3244152_abstract": 0.8789670644327998, "3919170_abstract": 0.8789654378779233, "3034676_abstract": 0.8674644660204649, "3715728_abstract": 0.867368534207344, "3395430_abstract": 0.8673006715252995, "3106438_abstract": 0.867292296141386, "3777999_abstract": 0.8672736566513777, "3757071_abstract": 0.8672709539532661, "3501678_abstract": 0.8672593147493899, "3871782_abstract": 0.8672362780198455, "3822228_abstract": 0.8517570719122887, "2883849_abstract": 0.8516869936138391, "3473341_abstract": 0.851677916944027, "2826540_abstract": 0.8516761623322964, "4265758_abstract": 0.8516619428992271, "2985262_abstract": 0.8516564657911658, "3483305_abstract": 0.8516314914450049, "3272407_abstract": 0.8516294602304697, "3159639_abstract": 0.8516232734546065, "3434300_abstract": 0.8361778631806374, "3135374_abstract": 0.8360575046390295, "3296261_abstract": 0.8360308865085244, "3249681_abstract": 0.8360188477672637, "3061527_abstract": 0.8359936713241041, "3950095_abstract": 0.8359913919121027, "3795244_abstract": 0.8359894985333085, "3106236_abstract": 0.8359752271790057, "2975141_abstract": 0.8165934840217233, "3721977_abstract": 0.816548153758049, "3106224_abstract": 0.8165321415290236, "3539659_abstract": 0.816532134078443, "3715727_abstract": 0.816528145223856, "2857442_abstract": 0.8165202653035522, "3300796_abstract": 0.8165110498666763, "3461948_abstract": 0.8165076933801174, "3002258_abstract": 0.8164810864254832, "2837602_abstract": 0.8164726560935378, "3248663_abstract": 0.8164615957066417, "4108329_abstract": 0.8164555598050356, "3593889_abstract": 0.8164406346622854, "2930152_abstract": 0.7970482939854264, "3335776_abstract": 0.7970304042100906, "3831781_abstract": 0.7969999369233847, "2995320_abstract": 0.7969736838713288, "3721961_abstract": 0.7969623319804668, "4215494_abstract": 0.7969414591789246, "2927195_abstract": 0.7969367019832134, "3002259_abstract": 0.7969349911436439, "3085434_abstract": 0.796930278185755, "3375896_abstract": 0.796929657459259, "3550037_abstract": 0.7775476090610027, "4265312_abstract": 0.7774599781259894, "3819264_abstract": 0.7774496860802174, "2821118_abstract": 0.7774204770103097, "2960367_abstract": 0.7774140425026417, "3822990_abstract": 0.7774139987304807, "3012335_abstract": 0.7774038910865784, "3871784_abstract": 0.777391342446208, "3795265_abstract": 0.7773880586028099, "4227440_abstract": 0.7540229167789221, "3576201_abstract": 0.754012793302536, "3479899_abstract": 0.7540091704577208, "3954451_abstract": 0.754008274525404, "3483336_abstract": 0.7540037110447884, "3594381_abstract": 0.7540017929859459, "3045431_abstract": 0.7539854943752289, "3106179_abstract": 0.753976290114224, "4056260_abstract": 0.7539558475837111, "3195883_abstract": 0.7539544212631881, "3409694_abstract": 0.7539492081850767, "3673969_abstract": 0.7539461818523705, "3872318_abstract": 0.7539441692642868, "3674267_abstract": 0.7306091040372849, "2826541_abstract": 0.7306004231795669, "4227439_abstract": 0.7305823909118772, "3239365_abstract": 0.7305780649185181, "3597796_abstract": 0.7305768877267838, "3054518_abstract": 0.7305700136348605, "3257702_abstract": 0.7305593239143491, "3424884_abstract": 0.7305384506471455, "3040722_abstract": 0.7305364408530295, "3135366_abstract": 0.7305243099108338, "3881925_abstract": 0.7305148579180241, "4134156_abstract": 0.7304984265938401, "3553452_abstract": 0.7072212677448988, "3235555_abstract": 0.7071443442255259, "4033188_abstract": 0.7071275692433119, "3357869_abstract": 0.707110682502389, "3939943_abstract": 0.7071094904094934, "3279151_abstract": 0.7071063481271267, "3695919_abstract": 0.7070961389690638, "3530626_abstract": 0.7070946586318314, "3936557_abstract": 0.7070932425558567, "4059897_abstract": 0.7070872746407986, "3456689_abstract": 0.7070825942791998, "3144054_abstract": 0.7070809258148074, "3085676_abstract": 0.7070767586119473, "3603783_abstract": 0.7070756806060672, "3138819_abstract": 0.7070721094496548, "3156508_abstract": 0.7070713839493692, "3450412_abstract": 0.7070641224272549, "3287186_abstract": 0.7070641070604324, "3715855_abstract": 0.7070637494325638, "3715853_abstract": 0.7070637494325638, "3715852_abstract": 0.7070637494325638, "3936558_abstract": 0.7070531225763261, "3130563_abstract": 0.7033884078264236, "3517508_abstract": 0.7032862454652786, "3090793_abstract": 0.679843527264893, "4202299_abstract": 0.6798064354807138, "3587361_abstract": 0.6798050832003355, "4227290_abstract": 0.6797933401539922, "2827337_abstract": 0.6797903599217534, "3770286_abstract": 0.679789119400084, "3093274_abstract": 0.6797815011814237, "3150269_abstract": 0.6797761479392648, "2957332_abstract": 0.679775551892817, "2889569_abstract": 0.6797705860808492, "3835481_abstract": 0.6797629706561565, "3278861_abstract": 0.679753593634814, "2870990_abstract": 0.6797531167976558, "3964484_abstract": 0.6797510306350887, "3144052_abstract": 0.6797408191487193, "3242298_abstract": 0.6797388643026352, "3456398_abstract": 0.679733538068831, "3748021_abstract": 0.6797320465557277, "2974780_abstract": 0.6797268716618419, "3871781_abstract": 0.6797228725627065, "3434353_abstract": 0.679717612452805, "3508273_abstract": 0.6797156860120595, "4249152_abstract": 0.6797128282487392, "3689829_abstract": 0.6525142192840576, "3087940_abstract": 0.6525115985423326, "3305972_abstract": 0.6524767074733973, "3187618_abstract": 0.6524408925324678, "3369712_abstract": 0.6524307820945978, "4223895_abstract": 0.652425792068243, "3192577_abstract": 0.6524036293849349, "2959964_abstract": 0.6523962961509824, "3243560_abstract": 0.6523819910362363, "4098613_abstract": 0.6523784091696143, "2865650_abstract": 0.6523764107841998, "3495516_abstract": 0.6523607145063579, "3670457_abstract": 0.6212509628385305, "4036471_abstract": 0.6212353780865669, "2891762_abstract": 0.621223846450448, "4183891_abstract": 0.6212071627378464, "3760747_abstract": 0.6211959179490805, "3275842_abstract": 0.6211878098547459, "3550038_abstract": 0.6211726954206824, "3130385_abstract": 0.6211583996191621, "3690066_abstract": 0.621153213083744, "3778496_abstract": 0.6211507357656956, "3750872_abstract": 0.6211496507748961, "4144869_abstract": 0.6211493071168661, "3290132_abstract": 0.6211474649608135, "3604404_abstract": 0.6211434495635331, "4015488_abstract": 0.6211418998427689, "3336203_abstract": 0.6211393168196082, "3812028_abstract": 0.621134951710701, "3581707_abstract": 0.6211339198052883, "3670686_abstract": 0.6211284291930497, "3388136_abstract": 0.6211258135735989, "3219692_abstract": 0.6211213618516922,