{"3845297_abstract": 0.9612821098417044, "3821968_abstract": 0.9610033654607832, "3141307_abstract": 0.953247812576592, "3834913_abstract": 0.9455412831157446, "3244152_abstract": 0.9453808187972754, "4159308_abstract": 0.9414813201874496, "3424585_abstract": 0.9414685843512416, "3272409_abstract": 0.9336942676454782, "2896450_abstract": 0.9336500498466194, "4170080_abstract": 0.9258480337448418, "3401003_abstract": 0.925834781024605, "4166247_abstract": 0.914200212340802, "2826541_abstract": 0.9063697815872728, "4282997_abstract": 0.9063604269176722, "3222586_abstract": 0.906341353431344, "3719146_abstract": 0.9063295549713076, "3730461_abstract": 0.9063282497227192, "3351875_abstract": 0.9063250315375626, "2871476_abstract": 0.9063126691617072, "2853516_abstract": 0.9062874692026526, "3006060_abstract": 0.8946533221751451, "2835356_abstract": 0.8946288041770458, "4115962_abstract": 0.8945793388411403, "3272407_abstract": 0.8945784671232104, "4227388_abstract": 0.8790803998708725, "3517201_abstract": 0.8790200417861342, "3056258_abstract": 0.8790063941851258, "3960278_abstract": 0.879003731533885, "4275782_abstract": 0.8789996784180403, "4108737_abstract": 0.87899504089728, "2905064_abstract": 0.8789901360869408, "2891630_abstract": 0.8789654551073909, "3395430_abstract": 0.8673006715252995, "3581258_abstract": 0.86729945987463, "3106438_abstract": 0.867292296141386, "3372302_abstract": 0.8672830448485911, "3777999_abstract": 0.8672736566513777, "3926250_abstract": 0.8672716342844069, "3208558_abstract": 0.8672622288577259, "4224094_abstract": 0.8672535493969917, "4174195_abstract": 0.8672474697232246, "3450526_abstract": 0.8672453756444156, "2918328_abstract": 0.8672409220598638, "3822228_abstract": 0.8517570719122887, "2826540_abstract": 0.8516761623322964, "3906993_abstract": 0.8516717245802283, "3315859_abstract": 0.8516642414033413, "3785787_abstract": 0.8516540732234716, "3928856_abstract": 0.851652872748673, "4112749_abstract": 0.8516146065667272, "3434300_abstract": 0.8361778631806374, "4215485_abstract": 0.8360021207481623, "3981501_abstract": 0.8360001537948847, "3950095_abstract": 0.8359913919121027, "3795244_abstract": 0.8359894985333085, "4270595_abstract": 0.8359894726891071, "3885027_abstract": 0.8359794798307121, "3772649_abstract": 0.8165662325918674, "3721977_abstract": 0.816548153758049, "4008424_abstract": 0.8165038051083684, "3932277_abstract": 0.8164900504052639, "3339250_abstract": 0.8164838468655944, "3281714_abstract": 0.8164819628000259, "3002258_abstract": 0.8164810864254832, "2871477_abstract": 0.8164765685796738, "3162767_abstract": 0.8164747804403305, "2837602_abstract": 0.8164726560935378, "2821702_abstract": 0.8164596622809768, "3147023_abstract": 0.8164526261389256, "2823872_abstract": 0.8164471946656704, "3593889_abstract": 0.8164406346622854, "4019471_abstract": 0.7970391921699047, "4082651_abstract": 0.7969662332907319, "3738667_abstract": 0.7969510518014431, "3338875_abstract": 0.7969505898654461, "3750616_abstract": 0.7969462275505066, "3437714_abstract": 0.7969398694112897, "2927195_abstract": 0.7969367019832134, "3002259_abstract": 0.7969349911436439, "4245399_abstract": 0.7969320835545659, "3085434_abstract": 0.796930278185755, "3560401_abstract": 0.7969274716451764, "3092931_abstract": 0.7969274716451764, "3673969_abstract": 0.7969216951169074, "2862618_abstract": 0.7969166832044721, "4011485_abstract": 0.7969136750325561, "3550037_abstract": 0.7775476090610027, "2898938_abstract": 0.7775145657360554, "4159300_abstract": 0.7774655669927597, "4286756_abstract": 0.7774519482627511, "3971157_abstract": 0.7774212909862399, "3597592_abstract": 0.7774139801040292, "4194572_abstract": 0.7774047651328146, "3012335_abstract": 0.7774038910865784, "3001939_abstract": 0.7774017406627536, "3900809_abstract": 0.7773995082825422, "4249152_abstract": 0.7773940144106746, "3450525_abstract": 0.7773913540877402, "4001211_abstract": 0.7773903778288513, "4194409_abstract": 0.7773834471590817, "4094829_abstract": 0.7773734265938401, "4119215_abstract": 0.7540742382407188, "4227440_abstract": 0.7540229167789221, "3061515_abstract": 0.7540091667324305, "4082650_abstract": 0.7539987349882722, "3611153_abstract": 0.7539899004623294, "3462120_abstract": 0.7539875032380223, "2926896_abstract": 0.7539712395519018, "3476460_abstract": 0.7539638113230467, "3159639_abstract": 0.753963346593082, "4056260_abstract": 0.7539558475837111, "3450713_abstract": 0.753954996354878, "3409694_abstract": 0.7539492081850767, "3978098_abstract": 0.7539406248833984, "3933266_abstract": 0.753938554553315, "3786421_abstract": 0.7539380777161568, "3885036_abstract": 0.7307408452033997, "3287203_abstract": 0.7307035606354475, "3031508_abstract": 0.7307023163884878, "3957912_abstract": 0.7305870205163956, "4227439_abstract": 0.7305823909118772, "3239365_abstract": 0.7305780649185181, "3597796_abstract": 0.7305768877267838, "2990089_abstract": 0.7305623292922974, "3915669_abstract": 0.7305498290807009, "4122884_abstract": 0.7305390764959157, "3181517_abstract": 0.7305316925048828, "2974780_abstract": 0.7305303690955043, "3064286_abstract": 0.7305293013341725, "3272408_abstract": 0.7305262614972889, "3483305_abstract": 0.7305253972299397, "3135366_abstract": 0.7305243099108338, "3756752_abstract": 0.7305237581022084, "3881925_abstract": 0.7305148579180241, "3808861_abstract": 0.7305055030155927, "3492187_abstract": 0.7072362098842859, "2926885_abstract": 0.7071831002831459, "3100777_abstract": 0.707134772092104, "4006432_abstract": 0.7071253350004554, "3581666_abstract": 0.7071184818632901, "3593890_abstract": 0.7071094801649451, "3279151_abstract": 0.7071063481271267, "2826542_abstract": 0.7071063411422074, "2921214_abstract": 0.707094038836658, "4059897_abstract": 0.7070872746407986, "3144054_abstract": 0.7070809258148074, "3156508_abstract": 0.7070713839493692, "3450412_abstract": 0.7070641224272549, "3287186_abstract": 0.7070641070604324, "3715852_abstract": 0.7070637494325638, "3715853_abstract": 0.7070637494325638, "3715855_abstract": 0.7070637494325638, "4219001_abstract": 0.707059366395697, "3450871_abstract": 0.6798641532659531, "3553452_abstract": 0.6798597648739815, "3437717_abstract": 0.6798415007069707, "4036197_abstract": 0.6798154562711716, "3505602_abstract": 0.6798150232061744, "4085991_abstract": 0.6797932321205735, "3093274_abstract": 0.6797815011814237, "3756776_abstract": 0.6797770904377103, "4050275_abstract": 0.6797728459350765, "3278861_abstract": 0.679753593634814, "2870990_abstract": 0.6797531167976558, "3904279_abstract": 0.6797459553927183, "4260715_abstract": 0.6797436205670238, "3144052_abstract": 0.6797408191487193, "4134412_abstract": 0.6797348181717098, "3456398_abstract": 0.679733538068831, "3748021_abstract": 0.6797320465557277, "4019956_abstract": 0.6797294782008976, "3181213_abstract": 0.6797290639951825, "2821461_abstract": 0.6797289969399571, "2998270_abstract": 0.6797233549878001, "2902510_abstract": 0.6797225342597812, "3434353_abstract": 0.679717612452805, "3689829_abstract": 0.6525142192840576, "3587361_abstract": 0.6525105256587267, "3437719_abstract": 0.6524508567526937, "3437718_abstract": 0.6524480758234859, "4112087_abstract": 0.6524318065494299, "4223895_abstract": 0.652425792068243, "3978679_abstract": 0.6524230604991317, "3939690_abstract": 0.652416508179158, "3045844_abstract": 0.6524074645712972, "2959964_abstract": 0.6523962961509824, "3461795_abstract": 0.6523829884827137, "3243560_abstract": 0.6523819910362363, "2887442_abstract": 0.652379522100091, "3002051_abstract": 0.6523783938027918, "4293293_abstract": 0.6523776743561029, "3995204_abstract": 0.6523712154012173, "3495516_abstract": 0.6523607145063579, "3709015_abstract": 0.6212780699133873, "3670457_abstract": 0.6212509628385305, "4019114_abstract": 0.6212339382618666, "2891762_abstract": 0.621223846450448, "4183891_abstract": 0.6212071627378464, "3610944_abstract": 0.621197915636003, "3527285_abstract": 0.621197915636003,