{"4079395_abstract": 0.9336674488149584, "3312223_abstract": 0.8945701064076275, "3539901_abstract": 0.8164541339501739, "3249296_abstract": 0.7969097411260009, "3332862_abstract": 0.7969055688008666, "3187480_abstract": 0.7773734233342111, "3533511_abstract": 0.753933290950954, "3299035_abstract": 0.7305568605661392, "4059589_abstract": 0.7305163373239338, "3546059_abstract": 0.707093020901084, "3002013_abstract": 0.7070743427611887, "2993322_abstract": 0.7070595570839942, "3363778_abstract": 0.7070556168910116, "3287435_abstract": 0.7070556168910116, "4070646_abstract": 0.6798061430454254, "4176725_abstract": 0.6797436447814107, "3816118_abstract": 0.6797384945675731, "3048091_abstract": 0.6523756617680192, "2870991_abstract": 0.5939607210457325, "3202721_abstract": 0.5938373040407896, "2889273_abstract": 0.5938036749139428, "2881160_abstract": 0.5937973372638226, "3792553_abstract": 0.5937901511788368, "2990110_abstract": 0.5937874224036932, "3311969_abstract": 0.5937809417955577, "2878367_abstract": 0.5937681533396244, "3760591_abstract": 0.5626253709197044, "3192591_abstract": 0.5626063253730536, "4036056_abstract": 0.562548104673624, "3800080_abstract": 0.5625392366200686, "4249152_abstract": 0.5625336756929755, "3943598_abstract": 0.5625190334394574, "3925700_abstract": 0.5625185093376786, "3505602_abstract": 0.5313426833599806, "3543209_abstract": 0.5313076954334974, "3492435_abstract": 0.531291619874537, "3100785_abstract": 0.531291080173105, "3542888_abstract": 0.5312749613076448, "3069914_abstract": 0.5312738232314587, "4063355_abstract": 0.5000770390033722, "3072865_abstract": 0.500034702476114, "3378920_abstract": 0.5000345632433891, "4163352_abstract": 0.5000220651272684, "3632554_abstract": 0.5000181263312697}