{"4159308_abstract": 0.9414813201874496, "4079395_abstract": 0.9336674488149584, "2871476_abstract": 0.9063126691617072, "3312223_abstract": 0.8945701064076275, "4227439_abstract": 0.8790224147960544, "4108737_abstract": 0.87899504089728, "3156232_abstract": 0.8733760714530945, "4227440_abstract": 0.8673059493303299, "4224094_abstract": 0.8672535493969917, "3272415_abstract": 0.8516579694114625, "3785787_abstract": 0.8516540732234716, "3928856_abstract": 0.851652872748673, "4275782_abstract": 0.8477418110705912, "3025773_abstract": 0.8360191760584712, "4008424_abstract": 0.8165038051083684, "2871477_abstract": 0.8164765685796738, "3840038_abstract": 0.8164604201447219, "4170080_abstract": 0.8155092055676505, "3338875_abstract": 0.7969505898654461, "3750616_abstract": 0.7969462275505066, "4245399_abstract": 0.7969320835545659, "2862618_abstract": 0.7969166832044721, "3332862_abstract": 0.7969055688008666, "3885027_abstract": 0.7949719170574099, "3437714_abstract": 0.787197093013674, "3208558_abstract": 0.7832867611432448, "4159300_abstract": 0.7774655669927597, "3563925_abstract": 0.7774576805531979, "3971157_abstract": 0.7774212909862399, "3597592_abstract": 0.7774139801040292, "3189968_abstract": 0.7774093151092529, "3564335_abstract": 0.7773922421038151, "4094829_abstract": 0.7773734265938401, "3187480_abstract": 0.7773734233342111, "3006060_abstract": 0.7735788254067302, "4215485_abstract": 0.7715482544153929, "3663680_abstract": 0.7541431486606598, "4089314_abstract": 0.7541053742170334, "4257888_abstract": 0.754045782610774, "2926896_abstract": 0.7539712395519018, "3695955_abstract": 0.753952793078497, "4273477_abstract": 0.7539441892877221, "3978098_abstract": 0.7539406248833984, "3533511_abstract": 0.753933290950954, "3264011_abstract": 0.7520609507337213, "3821968_abstract": 0.7412767641944811, "3607831_abstract": 0.7305956147611141, "4035760_abstract": 0.7305757254362106, "2990384_abstract": 0.7305684615857899, "3299035_abstract": 0.7305568605661392, "3395428_abstract": 0.7305439068004489, "3181517_abstract": 0.7305316925048828, "3656459_abstract": 0.7305292882956564, "3272408_abstract": 0.7305262614972889, "4059589_abstract": 0.7305163373239338, "4082651_abstract": 0.7247223579324782, "2823872_abstract": 0.7187854007352144, "3808734_abstract": 0.7071803584694862, "3881925_abstract": 0.7071625217795372, "3854210_abstract": 0.7071289774030447, "3593890_abstract": 0.7071094801649451, "2876137_abstract": 0.7071054819971323, "3546059_abstract": 0.707093020901084, "2949728_abstract": 0.7070815525949001, "2883842_abstract": 0.7070773444138467, "3002013_abstract": 0.7070743427611887, "2993322_abstract": 0.7070595570839942, "4219001_abstract": 0.707059366395697, "3287435_abstract": 0.7070556168910116, "3363778_abstract": 0.7070556168910116, "3249296_abstract": 0.6953544388525188, "4080146_abstract": 0.6798371896147728, "3786153_abstract": 0.6798244994133711, "3444285_abstract": 0.6798081370070577, "4070646_abstract": 0.6798061430454254, "4015892_abstract": 0.6798027120530605, "3992520_abstract": 0.6797943413257599, "3136021_abstract": 0.6797590544447303, "3485969_abstract": 0.6797529784962535, "4176725_abstract": 0.6797436447814107, "4260715_abstract": 0.6797436205670238, "3816118_abstract": 0.6797384945675731, "4082650_abstract": 0.6758863866950074, "3539901_abstract": 0.6738764620386064, "3834913_abstract": 0.6642503989860415, "3900809_abstract": 0.6543471466284245, "3663632_abstract": 0.6524913869798183, "3778820_abstract": 0.6524628922343254, "3656455_abstract": 0.6524531561881304, "4062991_abstract": 0.6524176094681025, "3101170_abstract": 0.6524092787876725, "4015492_abstract": 0.6524015846662223, "4015491_abstract": 0.6523999916389585, "4053251_abstract": 0.6523957126773894, "3048091_abstract": 0.6523756617680192, "3300796_abstract": 0.6213064175099134, "3767216_abstract": 0.6212305780500174, "2889074_abstract": 0.6212147390469909, "4015488_abstract": 0.6211418998427689, "4215483_abstract": 0.6211381801404059, "3792328_abstract": 0.621133878827095, "2870991_abstract": 0.5939607210457325, "3785782_abstract": 0.5939406659454107, "3785781_abstract": 0.5939406659454107, "3922599_abstract": 0.5938946101814508, "3202721_abstract": 0.5938373040407896, "3182003_abstract": 0.5938136987388134, "3460021_abstract": 0.5938118752092123, "2889273_abstract": 0.5938036749139428, "2881160_abstract": 0.5937973372638226, "3115482_abstract": 0.5937953465618193, "2860308_abstract": 0.5937948003411293, "3792553_abstract": 0.5937901511788368, "2990110_abstract": 0.5937874224036932, "3311969_abstract": 0.5937809417955577, "2878367_abstract": 0.5937681533396244, "3974721_abstract": 0.5782451014965773, "3943598_abstract": 0.5781538803130388, "3045844_abstract": 0.5762393451295793, "3312329_abstract": 0.562731584534049, "3045581_abstract": 0.5626875068992376, "4215494_abstract": 0.5626762099564075, "3216636_abstract": 0.5626487787812948, "3467409_abstract": 0.5626427754759789, "2993400_abstract": 0.5626286808401346, "3760591_abstract": 0.5626253709197044, "3192591_abstract": 0.5626063253730536, "3703477_abstract": 0.5625919736921787, "3473768_abstract": 0.562583071179688, "2865945_abstract": 0.562571601010859, "3243560_abstract": 0.562562488950789, "3015778_abstract": 0.5625608386471868, "4056894_abstract": 0.5625572623685002, "3647658_abstract": 0.562555736862123, "4036056_abstract": 0.562548104673624, "2853306_abstract": 0.562545602209866, "3800080_abstract": 0.5625392366200686, "3441125_abstract": 0.5625381534919143, "4249152_abstract": 0.5625336756929755, "3540026_abstract": 0.5625336249358952, "3925700_abstract": 0.5625185093376786, "3285272_abstract": 0.5313890296965837, "2923565_abstract": 0.5313521716743708, "3505602_abstract": 0.5313426833599806, "3175910_abstract": 0.5313391517847776, "4183751_abstract": 0.5313224252313375, "3059011_abstract": 0.5313111538998783, "3543209_abstract": 0.5313076954334974, "3549657_abstract": 0.5313076500315219, "3456398_abstract": 0.5313028255477548, "4194081_abstract": 0.5312988916411996, "2963361_abstract": 0.5312952077947557, "4183485_abstract": 0.5312948152422905, "2944369_abstract": 0.5312921330332756, "3492435_abstract": 0.531291619874537, "3100785_abstract": 0.531291080173105, "4234898_abstract": 0.5312903146259487, "3482823_abstract": 0.5312894801609218, "4108378_abstract": 0.5312878880649805, "3491942_abstract": 0.5312862917780876, "3862481_abstract": 0.5312819976825267, "3542888_abstract": 0.5312749613076448, "3069914_abstract": 0.5312738232314587, "3312328_abstract": 0.5002240836620331, "4212231_abstract": 0.500171035528183, "3792458_abstract": 0.5001184400171041, "3339772_abstract": 0.5001064240932465, "2995320_abstract": 0.5001035984605551, "2826768_abstract": 0.5000970494002104, "2853718_abstract": 0.5000783670693636, "4151298_abstract": 0.5000772811472416, "4063355_abstract": 0.5000770390033722, "3741446_abstract": 0.5000721989199519, "3187797_abstract": 0.5000626500695944, "3708250_abstract": 0.5000611077994108, "3563926_abstract": 0.5000563701614738, "3693160_abstract": 0.5000486052595079, "4052786_abstract": 0.5000475887209177, "4141327_abstract": 0.5000459849834442, "2942382_abstract": 0.5000413730740547, "2902088_abstract": 0.5000413656234741, "3272412_abstract": 0.5000372529029846, "3072865_abstract": 0.500034702476114, "3378920_abstract": 0.5000345632433891, "3095996_abstract": 0.5000309033785015, "3988240_abstract": 0.5000303662382066, "3249178_abstract": 0.5000279587693512, "4140948_abstract": 0.5000272325705737, "4163352_abstract": 0.5000220651272684, "3632554_abstract": 0.5000181263312697, "3474648_abstract": 0.500016177771613}