{"3845297_abstract": 0.9612821098417044, "3821968_abstract": 0.9610033654607832, "4115962_abstract": 0.9571587638929486, "3786314_abstract": 0.9455840364098548, "3385405_abstract": 0.9454583385959268, "4159308_abstract": 0.9414813201874496, "3424585_abstract": 0.9414685843512416, "3272409_abstract": 0.9336942676454782, "3517201_abstract": 0.9336876701563596, "2896450_abstract": 0.9336500498466194, "3263238_abstract": 0.9336469734553248, "4170080_abstract": 0.9258480337448418, "3372302_abstract": 0.914203922264278, "4282997_abstract": 0.914161560125649, "3441370_abstract": 0.9141203002072872, "3029166_abstract": 0.9063734700903296, "3222586_abstract": 0.906341353431344, "3730461_abstract": 0.9063282497227192, "3351875_abstract": 0.9063250315375626, "2871476_abstract": 0.9063126691617072, "4050127_abstract": 0.8946565575897694, "3006060_abstract": 0.8946533221751451, "2835356_abstract": 0.8946288041770458, "4112784_abstract": 0.8945905319415033, "3858951_abstract": 0.8945820210501552, "3473738_abstract": 0.8945815018378198, "4227388_abstract": 0.8790803998708725, "3056258_abstract": 0.8790063941851258, "4275782_abstract": 0.8789996784180403, "4108737_abstract": 0.87899504089728, "2905064_abstract": 0.8789901360869408, "2891630_abstract": 0.8789654551073909, "3156508_abstract": 0.8789398605003953, "3556873_abstract": 0.8789325063116848, "3395430_abstract": 0.8673006715252995, "3106438_abstract": 0.867292296141386, "3777999_abstract": 0.8672736566513777, "3962242_abstract": 0.8672622665762901, "3208558_abstract": 0.8672622288577259, "3501678_abstract": 0.8672593147493899, "4224094_abstract": 0.8672535493969917, "3450526_abstract": 0.8672453756444156, "2918328_abstract": 0.8672409220598638, "3156375_abstract": 0.8672369499690831, "3871782_abstract": 0.8672362780198455, "3418403_abstract": 0.8672351506538689, "3822228_abstract": 0.8517570719122887, "2883849_abstract": 0.8516869936138391, "2826540_abstract": 0.8516761623322964, "3315859_abstract": 0.8516642414033413, "3785787_abstract": 0.8516540732234716, "3928856_abstract": 0.851652872748673, "3974721_abstract": 0.8516491875052452, "3363931_abstract": 0.8516265153884888, "4112749_abstract": 0.8516146065667272, "4141327_abstract": 0.8516135336831212, "4245729_abstract": 0.8516033394262195, "2955161_abstract": 0.8515958772040904, "3238563_abstract": 0.836137767881155, "3466571_abstract": 0.8361339010298252, "3456865_abstract": 0.8360393848270178, "4215485_abstract": 0.8360021207481623, "3950095_abstract": 0.8359913919121027, "3795244_abstract": 0.8359894985333085, "3141652_abstract": 0.8359844777733088, "3395967_abstract": 0.8359830128028989, "3885027_abstract": 0.8359794798307121, "3106236_abstract": 0.8359752271790057, "3381867_abstract": 0.8166326824575663, "3772649_abstract": 0.8165662325918674, "3721977_abstract": 0.816548153758049, "3795265_abstract": 0.8165083676576614, "4008424_abstract": 0.8165038051083684, "3178538_abstract": 0.8164849607273936, "3002258_abstract": 0.8164810864254832, "2907899_abstract": 0.8164802109822631, "3034676_abstract": 0.8164794510230422, "2995702_abstract": 0.816479423083365, "2871477_abstract": 0.8164765685796738, "2837602_abstract": 0.8164726560935378, "2851454_abstract": 0.8164723152294755, "2821702_abstract": 0.8164596622809768, "3670686_abstract": 0.8164580911397934, "3222657_abstract": 0.8164565348997712, "3090821_abstract": 0.8164518205448985, "3715484_abstract": 0.8164497055113316, "2891762_abstract": 0.8164472198113799, "2823872_abstract": 0.8164471946656704, "3593889_abstract": 0.8164406346622854, "4296240_abstract": 0.8164398749358952, "3351657_abstract": 0.7971312180161476, "4019471_abstract": 0.7970391921699047, "3357609_abstract": 0.7970343716442585, "3831781_abstract": 0.7969999369233847, "2907559_abstract": 0.7969838865101337, "3045564_abstract": 0.7969780452549458, "4082651_abstract": 0.7969662332907319, "3907196_abstract": 0.7969561582431197, "3338875_abstract": 0.7969505898654461, "3750616_abstract": 0.7969462275505066, "3437714_abstract": 0.7969398694112897, "4227439_abstract": 0.7969372165389359, "4227440_abstract": 0.7969372165389359, "2927195_abstract": 0.7969367019832134, "3002259_abstract": 0.7969349911436439, "4245399_abstract": 0.7969320835545659, "3085434_abstract": 0.796930278185755, "2962997_abstract": 0.7969246753491461, "3673969_abstract": 0.7969216951169074, "2944709_abstract": 0.7969210767187178, "2862618_abstract": 0.7969166832044721, "3550037_abstract": 0.7775476090610027, "4159300_abstract": 0.7774655669927597, "3190195_abstract": 0.7774460976943374, "3971157_abstract": 0.7774212909862399, "3916993_abstract": 0.7774188769981265, "3597592_abstract": 0.7774139801040292, "4067514_abstract": 0.7774059623479843, "2927198_abstract": 0.7774027325212955, "3900809_abstract": 0.7773995082825422, "3243796_abstract": 0.777398046804592, "3450525_abstract": 0.7773913540877402, "3871784_abstract": 0.777391342446208, "4001211_abstract": 0.7773903778288513, "4286548_abstract": 0.777375646866858, "4094829_abstract": 0.7773734265938401, "3744692_abstract": 0.7773641713429242, "3424627_abstract": 0.7540498971939087, "3550040_abstract": 0.7540386924520135, "4105363_abstract": 0.7540028318762779, "3409642_abstract": 0.7539995359256864, "4082650_abstract": 0.7539987349882722, "3462120_abstract": 0.7539875032380223, "3521461_abstract": 0.7539837015792727, "4015058_abstract": 0.7539754342287779, "3925710_abstract": 0.75397380720824, "2926896_abstract": 0.7539712395519018, "4056260_abstract": 0.7539558475837111, "3950601_abstract": 0.7539556226693094, "3659983_abstract": 0.753954972140491, "4216672_abstract": 0.7539538112469018, "3409694_abstract": 0.7539492081850767, "3564187_abstract": 0.7539472049102187, "3872318_abstract": 0.7539441692642868, "3978098_abstract": 0.7539406248833984, "3786421_abstract": 0.7539380777161568, "2910663_abstract": 0.7306421883404255, "2907900_abstract": 0.7305966932326555, "2949626_abstract": 0.7305887416005135, "3153246_abstract": 0.7305813739076257, "3647280_abstract": 0.7305642254650593, "4134218_abstract": 0.7305423272773623, "3424884_abstract": 0.7305384506471455, "3552684_abstract": 0.730537231080234, "3650574_abstract": 0.7305343700572848, "3733612_abstract": 0.7305343151092529, "3181517_abstract": 0.7305316925048828, "2974780_abstract": 0.7305303690955043, "2860447_abstract": 0.7305277981795371, "3272408_abstract": 0.7305262614972889, "3933056_abstract": 0.7305245650932193, "3135366_abstract": 0.7305243099108338, "3756752_abstract": 0.7305237581022084, "4030100_abstract": 0.730518882162869, "2881369_abstract": 0.7305172909982502, "3881925_abstract": 0.7305148579180241, "3395456_abstract": 0.7305011795833707, "3673999_abstract": 0.7304984203074127, "3409641_abstract": 0.730494421441108, "3108987_abstract": 0.707198241725564, "3511300_abstract": 0.7071772571653128, "3473362_abstract": 0.7071766424924135, "3763850_abstract": 0.7071614023298025, "3378974_abstract": 0.7071452848613262, "3124142_abstract": 0.7071408089250326, "2975159_abstract": 0.7071319855749607, "3587624_abstract": 0.7071212753653526, "3593890_abstract": 0.7071094801649451, "3279151_abstract": 0.7071063481271267, "3530626_abstract": 0.7070946586318314, "3438533_abstract": 0.7070916537195444, "3034157_abstract": 0.7070914162322879, "3460105_abstract": 0.7070912243798375, "4043606_abstract": 0.7070899605751038, "4059897_abstract": 0.7070872746407986, "3456689_abstract": 0.7070825942791998, "3144054_abstract": 0.7070809258148074, "4201522_abstract": 0.7070780005306005, "3085676_abstract": 0.7070767586119473, "3603783_abstract": 0.7070756806060672, "3138819_abstract": 0.7070721094496548, "3450412_abstract": 0.7070641224272549, "3287186_abstract": 0.7070641070604324, "3715853_abstract": 0.7070637494325638, "3715855_abstract": 0.7070637494325638, "3715852_abstract": 0.7070637494325638, "4219001_abstract": 0.707059366395697, "2995700_abstract": 0.707058004103601, "3415647_abstract": 0.70705023733899, "3130563_abstract": 0.7033884078264236,