{"3845297_abstract": 0.9612821098417044, "4015703_abstract": 0.9063013987615705, "3056258_abstract": 0.8790063941851258, "3395430_abstract": 0.8673006715252995, "3777999_abstract": 0.8672736566513777, "3822228_abstract": 0.8517570719122887, "3721977_abstract": 0.816548153758049, "2837602_abstract": 0.8164726560935378, "3085434_abstract": 0.796930278185755, "3384896_abstract": 0.7969246809370816, "4056260_abstract": 0.7539558475837111, "3533435_abstract": 0.7305799201130867, "3135366_abstract": 0.7305243099108338, "3009181_abstract": 0.7072439398616552, "3279151_abstract": 0.7071063481271267, "3144054_abstract": 0.7070809258148074, "3517201_abstract": 0.6797449821606278, "3144052_abstract": 0.6797408191487193, "2959964_abstract": 0.6523962961509824, "3620504_abstract": 0.6523627280257642, "3670457_abstract": 0.6212509628385305, "3275842_abstract": 0.6211878098547459, "3778496_abstract": 0.6211507357656956, "3666909_abstract": 0.6211466155946255, "3318621_abstract": 0.6211284105665982, "3202877_abstract": 0.6211284105665982, "4289501_abstract": 0.5938671063631773, "4059591_abstract": 0.5938358400017023, "3103886_abstract": 0.5938021913170815, "2889078_abstract": 0.593791386578232, "3693343_abstract": 0.5937882224097848, "3040313_abstract": 0.5902396403253078, "3888775_abstract": 0.5625660950317979, "4173695_abstract": 0.5625560134649277, "3950602_abstract": 0.5625496059656143, "3978102_abstract": 0.5625431388616562, "3399013_abstract": 0.5625328039750457, "3329984_abstract": 0.5625292100012302, "3130391_abstract": 0.5315698944032192, "3815673_abstract": 0.5312668283004314, "4104916_abstract": 0.5003028810024261, "3064266_abstract": 0.5001394134014845, "2857088_abstract": 0.500112546607852, "3978674_abstract": 0.5000486839562654, "3441368_abstract": 0.5000365460291505, "3815671_abstract": 0.50001957337372}