{"4209465_abstract": 0.9453466191189364, "4159308_abstract": 0.9414813201874496, "4170080_abstract": 0.9258480337448418, "2871476_abstract": 0.9063126691617072, "4015703_abstract": 0.9063013987615705, "3006060_abstract": 0.8946533221751451, "4275782_abstract": 0.8789996784180403, "4108737_abstract": 0.87899504089728, "3208558_abstract": 0.8672622288577259, "4224094_abstract": 0.8672535493969917, "3785787_abstract": 0.8516540732234716, "3928856_abstract": 0.851652872748673, "3514218_abstract": 0.8516145371831954, "3222366_abstract": 0.836014935746789, "3835286_abstract": 0.8360124323517084, "4215485_abstract": 0.8360021207481623, "3885027_abstract": 0.8359794798307121, "3845297_abstract": 0.8165963711217046, "4008424_abstract": 0.8165038051083684, "2871477_abstract": 0.8164765685796738, "2823872_abstract": 0.8164471946656704, "3056258_abstract": 0.7973365541547537, "3834913_abstract": 0.7972021177411079, "4082651_abstract": 0.7969662332907319, "3795701_abstract": 0.796957035548985, "3338875_abstract": 0.7969505898654461, "3750616_abstract": 0.7969462275505066, "3437714_abstract": 0.7969398694112897, "4245399_abstract": 0.7969320835545659, "3384896_abstract": 0.7969246809370816, "2862618_abstract": 0.7969166832044721, "3821968_abstract": 0.791091893101111, "4159300_abstract": 0.7774655669927597, "3971157_abstract": 0.7774212909862399, "3597592_abstract": 0.7774139801040292, "3900809_abstract": 0.7773995082825422, "3156374_abstract": 0.7773953475989401, "2894212_abstract": 0.7773952386341989, "4094829_abstract": 0.7773734265938401, "4082650_abstract": 0.7539987349882722, "4286322_abstract": 0.7539965407922864, "2926896_abstract": 0.7539712395519018, "3978098_abstract": 0.7539406248833984, "3395430_abstract": 0.7309011183679104, "3533435_abstract": 0.7305799201130867, "3299035_abstract": 0.7305568605661392, "3181517_abstract": 0.7305316925048828, "3272408_abstract": 0.7305262614972889, "2998024_abstract": 0.7305050725117326, "3009181_abstract": 0.7072439398616552, "3881925_abstract": 0.7071625217795372, "3593890_abstract": 0.7071094801649451, "4219001_abstract": 0.707059366395697, "3363778_abstract": 0.7070556168910116, "3287435_abstract": 0.7070556168910116, "4070646_abstract": 0.6798061430454254, "4260715_abstract": 0.6797436205670238, "4234526_abstract": 0.6797339906916022, "3907181_abstract": 0.6797222066670656, "4134177_abstract": 0.6524099912494421, "3045844_abstract": 0.6524074645712972, "3450622_abstract": 0.6523933345451951, "3048091_abstract": 0.6523756617680192, "3620504_abstract": 0.6523627280257642, "3300796_abstract": 0.6213064175099134, "3666909_abstract": 0.6211466155946255, "4015488_abstract": 0.6211418998427689, "4215483_abstract": 0.6211381801404059, "3865470_abstract": 0.6211338741704822, "3202877_abstract": 0.6211284105665982, "3318621_abstract": 0.6211284105665982, "3144054_abstract": 0.5940007232129574, "3785782_abstract": 0.5939406659454107, "3785781_abstract": 0.5939406659454107, "3202721_abstract": 0.5938373040407896, "3721977_abstract": 0.5938309095799923, "2990110_abstract": 0.5937874224036932, "3176320_abstract": 0.5937863062135875, "3040313_abstract": 0.5902396403253078, "3943598_abstract": 0.5781538803130388, "4056260_abstract": 0.5627624820917845, "3144052_abstract": 0.5627117212861776, "4215494_abstract": 0.5626762099564075, "3670457_abstract": 0.5626402720808983, "3192591_abstract": 0.5626063253730536, "3243560_abstract": 0.562562488950789, "3015778_abstract": 0.5625608386471868, "3632891_abstract": 0.5625550663098693, "4036056_abstract": 0.562548104673624, "3399013_abstract": 0.5625328039750457, "2990115_abstract": 0.5625326363369823, "3130391_abstract": 0.5315698944032192, "3085434_abstract": 0.5314756482839584, "4059591_abstract": 0.5313914883881807, "4183751_abstract": 0.5313224252313375, "3095789_abstract": 0.5313163851387799, "3135366_abstract": 0.5313116554170847, "3059011_abstract": 0.5313111538998783, "3543209_abstract": 0.5313076954334974, "2963361_abstract": 0.5312952077947557, "4183485_abstract": 0.5312948152422905, "2944369_abstract": 0.5312921330332756, "4209261_abstract": 0.5312850470654666, "3549657_abstract": 0.5312822037376463, "3524338_abstract": 0.5312754977494478, "3815673_abstract": 0.5312668283004314, "4104916_abstract": 0.5003028810024261, "4212231_abstract": 0.500171035528183, "2857088_abstract": 0.500112546607852, "2995320_abstract": 0.5001035984605551, "3205387_abstract": 0.5000903736799955, "4063355_abstract": 0.5000770390033722, "3978674_abstract": 0.5000486839562654, "4052786_abstract": 0.5000475887209177, "2902088_abstract": 0.5000413656234741, "3095996_abstract": 0.5000348859466612, "3378920_abstract": 0.5000345632433891, "4140948_abstract": 0.5000272325705737, "3815671_abstract": 0.50001957337372}