{"4015703_abstract": 0.9063013987615705, "3845297_abstract": 0.8165963711217046, "3056258_abstract": 0.7973365541547537, "3384896_abstract": 0.7969246809370816, "3395430_abstract": 0.7309011183679104, "3533435_abstract": 0.7305799201130867, "3009181_abstract": 0.7072439398616552, "3318621_abstract": 0.6211284105665982, "3202877_abstract": 0.6211284105665982, "3144054_abstract": 0.5940007232129574, "3721977_abstract": 0.5938309095799923, "3040313_abstract": 0.5902396403253078, "4056260_abstract": 0.5627624820917845, "3144052_abstract": 0.5627117212861776, "3670457_abstract": 0.5626402720808983, "3399013_abstract": 0.5625328039750457, "3130391_abstract": 0.5315698944032192, "3085434_abstract": 0.5314756482839584, "4059591_abstract": 0.5313914883881807, "3135366_abstract": 0.5313116554170847, "4104916_abstract": 0.5003028810024261, "2857088_abstract": 0.500112546607852}