{"2926883_abstract": 0.9063224829733372, "3219816_abstract": 0.9063069857656956, "3473341_abstract": 0.851677916944027, "4265758_abstract": 0.8516619428992271, "3483305_abstract": 0.8516314914450049, "3375896_abstract": 0.796929657459259, "2960367_abstract": 0.7774140425026417, "3795265_abstract": 0.7773880586028099, "3954451_abstract": 0.754008274525404, "3483336_abstract": 0.7540037110447884, "3381875_abstract": 0.7539950730279088, "3012335_abstract": 0.7539449231699109, "3695919_abstract": 0.7070961389690638, "3381873_abstract": 0.7070729197002947, "3835481_abstract": 0.6797629706561565, "3690066_abstract": 0.621153213083744, "4144869_abstract": 0.6211493071168661, "3290132_abstract": 0.6211474649608135, "3581707_abstract": 0.6211339198052883, "3219692_abstract": 0.6211213618516922, "2975141_abstract": 0.562538200058043, "2907880_abstract": 0.5000919364392757, "3531018_abstract": 0.5000658892095089, "3222736_abstract": 0.5000290009193122}