{"3821968_abstract": 0.9610033654607832, "4159308_abstract": 0.9414813201874496, "3095837_abstract": 0.9337494825012982, "4170080_abstract": 0.9258480337448418, "2876371_abstract": 0.9142285520210862, "4249803_abstract": 0.9063430121168494, "3351875_abstract": 0.9063250315375626, "2871476_abstract": 0.9063126691617072, "3006060_abstract": 0.8946533221751451, "3456398_abstract": 0.8946121213957667, "4275782_abstract": 0.894573280820623, "4108737_abstract": 0.87899504089728, "4249802_abstract": 0.8789792340248823, "3278863_abstract": 0.8674362730234861, "3812034_abstract": 0.8674068879336119, "3974721_abstract": 0.8672809861600399, "3208558_abstract": 0.8672622288577259, "4224094_abstract": 0.8672535493969917, "3081775_abstract": 0.8517774259671569, "3326714_abstract": 0.851700178347528, "3470642_abstract": 0.8516667382791638, "3324117_abstract": 0.8516553845256567, "3785787_abstract": 0.8516540732234716, "3928856_abstract": 0.851652872748673, "3417927_abstract": 0.8516455087810755, "4141327_abstract": 0.8516213321126997, "3587975_abstract": 0.8516149809584022, "3670857_abstract": 0.8361495044082403, "3656455_abstract": 0.8360203681513667, "4215485_abstract": 0.8360021207481623, "4202297_abstract": 0.8359863394871354, "3885027_abstract": 0.8359794798307121, "3103978_abstract": 0.8168452829122543, "3477068_abstract": 0.8166209999471903, "4095362_abstract": 0.8165964335203171, "2918805_abstract": 0.8165421113371849, "3461948_abstract": 0.8165076933801174, "4008424_abstract": 0.8165038051083684, "4183483_abstract": 0.816502820700407, "3216513_abstract": 0.8164838701486588, "2871477_abstract": 0.8164765685796738, "3216511_abstract": 0.8164757480844855, "3321578_abstract": 0.8164658332243562, "3964274_abstract": 0.8164610778912902, "3819264_abstract": 0.8164493767544627, "2823872_abstract": 0.8164471946656704, "3064727_abstract": 0.7970608919858932, "2992956_abstract": 0.7969701774418354, "4082651_abstract": 0.7969662332907319, "4159300_abstract": 0.7969648027792573, "3338875_abstract": 0.7969505898654461, "4176725_abstract": 0.7969494573771954, "3750616_abstract": 0.7969462275505066, "3437714_abstract": 0.7969398694112897, "4245399_abstract": 0.7969320835545659, "3673969_abstract": 0.7969216951169074, "2862618_abstract": 0.7969166832044721, "3550037_abstract": 0.7775476090610027, "3981509_abstract": 0.7775282263755798, "4079395_abstract": 0.7774671651422977, "3971157_abstract": 0.7774212909862399, "3597592_abstract": 0.7774139801040292, "3900809_abstract": 0.7773995082825422, "3216512_abstract": 0.7773986142128706, "2921776_abstract": 0.7773953122086823, "3312223_abstract": 0.7773947515524924, "3797866_abstract": 0.7773938574828207, "4094829_abstract": 0.7773734265938401, "3342997_abstract": 0.7540435176342726, "3290792_abstract": 0.754034049808979, "3919718_abstract": 0.7540326192975044, "4082650_abstract": 0.7539987349882722, "4246040_abstract": 0.7539924988523126, "3674524_abstract": 0.7539714183658361, "2926896_abstract": 0.7539712395519018, "3708250_abstract": 0.7539687524549663, "3020693_abstract": 0.7539622937329113, "3636998_abstract": 0.7539580715820193, "3978098_abstract": 0.7539406248833984, "4119224_abstract": 0.7539302443619817, "3656471_abstract": 0.7305969670414925, "4030100_abstract": 0.7305847490206361, "2860447_abstract": 0.73056751023978, "2859935_abstract": 0.7305591767653823, "3418633_abstract": 0.7305478407070041, "2947388_abstract": 0.7305464912205935, "3241602_abstract": 0.7305413074791431, "2884071_abstract": 0.7305402113124728, "3550038_abstract": 0.7305344194173813, "3187797_abstract": 0.7305326261557639, "3181517_abstract": 0.7305316925048828, "3272408_abstract": 0.7305262614972889, "3889404_abstract": 0.730504211736843, "4089050_abstract": 0.7071962468326092, "4212244_abstract": 0.7071890942752361, "3075975_abstract": 0.707161383703351, "2870989_abstract": 0.7071584379300475, "3587361_abstract": 0.7071275999769568, "4033188_abstract": 0.7071275692433119, "3222953_abstract": 0.7071173479780555, "3593890_abstract": 0.7071094801649451, "3745048_abstract": 0.7071091160178185, "3369712_abstract": 0.7070693396963179, "3933266_abstract": 0.7070597992278636, "4219001_abstract": 0.707059366395697, "4036471_abstract": 0.6799917668104172, "4202299_abstract": 0.6798064354807138, "2881162_abstract": 0.6797802876681089, "2889569_abstract": 0.6797705860808492, "3264011_abstract": 0.6797583634033799, "2860461_abstract": 0.6797546707093716, "3269830_abstract": 0.6797437341883779, "4260715_abstract": 0.6797436205670238, "4056249_abstract": 0.6797436205670238, "3238811_abstract": 0.679740050341934, "3026342_abstract": 0.6797400284558535, "3272407_abstract": 0.6797369783744216, "3842624_abstract": 0.6526238694787025, "3546714_abstract": 0.6525484621524811, "3293287_abstract": 0.6524465028196573, "3263750_abstract": 0.6524429023265839, "4268940_abstract": 0.6524424161761999, "2995367_abstract": 0.6524384384974837, "3957913_abstract": 0.6524342633783817, "4268941_abstract": 0.6524340715259314, "4223895_abstract": 0.652425792068243, "4212232_abstract": 0.65242456831038, "3770542_abstract": 0.6524231769144535, "3978679_abstract": 0.6524230604991317, "3392565_abstract": 0.6524222157895565, "3045844_abstract": 0.6524074645712972, "4134527_abstract": 0.6524048624560237, "3040316_abstract": 0.6524020526558161, "4015492_abstract": 0.6524015846662223, "4015491_abstract": 0.6523999916389585, "3015778_abstract": 0.6523998994380236, "4230575_abstract": 0.6523996684700251, "4098613_abstract": 0.6523784091696143, "3363877_abstract": 0.652375019621104, "2821702_abstract": 0.6523725399747491, "3531018_abstract": 0.6212722454220057, "3546713_abstract": 0.6212430205196142, "3616786_abstract": 0.6212429255247116, "3760747_abstract": 0.6211959179490805, "3124861_abstract": 0.6211878545582294, "3495634_abstract": 0.6211586110293865, "3273163_abstract": 0.6211537015624344, "4227579_abstract": 0.621152687817812, "4252891_abstract": 0.6211520545184612, "3954751_abstract": 0.6211520326323807, "3258170_abstract": 0.6211409950628877, "4215483_abstract": 0.6211381801404059, "3910261_abstract": 0.6211333556566387, "3578779_abstract": 0.6211262294091284, "3951143_abstract": 0.6211257879622281, "4234077_abstract": 0.6211185310967267, "3031507_abstract": 0.5938726756721735, "3098197_abstract": 0.5938576487824321, "4112168_abstract": 0.5938308974727988, "4098963_abstract": 0.5938293002545834, "3147015_abstract": 0.593824528157711, "3502560_abstract": 0.5938098561018705, "4205833_abstract": 0.5938036954030395, "3366652_abstract": 0.5937973577529192, "3072587_abstract": 0.5937905088067055, "3514109_abstract": 0.5937898913398385, "2949994_abstract": 0.5937830875627697, "3285272_abstract": 0.5937825303990394, "3821966_abstract": 0.5937751231249422, "4227002_abstract": 0.5627152994275093, "3246083_abstract": 0.562634963542223, "3730210_abstract": 0.5626300852745771, "2899379_abstract": 0.5626211203634739, "2875856_abstract": 0.5625881236046553, "3279439_abstract": 0.5625757612287998, "3816511_abstract": 0.5625689616426826, "2974780_abstract": 0.5625599445775151, "3144621_abstract": 0.5625591427087784, "4085991_abstract": 0.5625578230246902, "3578792_abstract": 0.5625549517571926, "3244152_abstract": 0.5625534122809768, "3583998_abstract": 0.5625472934916615, "3892368_abstract": 0.5625455910339952, "3473826_abstract": 0.5625431751832366, "3604928_abstract": 0.5625343846622854, "2821698_abstract": 0.5625333653297275, "3549657_abstract": 0.5625293848570436, "3744817_abstract": 0.5625288272276521, "3647659_abstract": 0.5625281718093902, "3502559_abstract": 0.5625219705980271, "4085995_abstract": 0.5313856303691864, "4137594_abstract": 0.5313741434365511, "3438659_abstract": 0.5313535165041685, "3915669_abstract": 0.5313457902520895, "2884168_abstract": 0.5313342157751322, "4112756_abstract": 0.5313273798674345, "4183751_abstract": 0.5313224252313375, "3754764_abstract": 0.5313157178461552, "3059011_abstract": 0.5313111538998783, "2933009_abstract": 0.531308813020587,