{"4159308_abstract": 0.9414813201874496, "4079395_abstract": 0.9336674488149584, "3034676_abstract": 0.9142639730125666, "3163983_abstract": 0.914135546889156, "2871476_abstract": 0.9063126691617072, "3072569_abstract": 0.894837299361825, "3170542_abstract": 0.8947023674845695, "3006060_abstract": 0.8946533221751451, "3815740_abstract": 0.8791566491127014, "2914070_abstract": 0.8790700323879719, "3826434_abstract": 0.879049725830555, "4227439_abstract": 0.8790224147960544, "4275782_abstract": 0.8789996784180403, "4108737_abstract": 0.87899504089728, "4227440_abstract": 0.8673059493303299, "4224094_abstract": 0.8672535493969917, "3611752_abstract": 0.8522728830575943, "3156232_abstract": 0.8519237898290157, "3785787_abstract": 0.8516540732234716, "3928856_abstract": 0.851652872748673, "4170080_abstract": 0.8516339587513357, "4141327_abstract": 0.8516213321126997, "3287186_abstract": 0.8515958772040904, "4239086_abstract": 0.8360684979707003, "4215485_abstract": 0.8360021207481623, "3312223_abstract": 0.8359824289800599, "3885027_abstract": 0.8359794798307121, "4047000_abstract": 0.8167161047458649, "4183367_abstract": 0.8165434878319502, "4008424_abstract": 0.8165038051083684, "2978293_abstract": 0.8164885677397251, "3002258_abstract": 0.8164810864254832, "2871477_abstract": 0.8164765685796738, "3321578_abstract": 0.8164658332243562, "3964274_abstract": 0.8164610778912902, "3819264_abstract": 0.8164493767544627, "2823872_abstract": 0.8164471946656704, "3843122_abstract": 0.7970403879880905, "3981501_abstract": 0.7969880811870098, "4082651_abstract": 0.7969662332907319, "3338875_abstract": 0.7969505898654461, "3750616_abstract": 0.7969462275505066, "3437714_abstract": 0.7969398694112897, "3002259_abstract": 0.7969349911436439, "4245399_abstract": 0.7969320835545659, "2862618_abstract": 0.7969166832044721, "3332862_abstract": 0.7969055688008666, "3840038_abstract": 0.7852956525748596, "4190780_abstract": 0.7775106281042099, "3761341_abstract": 0.777476891875267, "4159300_abstract": 0.7774655669927597, "3563925_abstract": 0.7774576805531979, "2929933_abstract": 0.7774450769647956, "3971157_abstract": 0.7774212909862399, "3597592_abstract": 0.7774139801040292, "2929932_abstract": 0.7774030128493905, "3900809_abstract": 0.7773995082825422, "2921776_abstract": 0.7773953122086823, "3564335_abstract": 0.7773922421038151, "4094829_abstract": 0.7773734265938401, "3187480_abstract": 0.7773734233342111, "3372302_abstract": 0.7735906646121293, "3208558_abstract": 0.7735177257563919, "3324117_abstract": 0.7696212952335676, "3238811_abstract": 0.7578770502004772, "3663680_abstract": 0.7541431486606598, "3919718_abstract": 0.7540326192975044, "3960278_abstract": 0.753978094086051, "2926896_abstract": 0.7539712395519018, "3708250_abstract": 0.7539687524549663, "4273477_abstract": 0.7539441892877221, "3978098_abstract": 0.7539406248833984, "3533511_abstract": 0.753933290950954, "3821968_abstract": 0.7448631939478219, "3834913_abstract": 0.73850435949862, "4012002_abstract": 0.7305866628885269, "4030100_abstract": 0.7305847490206361, "3881925_abstract": 0.7305783149786294, "2860447_abstract": 0.73056751023978, "3758044_abstract": 0.7305653085932136, "3299035_abstract": 0.7305568605661392, "3418633_abstract": 0.7305478407070041, "2947388_abstract": 0.7305464912205935, "3181517_abstract": 0.7305316925048828, "3272408_abstract": 0.7305262614972889, "4059589_abstract": 0.7305163373239338, "4019471_abstract": 0.724789135158062, "3456398_abstract": 0.7129574734717607, "3808734_abstract": 0.7071803584694862, "2870989_abstract": 0.7071584379300475, "3067399_abstract": 0.7071392824873328, "3255961_abstract": 0.7071318197995424, "3057120_abstract": 0.7071295753121376, "3587361_abstract": 0.7071275999769568, "3536671_abstract": 0.7071124706417322, "3593890_abstract": 0.7071094801649451, "3745048_abstract": 0.7071091160178185, "4059897_abstract": 0.7070872746407986, "3002013_abstract": 0.7070743427611887, "3369712_abstract": 0.7070693396963179, "2993322_abstract": 0.7070595570839942, "4219001_abstract": 0.707059366395697, "3363778_abstract": 0.7070556168910116, "3287435_abstract": 0.7070556168910116, "4082650_abstract": 0.7032393370755017, "3249296_abstract": 0.6953544388525188, "3264011_abstract": 0.6934457798488438, "3827834_abstract": 0.6799486540257931, "4231328_abstract": 0.6798355486243963, "3786153_abstract": 0.6798244994133711, "4194521_abstract": 0.6798212435096502, "3444285_abstract": 0.6798081370070577, "4070646_abstract": 0.6798061430454254, "3116289_abstract": 0.6797675648704171, "3141569_abstract": 0.679764567874372, "3885687_abstract": 0.6797559792175889, "2860461_abstract": 0.6797546707093716, "4176725_abstract": 0.6797436447814107, "4056249_abstract": 0.6797436205670238, "4260715_abstract": 0.6797436205670238, "3026342_abstract": 0.6797400284558535, "3539901_abstract": 0.6738764620386064, "2891630_abstract": 0.6641375850886106, "3219786_abstract": 0.6525010764598846, "3263750_abstract": 0.6524429023265839, "3719833_abstract": 0.6524371365085244, "4176727_abstract": 0.6524340091273189, "3392565_abstract": 0.6524222157895565, "3101170_abstract": 0.6524092787876725, "3045844_abstract": 0.6524074645712972, "3040316_abstract": 0.6524020526558161, "4015492_abstract": 0.6524015846662223, "4015491_abstract": 0.6523999916389585, "3048091_abstract": 0.6523756617680192, "3300796_abstract": 0.6213064175099134, "3767216_abstract": 0.6212305780500174, "3141651_abstract": 0.6212250385433435, "2950333_abstract": 0.621192691847682, "3263614_abstract": 0.6211879849433899, "3124861_abstract": 0.6211878545582294, "3226661_abstract": 0.6211725249886513, "3130385_abstract": 0.6211583996191621, "3243879_abstract": 0.6211563460528851, "3273163_abstract": 0.6211537015624344, "3222735_abstract": 0.6211534943431616, "4015488_abstract": 0.6211418998427689, "4215483_abstract": 0.6211381801404059, "3792328_abstract": 0.621133878827095, "3578779_abstract": 0.6211262294091284, "3485969_abstract": 0.6055533015169203, "2870991_abstract": 0.5939607210457325, "3785781_abstract": 0.5939406659454107, "3785782_abstract": 0.5939406659454107, "4292988_abstract": 0.5939351171255112, "2863411_abstract": 0.5939315799623728, "3796362_abstract": 0.5938964039087296, "4202299_abstract": 0.5938605014234781, "3503692_abstract": 0.5938586089760065, "3197245_abstract": 0.5938451886177063, "3202721_abstract": 0.5938373040407896, "3147015_abstract": 0.593824528157711, "3641507_abstract": 0.5938235186040401, "3848426_abstract": 0.5938180228695273, "3460021_abstract": 0.5938118752092123, "3502560_abstract": 0.5938098561018705, "3366652_abstract": 0.5937973577529192, "2881160_abstract": 0.5937973372638226, "2860308_abstract": 0.5937948003411293, "3792553_abstract": 0.5937901511788368, "2990110_abstract": 0.5937874224036932, "2949994_abstract": 0.5937830875627697, "3311969_abstract": 0.5937809417955577, "3821966_abstract": 0.5937751231249422, "2878367_abstract": 0.5937681533396244, "4036471_abstract": 0.580919200864931, "3943598_abstract": 0.5781538803130388, "3312329_abstract": 0.562731584534049, "3045581_abstract": 0.5626875068992376, "4215494_abstract": 0.5626762099564075, "3216636_abstract": 0.5626487787812948, "3192591_abstract": 0.5626063253730536, "3285272_abstract": 0.5625857800478116, "3473768_abstract": 0.562583071179688, "3705473_abstract": 0.5625766580924392, "3846593_abstract": 0.5625655092298985, "3243560_abstract": 0.562562488950789, "3015778_abstract": 0.5625608386471868, "2844042_abstract": 0.5625509945675731, "4036056_abstract": 0.562548104673624, "3583998_abstract": 0.5625472934916615, "3892368_abstract": 0.5625455910339952, "3800080_abstract": 0.5625392366200686, "3604928_abstract": 0.5625343846622854, "3540026_abstract": 0.5625336249358952, "2821698_abstract": 0.5625333653297275, "3647659_abstract": 0.5625281718093902, "3925700_abstract": 0.5625185093376786, "3978578_abstract": 0.5314531922340393, "2876400_abstract": 0.5313911139965057, "3438659_abstract": 0.5313535165041685,