{"3351875_abstract": 0.9063250315375626, "4202297_abstract": 0.8359863394871354, "3974721_abstract": 0.8106773439794779, "3564335_abstract": 0.7773922421038151, "4257888_abstract": 0.754045782610774, "3708250_abstract": 0.7539687524549663, "3636998_abstract": 0.7539580715820193, "4019471_abstract": 0.7305925376713276, "4249803_abstract": 0.7305815704166889, "3299035_abstract": 0.7305568605661392, "3881925_abstract": 0.7071625217795372, "3656471_abstract": 0.7070810394361615, "3287435_abstract": 0.7070556168910116, "3363778_abstract": 0.7070556168910116, "4070646_abstract": 0.6798061430454254, "3885687_abstract": 0.6797559792175889, "4176725_abstract": 0.6797436447814107, "3238811_abstract": 0.679740050341934, "3834913_abstract": 0.6642503989860415, "3978679_abstract": 0.6524230604991317, "4062991_abstract": 0.6524176094681025, "3101170_abstract": 0.6524092787876725, "4015492_abstract": 0.6524015846662223, "4015491_abstract": 0.6523999916389585, "3048091_abstract": 0.6523756617680192, "3300796_abstract": 0.6213064175099134, "3821968_abstract": 0.6211804207414389, "4015488_abstract": 0.6211418998427689, "3792328_abstract": 0.621133878827095, "2870991_abstract": 0.5939607210457325, "3785781_abstract": 0.5939406659454107, "3785782_abstract": 0.5939406659454107, "3202721_abstract": 0.5938373040407896, "4098963_abstract": 0.5938293002545834, "3460021_abstract": 0.5938118752092123, "2860447_abstract": 0.5937997829169035, "2860308_abstract": 0.5937948003411293, "2990110_abstract": 0.5937874224036932, "3115482_abstract": 0.5937863430008292, "3285272_abstract": 0.5937825303990394, "4215494_abstract": 0.5626762099564075, "3192591_abstract": 0.5626063253730536, "4249802_abstract": 0.5625992640852928, "3703477_abstract": 0.5625919736921787, "3473768_abstract": 0.562583071179688, "3243560_abstract": 0.562562488950789, "4036056_abstract": 0.562548104673624, "3892368_abstract": 0.5625455910339952, "3540026_abstract": 0.5625336249358952, "3943598_abstract": 0.5625190334394574, "3915669_abstract": 0.5313457902520895, "3505602_abstract": 0.5313426833599806, "2891630_abstract": 0.5313237737864256, "3543209_abstract": 0.5313076954334974, "4108378_abstract": 0.5312878880649805, "3862481_abstract": 0.5312819976825267, "4212231_abstract": 0.500171035528183, "2995320_abstract": 0.5001035984605551, "4151298_abstract": 0.5000772811472416, "4063355_abstract": 0.5000770390033722, "3789355_abstract": 0.5000702477991581, "3693160_abstract": 0.5000486052595079, "4276202_abstract": 0.5000403821468353, "3272412_abstract": 0.5000372529029846, "3378920_abstract": 0.5000345632433891, "3553453_abstract": 0.5000331792980433, "3988240_abstract": 0.5000303662382066, "4039355_abstract": 0.5000255040358752}