{"3299035_abstract": 0.7305568605661392, "3287435_abstract": 0.7070556168910116, "3363778_abstract": 0.7070556168910116, "4070646_abstract": 0.6798061430454254, "3048091_abstract": 0.6523756617680192, "3202721_abstract": 0.5938373040407896, "2990110_abstract": 0.5937874224036932, "3192591_abstract": 0.5626063253730536, "4036056_abstract": 0.562548104673624, "3892368_abstract": 0.5625455910339952, "3943598_abstract": 0.5625190334394574, "3543209_abstract": 0.5313076954334974, "4063355_abstract": 0.5000770390033722, "3378920_abstract": 0.5000345632433891}