{"3821968_abstract": 0.9610033654607832, "4159308_abstract": 0.9414813201874496, "4170080_abstract": 0.9258480337448418, "2871476_abstract": 0.9063126691617072, "3006060_abstract": 0.8946533221751451, "4275782_abstract": 0.8789996784180403, "4108737_abstract": 0.87899504089728, "3208558_abstract": 0.8672622288577259, "4224094_abstract": 0.8672535493969917, "3785787_abstract": 0.8516540732234716, "3928856_abstract": 0.851652872748673, "4215485_abstract": 0.8360021207481623, "3885027_abstract": 0.8359794798307121, "4008424_abstract": 0.8165038051083684, "2871477_abstract": 0.8164765685796738, "2823872_abstract": 0.8164471946656704, "4082651_abstract": 0.7969662332907319, "3338875_abstract": 0.7969505898654461, "3750616_abstract": 0.7969462275505066, "3437714_abstract": 0.7969398694112897, "4245399_abstract": 0.7969320835545659, "2862618_abstract": 0.7969166832044721, "4159300_abstract": 0.7774655669927597, "3971157_abstract": 0.7774212909862399, "3597592_abstract": 0.7774139801040292, "3900809_abstract": 0.7773995082825422, "4094829_abstract": 0.7773734265938401, "4082650_abstract": 0.7539987349882722, "2926896_abstract": 0.7539712395519018, "3978098_abstract": 0.7539406248833984, "3299035_abstract": 0.7305568605661392, "3181517_abstract": 0.7305316925048828, "3272408_abstract": 0.7305262614972889, "3593890_abstract": 0.7071094801649451, "4219001_abstract": 0.707059366395697, "3363778_abstract": 0.7070556168910116, "3287435_abstract": 0.7070556168910116, "4070646_abstract": 0.6798061430454254, "4260715_abstract": 0.6797436205670238, "3045844_abstract": 0.6524074645712972, "3048091_abstract": 0.6523756617680192, "4215483_abstract": 0.6211381801404059, "3202721_abstract": 0.5938373040407896, "2990110_abstract": 0.5937874224036932, "3192591_abstract": 0.5626063253730536, "3015778_abstract": 0.5625608386471868, "4036056_abstract": 0.562548104673624, "3943598_abstract": 0.5625190334394574, "4183751_abstract": 0.5313224252313375, "3059011_abstract": 0.5313111538998783, "3543209_abstract": 0.5313076954334974, "2963361_abstract": 0.5312952077947557, "4183485_abstract": 0.5312948152422905, "2944369_abstract": 0.5312921330332756, "3549657_abstract": 0.5312822037376463, "4063355_abstract": 0.5000770390033722, "4052786_abstract": 0.5000475887209177, "2902088_abstract": 0.5000413656234741, "3095996_abstract": 0.5000348859466612, "3378920_abstract": 0.5000345632433891, "4140948_abstract": 0.5000272325705737}