{"3072569_abstract": 0.9766900152899324, "3170542_abstract": 0.9728235406801105, "4279458_abstract": 0.9727465170435609, "3095760_abstract": 0.9611442591995, "3747854_abstract": 0.961121299304068, "4286547_abstract": 0.96105170622468, "3821968_abstract": 0.9610033654607832, "3395433_abstract": 0.9571927301585674, "4190780_abstract": 0.9533841051161288, "3112442_abstract": 0.9454295989125968, "3466894_abstract": 0.941609401255846, "3834913_abstract": 0.9415690368041396, "4223705_abstract": 0.9414943736046552, "4159308_abstract": 0.9414813201874496, "3539636_abstract": 0.9337402563542128, "2960213_abstract": 0.9337328597903252, "4019471_abstract": 0.9337143246084452, "4198154_abstract": 0.9337100628763436, "3357873_abstract": 0.9337023422122002, "3492433_abstract": 0.93369424296543, "4079395_abstract": 0.9336674488149584, "3705473_abstract": 0.9259060062468052, "3892349_abstract": 0.9258876368403436, "4223395_abstract": 0.925874068401754, "4170080_abstract": 0.9258480337448418, "3782959_abstract": 0.9258465403690934, "4226990_abstract": 0.922079687938094, "3130563_abstract": 0.9220785349607468, "3730479_abstract": 0.9142143875360488, "4257711_abstract": 0.9141868613660336, "3175910_abstract": 0.9064042354002596, "4282996_abstract": 0.9064017729833722, "3418328_abstract": 0.9063479197211564, "4249803_abstract": 0.9063430121168494, "3539634_abstract": 0.906331291422248, "3715727_abstract": 0.9063269556500018, "3351875_abstract": 0.9063250315375626, "3904547_abstract": 0.90632097190246, "2871476_abstract": 0.9063126691617072, "4015703_abstract": 0.9063013987615705, "2853515_abstract": 0.9025966133922338, "3831457_abstract": 0.9024825459346176, "4265312_abstract": 0.9024799065664412, "3216511_abstract": 0.8947800016030669, "3006060_abstract": 0.8946533221751451, "3272845_abstract": 0.8946511694230139, "3150642_abstract": 0.894619645550847, "3181526_abstract": 0.8946026237681508, "4176725_abstract": 0.8946025473996997, "4019105_abstract": 0.8945787651464343, "3312223_abstract": 0.8945701064076275, "3689852_abstract": 0.8791285865008831, "3216512_abstract": 0.879105924628675, "3656743_abstract": 0.8790628872811794, "3208558_abstract": 0.8790426570922136, "3517201_abstract": 0.8790200417861342, "3831805_abstract": 0.8790189577266574, "3296411_abstract": 0.8790152510628104, "4275782_abstract": 0.8789996784180403, "3753618_abstract": 0.8789991666562855, "4108737_abstract": 0.87899504089728, "4249802_abstract": 0.8789792340248823, "3216513_abstract": 0.8674044162034988, "3078725_abstract": 0.8673827908933163, "3888668_abstract": 0.8673242144286633, "2891630_abstract": 0.8673099540174007, "3603782_abstract": 0.8673080839216709, "2980115_abstract": 0.8672956973314285, "3372302_abstract": 0.8672830448485911, "4289796_abstract": 0.8672602400183678, "4224094_abstract": 0.8672535493969917, "3586936_abstract": 0.8517775107175112, "3263531_abstract": 0.8516970071941614, "3238811_abstract": 0.8516786219552159, "3906993_abstract": 0.8516717245802283, "4268950_abstract": 0.8516581449657679, "3324117_abstract": 0.8516553845256567, "3608295_abstract": 0.8516541495919228, "3785787_abstract": 0.8516540732234716, "3928856_abstract": 0.851652872748673, "4141327_abstract": 0.8516213321126997, "4159300_abstract": 0.836047412827611, "3031511_abstract": 0.8360106814652681, "4215485_abstract": 0.8360021207481623, "4239086_abstract": 0.8359952205792069, "3231919_abstract": 0.8359889439307153, "3885027_abstract": 0.8359794798307121, "3235802_abstract": 0.8359701922163367, "3656455_abstract": 0.8165472578257322, "4008424_abstract": 0.8165038051083684, "3587438_abstract": 0.8165005967020988, "3002258_abstract": 0.8164810864254832, "3715728_abstract": 0.8164802044630051, "2871477_abstract": 0.8164765685796738, "3357871_abstract": 0.8164751678705215, "4140565_abstract": 0.8164660548791289, "3321578_abstract": 0.8164658332243562, "2871200_abstract": 0.8164647882804275, "3539901_abstract": 0.8164541339501739, "2823872_abstract": 0.8164471946656704, "4082651_abstract": 0.7969662332907319, "3441369_abstract": 0.7969610979780555, "4230575_abstract": 0.7969581484794617, "3338875_abstract": 0.7969505898654461, "3750616_abstract": 0.7969462275505066, "3437714_abstract": 0.7969398694112897, "3002259_abstract": 0.7969349911436439, "4140557_abstract": 0.7969333045184612, "4245399_abstract": 0.7969320835545659, "3384896_abstract": 0.7969246809370816, "2862618_abstract": 0.7969166832044721, "3249296_abstract": 0.7969097411260009, "3332862_abstract": 0.7969055688008666, "3553452_abstract": 0.7774535967037082, "4047000_abstract": 0.7774389451369643, "4177241_abstract": 0.7774310065433383, "3971157_abstract": 0.7774212909862399, "3357337_abstract": 0.7774188229814172, "3597592_abstract": 0.7774139801040292, "3988531_abstract": 0.77740478515625, "3900809_abstract": 0.7773995082825422, "2921776_abstract": 0.7773953122086823, "3674267_abstract": 0.7773872655816376, "4094829_abstract": 0.7773734265938401, "3187480_abstract": 0.7773734233342111, "4070875_abstract": 0.7540301689878106, "3299035_abstract": 0.7540011629462242, "4082650_abstract": 0.7539987349882722, "2980029_abstract": 0.7539971098303795, "3012230_abstract": 0.7539951214566827, "3466936_abstract": 0.7539855036884546, "2926896_abstract": 0.7539712395519018, "3456408_abstract": 0.7539577591232955, "3848347_abstract": 0.7539558196440339, "3450713_abstract": 0.753954996354878, "3456689_abstract": 0.7539532613009214, "3978098_abstract": 0.7539406248833984, "3533511_abstract": 0.753933290950954, "4104913_abstract": 0.7306419918313622, "4030100_abstract": 0.7305847490206361, "3533435_abstract": 0.7305799201130867, "2860447_abstract": 0.73056751023978, "3760591_abstract": 0.7305556703358889, "3470132_abstract": 0.7305532097816467, "3632554_abstract": 0.7305509974248707, "3418633_abstract": 0.7305478407070041, "2947388_abstract": 0.7305464912205935, "3663004_abstract": 0.7305402224883437, "3181517_abstract": 0.7305316925048828, "3342291_abstract": 0.7305271425284445, "3272408_abstract": 0.7305262614972889, "3851417_abstract": 0.7305237515829504, "3747836_abstract": 0.7305209767073393, "4059589_abstract": 0.7305163373239338, "4230283_abstract": 0.7304997574537992, "3730461_abstract": 0.7072154693305492, "3925700_abstract": 0.7071347357705235, "4289586_abstract": 0.7071284260600805, "3081292_abstract": 0.7071264497935772, "3593890_abstract": 0.7071094801649451, "3943598_abstract": 0.7071012649685144, "3546059_abstract": 0.707093020901084, "4049650_abstract": 0.707090474665165, "4059897_abstract": 0.7070872746407986, "3696237_abstract": 0.7070779693312943, "3002013_abstract": 0.7070743427611887, "2960214_abstract": 0.7070680176839232, "2993322_abstract": 0.7070595570839942, "4219001_abstract": 0.707059366395697, "3363778_abstract": 0.7070556168910116, "3287435_abstract": 0.7070556168910116, "4070646_abstract": 0.6798061430454254, "4062991_abstract": 0.6797876805067062, "3719282_abstract": 0.6797839682549238, "3093274_abstract": 0.6797815011814237, "4159691_abstract": 0.6797814797610044, "3988534_abstract": 0.6797742815688252, "3135365_abstract": 0.6797694293782115, "2860461_abstract": 0.6797546707093716, "4074392_abstract": 0.6797520439140499, "3954447_abstract": 0.6797512620687485, "2975319_abstract": 0.6797490166500211, "4260715_abstract": 0.6797436205670238, "3026342_abstract": 0.6797400284558535, "3816118_abstract": 0.6797384945675731, "3404079_abstract": 0.679738306440413, "3666867_abstract": 0.6797369951382279, "3372560_abstract": 0.6797360247001052, "3882329_abstract": 0.6797250183299184, "3689829_abstract": 0.6525142192840576, "3587361_abstract": 0.6525105256587267, "3249379_abstract": 0.6525065265595913, "3604382_abstract": 0.6524706520140171, "3563925_abstract": 0.6524672843515873, "4215630_abstract": 0.6524289222434163, "3978679_abstract": 0.6524230604991317, "3392565_abstract": 0.6524222157895565, "3272712_abstract": 0.6524195279926062, "2902094_abstract": 0.6524136243388057, "3563928_abstract": 0.6524093952029943,