{"3072569_abstract": 0.9766900152899324, "3170542_abstract": 0.9728235406801105, "3747854_abstract": 0.961121299304068, "4286547_abstract": 0.96105170622468, "3821968_abstract": 0.9610033654607832, "4190780_abstract": 0.9533841051161288, "4159308_abstract": 0.9414813201874496, "3539636_abstract": 0.9337402563542128, "4198154_abstract": 0.9337100628763436, "3357873_abstract": 0.9337023422122002, "3031508_abstract": 0.9336718115955592, "3263238_abstract": 0.9336469734553248, "3705473_abstract": 0.9259060062468052, "3031507_abstract": 0.9258932787925004, "3892349_abstract": 0.9258876368403436, "4170080_abstract": 0.9258480337448418, "3130563_abstract": 0.9220785349607468, "4257711_abstract": 0.9141868613660336, "3403709_abstract": 0.9141776096075772, "3272407_abstract": 0.91415991820395, "3175910_abstract": 0.9064042354002596, "4282996_abstract": 0.9064017729833722, "3418328_abstract": 0.9063479197211564, "4249803_abstract": 0.9063430121168494, "3171090_abstract": 0.9063263731077312, "3351875_abstract": 0.9063250315375626, "3904547_abstract": 0.90632097190246, "2871476_abstract": 0.9063126691617072, "2853515_abstract": 0.9025966133922338, "4265312_abstract": 0.9024799065664412, "3216511_abstract": 0.8947800016030669, "3006060_abstract": 0.8946533221751451, "3272845_abstract": 0.8946511694230139, "3424585_abstract": 0.8946066191419959, "4176725_abstract": 0.8946025473996997, "3689852_abstract": 0.8791285865008831, "3216512_abstract": 0.879105924628675, "4227388_abstract": 0.8790803998708725, "3208558_abstract": 0.8790426570922136, "3831805_abstract": 0.8790189577266574, "3296411_abstract": 0.8790152510628104, "4275782_abstract": 0.8789996784180403, "3753618_abstract": 0.8789991666562855, "4108737_abstract": 0.87899504089728, "4249802_abstract": 0.8789792340248823, "3834913_abstract": 0.8789705969393253, "3434975_abstract": 0.8674831911921501, "3216513_abstract": 0.8674044162034988, "3395439_abstract": 0.8673670245334506, "3888668_abstract": 0.8673242144286633, "2980115_abstract": 0.8672956973314285, "3501678_abstract": 0.8672593147493899, "4224094_abstract": 0.8672535493969917, "3835268_abstract": 0.8672533556818962, "3450526_abstract": 0.8672453756444156, "3858792_abstract": 0.8672357709147036, "3586936_abstract": 0.8517775107175112, "2883849_abstract": 0.8516869936138391, "3932277_abstract": 0.85168366599828, "3324117_abstract": 0.8516553845256567, "3785787_abstract": 0.8516540732234716, "3928856_abstract": 0.851652872748673, "3159639_abstract": 0.8516232734546065, "4141327_abstract": 0.8516213321126997, "2927198_abstract": 0.8516174759715796, "3673969_abstract": 0.8515899771591648, "4159300_abstract": 0.836047412827611, "3243802_abstract": 0.8360035987570882, "4215485_abstract": 0.8360021207481623, "4046970_abstract": 0.8360021053813398, "4239086_abstract": 0.8359952205792069, "4202297_abstract": 0.835994491353631, "3885027_abstract": 0.8359794798307121, "3106236_abstract": 0.8359752271790057, "3656455_abstract": 0.8165472578257322, "4008424_abstract": 0.8165038051083684, "3587438_abstract": 0.8165005967020988, "2871477_abstract": 0.8164765685796738, "3792553_abstract": 0.8164740027859807, "3321578_abstract": 0.8164658332243562, "2823872_abstract": 0.8164471946656704, "2993322_abstract": 0.8164438642561436, "3418636_abstract": 0.7970640454441309, "4227579_abstract": 0.7970270663499832, "2902708_abstract": 0.7969761490821838, "3593889_abstract": 0.7969678044319153, "4082651_abstract": 0.7969662332907319, "3100984_abstract": 0.7969652526080608, "4230575_abstract": 0.7969581484794617, "3150269_abstract": 0.7969579929485917, "3338875_abstract": 0.7969505898654461, "3750616_abstract": 0.7969462275505066, "2821698_abstract": 0.7969447025097907, "3437714_abstract": 0.7969398694112897, "4245399_abstract": 0.7969320835545659, "2862618_abstract": 0.7969166832044721, "3922910_abstract": 0.777550995349884, "3287696_abstract": 0.7774858791381121, "2832703_abstract": 0.7774577736854553, "3563925_abstract": 0.7774576805531979, "4177241_abstract": 0.7774310065433383, "3971157_abstract": 0.7774212909862399, "2821118_abstract": 0.7774204770103097, "3505602_abstract": 0.7774198139086366, "3597592_abstract": 0.7774139801040292, "3900809_abstract": 0.7773995082825422, "2921776_abstract": 0.7773953122086823, "3312223_abstract": 0.7773947515524924, "4008761_abstract": 0.7773916404694319, "3450525_abstract": 0.7773913540877402, "4094829_abstract": 0.7773734265938401, "2889542_abstract": 0.7541326209902763, "3070403_abstract": 0.7541024498641491, "2955445_abstract": 0.7540591154247522, "4079395_abstract": 0.7539996206760406, "4082650_abstract": 0.7539987349882722, "3466936_abstract": 0.7539855036884546, "2926896_abstract": 0.7539712395519018, "3251573_abstract": 0.7539441692642868, "3978098_abstract": 0.7539406248833984, "3453450_abstract": 0.7307631447911263, "4242519_abstract": 0.7306422591209412, "4104913_abstract": 0.7306419918313622, "4030100_abstract": 0.7305847490206361, "2860447_abstract": 0.73056751023978, "3257702_abstract": 0.7305593239143491, "3299035_abstract": 0.7305568605661392, "3913130_abstract": 0.7305503766983747, "3418633_abstract": 0.7305478407070041, "2947388_abstract": 0.7305464912205935, "3308875_abstract": 0.7305326713249087, "3181517_abstract": 0.7305316925048828, "3623031_abstract": 0.7305293632671237, "3342291_abstract": 0.7305271425284445, "3272408_abstract": 0.7305262614972889, "3028620_abstract": 0.7071968726813793, "3009741_abstract": 0.7071805205196142, "3150918_abstract": 0.7071381863206625, "4205877_abstract": 0.7071358934044838, "4289586_abstract": 0.7071284260600805, "3081292_abstract": 0.7071264497935772, "3593890_abstract": 0.7071094801649451, "3795256_abstract": 0.7071073893457651, "3546059_abstract": 0.707093020901084, "3001939_abstract": 0.7070827521383762, "3092931_abstract": 0.7070827521383762, "3560401_abstract": 0.7070827521383762, "3696237_abstract": 0.7070779693312943, "3085676_abstract": 0.7070767586119473, "3000865_abstract": 0.7070728307589889, "3138819_abstract": 0.7070721094496548, "3026026_abstract": 0.7070699320174754, "4219001_abstract": 0.707059366395697, "3287435_abstract": 0.7070556168910116, "3363778_abstract": 0.7070556168910116, "3290799_abstract": 0.6798120178282261, "4070646_abstract": 0.6798061430454254, "2876157_abstract": 0.6797741344198585, "3135365_abstract": 0.6797694293782115, "2870989_abstract": 0.6797679113224149, "3112019_abstract": 0.6797650288790464, "2860461_abstract": 0.6797546707093716, "3760237_abstract": 0.6797532485798001, "4074392_abstract": 0.6797520439140499, "3954447_abstract": 0.6797512620687485, "2851411_abstract": 0.67974594514817, "4260715_abstract": 0.6797436205670238, "3868722_abstract": 0.6797402054071426, "3026342_abstract": 0.6797400284558535, "3242298_abstract": 0.6797388643026352, "3816118_abstract": 0.6797384945675731, "3404079_abstract": 0.679738306440413, "3372560_abstract": 0.6797360247001052, "4134412_abstract": 0.6797348181717098, "2821461_abstract": 0.6797289969399571, "3059015_abstract": 0.6797268469817936, "3441442_abstract": 0.6797254304401577, "3054214_abstract": 0.6525888629257679, "3616767_abstract": 0.6525369882583618, "3888785_abstract": 0.6524964720010757, "3604382_abstract": 0.6524706520140171, "4286045_abstract": 0.6524527408182621, "4215630_abstract": 0.6524289222434163, "3978679_abstract": 0.6524230604991317, "3392565_abstract": 0.6524222157895565, "3272409_abstract": 0.6524107400327921, "3045844_abstract": 0.6524074645712972, "3770539_abstract": 0.652404841966927, "4046719_abstract": 0.6523996768519282, "3696236_abstract": 0.6523957657627761, "2905064_abstract": 0.6523925755172968, "2853306_abstract": 0.6523898052982986, "4249152_abstract": 0.6523873899132013, "3632554_abstract": 0.6523873344995081, "3048091_abstract": 0.6523756617680192, "4279175_abstract": 0.6523651420138776, "3124861_abstract": 0.6212989166378975, "3722587_abstract": 0.6212289724498987, "3604570_abstract": 0.6212059818208218, "4098963_abstract": 0.6211932543665171,