{"4159308_abstract": 0.9414813201874496, "4170080_abstract": 0.9258480337448418, "2871476_abstract": 0.9063126691617072, "4015703_abstract": 0.9063013987615705, "3006060_abstract": 0.8946533221751451, "4275782_abstract": 0.8789996784180403, "4108737_abstract": 0.87899504089728, "3208558_abstract": 0.8672622288577259, "4224094_abstract": 0.8672535493969917, "3156232_abstract": 0.8519237898290157, "2978293_abstract": 0.8516897931694984, "3785787_abstract": 0.8516540732234716, "3928856_abstract": 0.851652872748673, "3287186_abstract": 0.8515958772040904, "4215485_abstract": 0.8360021207481623, "3069914_abstract": 0.835993601474911, "4202297_abstract": 0.8359863394871354, "3885027_abstract": 0.8359794798307121, "3434300_abstract": 0.8167103938758373, "3434819_abstract": 0.8165824040770531, "3587975_abstract": 0.8165396898984909, "4008424_abstract": 0.8165038051083684, "3444530_abstract": 0.8164873272180557, "2871477_abstract": 0.8164765685796738, "3321578_abstract": 0.8164658332243562, "3964274_abstract": 0.8164610778912902, "3819264_abstract": 0.8164493767544627, "2823872_abstract": 0.8164471946656704, "3981501_abstract": 0.7969880811870098, "3078730_abstract": 0.796983920969069, "4227439_abstract": 0.7969663199037313, "4227440_abstract": 0.7969663199037313, "4082651_abstract": 0.7969662332907319, "3338875_abstract": 0.7969505898654461, "3750616_abstract": 0.7969462275505066, "3437714_abstract": 0.7969398694112897, "4245399_abstract": 0.7969320835545659, "3384896_abstract": 0.7969246809370816, "2862618_abstract": 0.7969166832044721, "3753618_abstract": 0.7969136817846447, "3441442_abstract": 0.7969017480500042, "3821968_abstract": 0.791091893101111, "3312223_abstract": 0.7871819229330868, "4159300_abstract": 0.7774655669927597, "3563925_abstract": 0.7774576805531979, "3971157_abstract": 0.7774212909862399, "3597592_abstract": 0.7774139801040292, "3900809_abstract": 0.7773995082825422, "2921776_abstract": 0.7773953122086823, "3564335_abstract": 0.7773922421038151, "4209605_abstract": 0.7773872655816376, "4094829_abstract": 0.7773734265938401, "4265708_abstract": 0.7773704850114882, "3324117_abstract": 0.7696212952335676, "3834913_abstract": 0.763875987380743, "3840038_abstract": 0.759981844923459, "3238811_abstract": 0.7578770502004772, "3663680_abstract": 0.7541431486606598, "3312110_abstract": 0.7541184537112713, "3974721_abstract": 0.7540737017989159, "4257888_abstract": 0.754045782610774, "3919718_abstract": 0.7540326192975044, "3960278_abstract": 0.753978094086051, "2926896_abstract": 0.7539712395519018, "3708250_abstract": 0.7539687524549663, "3945099_abstract": 0.7539608678780496, "4273477_abstract": 0.7539441892877221, "3978098_abstract": 0.7539406248833984, "4176725_abstract": 0.738346551079303, "4141327_abstract": 0.7363802925683558, "4019471_abstract": 0.7305925376713276, "2853515_abstract": 0.7305886149406433, "4012002_abstract": 0.7305866628885269, "4030100_abstract": 0.7305847490206361, "4249803_abstract": 0.7305815704166889, "3533435_abstract": 0.7305799201130867, "3881925_abstract": 0.7305783149786294, "3418633_abstract": 0.7305478407070041, "2947388_abstract": 0.7305464912205935, "3175910_abstract": 0.7305403579957783, "3181517_abstract": 0.7305316925048828, "4062991_abstract": 0.7305264603346586, "3272408_abstract": 0.7305262614972889, "4101516_abstract": 0.730515806004405, "3456398_abstract": 0.7129574734717607, "3597796_abstract": 0.707161383703351, "3239365_abstract": 0.707161383703351, "2870989_abstract": 0.7071584379300475, "2891762_abstract": 0.7071559187024832, "3067399_abstract": 0.7071392824873328, "3587361_abstract": 0.7071275999769568, "3593890_abstract": 0.7071094801649451, "3745048_abstract": 0.7071091160178185, "4039347_abstract": 0.7070870362222195, "3656471_abstract": 0.7070810394361615, "3778502_abstract": 0.7070774738676846, "3369712_abstract": 0.7070693396963179, "4219001_abstract": 0.707059366395697, "2876400_abstract": 0.7034270912408829, "4082650_abstract": 0.7032393370755017, "3264011_abstract": 0.6934457798488438, "2873466_abstract": 0.6798788830637932, "4194521_abstract": 0.6798212435096502, "3379147_abstract": 0.6797887729480863, "3514283_abstract": 0.6797844814136624, "3244152_abstract": 0.6797675127163529, "3141569_abstract": 0.679764567874372, "2860461_abstract": 0.6797546707093716, "3485969_abstract": 0.6797529784962535, "4056249_abstract": 0.6797436205670238, "4260715_abstract": 0.6797436205670238, "3026342_abstract": 0.6797400284558535, "3670686_abstract": 0.6797244073823094, "3636998_abstract": 0.6740326355211437, "2891630_abstract": 0.6641307370737195, "2860447_abstract": 0.6621836465783417, "3087940_abstract": 0.6525115985423326, "3530115_abstract": 0.6524442173540592, "3263750_abstract": 0.6524429023265839, "3392565_abstract": 0.6524222157895565, "3101170_abstract": 0.6524092787876725, "3045844_abstract": 0.6524074645712972, "3040316_abstract": 0.6524020526558161, "4015492_abstract": 0.6524015846662223, "4015491_abstract": 0.6523999916389585, "4104913_abstract": 0.6523882932960987, "4212231_abstract": 0.6270591865759343, "3300796_abstract": 0.6213064175099134, "3660008_abstract": 0.6212797574698925, "3767216_abstract": 0.6212305780500174, "3263614_abstract": 0.6211879849433899, "3124861_abstract": 0.6211878545582294, "3714988_abstract": 0.6211859043687582, "3845703_abstract": 0.6211598515510559, "3733884_abstract": 0.6211598124355078, "3243879_abstract": 0.6211563460528851, "3273163_abstract": 0.6211537015624344, "3954751_abstract": 0.6211520326323807, "2960211_abstract": 0.6211441718041897, "4015488_abstract": 0.6211418998427689, "4215483_abstract": 0.6211381801404059, "4239086_abstract": 0.6211346038617194, "3792328_abstract": 0.621133878827095, "3202877_abstract": 0.6211284105665982, "3318621_abstract": 0.6211284105665982, "3578779_abstract": 0.6211262294091284, "2870991_abstract": 0.5939607210457325, "3785781_abstract": 0.5939406659454107, "3785782_abstract": 0.5939406659454107, "4033442_abstract": 0.5938730724155903, "4202299_abstract": 0.5938605014234781, "3845588_abstract": 0.5938306283205748, "3147015_abstract": 0.593824528157711, "3460021_abstract": 0.5938118752092123, "3502560_abstract": 0.5938098561018705, "3748065_abstract": 0.5938071738928556, "3714720_abstract": 0.5938045792281628, "3249296_abstract": 0.5937991365790367, "3366652_abstract": 0.5937973577529192, "2860308_abstract": 0.5937948003411293, "2985264_abstract": 0.5937922820448875, "2865799_abstract": 0.593789772130549, "2949994_abstract": 0.5937830875627697, "3285272_abstract": 0.5937825303990394, "3821966_abstract": 0.5937751231249422, "4036471_abstract": 0.580919200864931, "3312329_abstract": 0.562731584534049, "3045581_abstract": 0.5626875068992376, "4215494_abstract": 0.5626762099564075, "3216636_abstract": 0.5626487787812948, "3231846_abstract": 0.5626039784401655, "4249802_abstract": 0.5625992640852928, "3703477_abstract": 0.5625919736921787, "3112442_abstract": 0.5625740112736821, "4005995_abstract": 0.5625664750114083, "3243560_abstract": 0.562562488950789, "3015778_abstract": 0.5625608386471868, "3583998_abstract": 0.5625472934916615, "3892368_abstract": 0.5625455910339952, "4186590_abstract": 0.5625427216291428, "4279619_abstract": 0.5625420846045017, "3447043_abstract": 0.5625400173012167, "3604570_abstract": 0.5625384235754609, "3711997_abstract": 0.562537875957787, "3431571_abstract": 0.5625349320471287, "3604928_abstract": 0.5625343846622854, "3540026_abstract": 0.5625336249358952, "2821698_abstract": 0.5625333653297275, "3399013_abstract": 0.5625328039750457, "3647659_abstract": 0.5625281718093902, "2842564_abstract": 0.5625243650283664, "3144621_abstract": 0.5469351862557232, "3978578_abstract": 0.5314531922340393, "3438659_abstract": 0.5313535165041685, "3505602_abstract": 0.5313426833599806, "3205679_abstract": 0.5313276220113039, "4278913_abstract": 0.531324939802289, "4112756_abstract": 0.5313237607479095, "4183751_abstract": 0.5313224252313375, "3002275_abstract": 0.5313127338886261,