{"4209465_abstract": 0.9453466191189364, "3514218_abstract": 0.8516145371831954, "3222366_abstract": 0.836014935746789, "3835286_abstract": 0.8360124323517084, "3795701_abstract": 0.796957035548985, "3156374_abstract": 0.7773953475989401, "2894212_abstract": 0.7773952386341989, "4286322_abstract": 0.7539965407922864, "2998024_abstract": 0.7305050725117326, "4234526_abstract": 0.6797339906916022, "3907181_abstract": 0.6797222066670656, "4134177_abstract": 0.6524099912494421, "3450622_abstract": 0.6523933345451951, "3865470_abstract": 0.6211338741704822, "3176320_abstract": 0.5937863062135875, "3632891_abstract": 0.5625550663098693, "2990115_abstract": 0.5625326363369823, "3095789_abstract": 0.5313163851387799}