{"4279458_abstract": 0.9727465170435609, "3095760_abstract": 0.9611442591995, "4209465_abstract": 0.9453466191189364, "4079395_abstract": 0.9336674488149584, "3782959_abstract": 0.9258465403690934, "4226990_abstract": 0.922079687938094, "3730479_abstract": 0.9142143875360488, "3539634_abstract": 0.906331291422248, "3130563_abstract": 0.9025702271610498, "3831457_abstract": 0.9024825459346176, "3150642_abstract": 0.894619645550847, "3181526_abstract": 0.8946026237681508, "4019105_abstract": 0.8945787651464343, "3312223_abstract": 0.8945701064076275, "2891630_abstract": 0.8673099540174007, "4268950_abstract": 0.8516581449657679, "3514218_abstract": 0.8516145371831954, "3222366_abstract": 0.836014935746789, "3835286_abstract": 0.8360124323517084, "3031511_abstract": 0.8360106814652681, "3235802_abstract": 0.8359701922163367, "3539901_abstract": 0.8164541339501739, "3795701_abstract": 0.796957035548985, "4140557_abstract": 0.7969333045184612, "3249296_abstract": 0.7969097411260009, "3332862_abstract": 0.7969055688008666, "3156374_abstract": 0.7773953475989401, "2894212_abstract": 0.7773952386341989, "3187480_abstract": 0.7773734233342111, "4286322_abstract": 0.7539965407922864, "3533511_abstract": 0.753933290950954, "2853515_abstract": 0.7305886149406433, "3299035_abstract": 0.7305568605661392, "3663004_abstract": 0.7305402224883437, "4059589_abstract": 0.7305163373239338, "2998024_abstract": 0.7305050725117326, "3002013_abstract": 0.7070743427611887, "2993322_abstract": 0.7070595570839942, "3363778_abstract": 0.7070556168910116, "3287435_abstract": 0.7070556168910116, "4036471_abstract": 0.6799917668104172, "4070646_abstract": 0.6798061430454254, "3719282_abstract": 0.6797839682549238, "3885687_abstract": 0.6797559792175889, "2975319_abstract": 0.6797490166500211, "4234526_abstract": 0.6797339906916022, "3907181_abstract": 0.6797222066670656, "4134177_abstract": 0.6524099912494421, "3450622_abstract": 0.6523933345451951, "3048091_abstract": 0.6523756617680192, "3037511_abstract": 0.6523696789517999, "3300796_abstract": 0.6213064175099134, "3517505_abstract": 0.6212752535939217, "3552687_abstract": 0.6211962066590786, "2930225_abstract": 0.6211555972695351, "2960211_abstract": 0.6211441718041897, "3865470_abstract": 0.6211338741704822, "3785782_abstract": 0.5939406659454107, "3785781_abstract": 0.5939406659454107, "3202721_abstract": 0.5938373040407896, "2896442_abstract": 0.5938170365989208, "3767198_abstract": 0.5938072605058551, "2881160_abstract": 0.5937973372638226, "3792553_abstract": 0.5937901511788368, "2865799_abstract": 0.593789772130549, "2990110_abstract": 0.5937874224036932, "3176320_abstract": 0.5937863062135875, "3311969_abstract": 0.5937809417955577, "2878367_abstract": 0.5937681533396244, "4215494_abstract": 0.5626762099564075, "3192591_abstract": 0.5626063253730536, "2930565_abstract": 0.5625732969492674, "3632891_abstract": 0.5625550663098693, "4036056_abstract": 0.562548104673624, "3800080_abstract": 0.5625392366200686, "2990115_abstract": 0.5625326363369823, "3943598_abstract": 0.5625190334394574, "3925700_abstract": 0.5625185093376786, "3674267_abstract": 0.5313245374709368, "3095789_abstract": 0.5313163851387799, "3725758_abstract": 0.5313076954334974, "3543209_abstract": 0.5313076954334974, "3006099_abstract": 0.5312938746064901, "3100785_abstract": 0.531291080173105, "4201522_abstract": 0.5312869623303413, "2974780_abstract": 0.5312856431119144, "3904763_abstract": 0.5312838549725711, "3542888_abstract": 0.5312749613076448, "3069914_abstract": 0.5312738232314587, "3753906_abstract": 0.5001347959041595, "2995320_abstract": 0.5001035984605551, "3715727_abstract": 0.5000876523554325, "4063355_abstract": 0.5000770390033722, "3144592_abstract": 0.500053072348237, "3031510_abstract": 0.5000522909685969, "3974381_abstract": 0.5000365599989891, "3072865_abstract": 0.500034702476114, "3378920_abstract": 0.5000345632433891, "4162812_abstract": 0.500033650547266, "3553453_abstract": 0.5000331792980433, "4163352_abstract": 0.5000220651272684, "3632554_abstract": 0.5000181263312697}