{"4279458_abstract": 0.9727465170435609, "4209465_abstract": 0.9453466191189364, "4226990_abstract": 0.922079687938094, "3095760_abstract": 0.9143649255856872, "3730479_abstract": 0.9142143875360488, "3163983_abstract": 0.914135546889156, "3539634_abstract": 0.906331291422248, "3351875_abstract": 0.9063250315375626, "3156232_abstract": 0.8948283530771732, "2914070_abstract": 0.8790700323879719, "3826434_abstract": 0.879049725830555, "3933266_abstract": 0.8789446395821869, "2891630_abstract": 0.8673099540174007, "3193084_abstract": 0.8672343869693577, "3611752_abstract": 0.8522728830575943, "4141327_abstract": 0.8516213321126997, "2896450_abstract": 0.851616223808378, "3514218_abstract": 0.8516145371831954, "3150642_abstract": 0.8457725832704455, "3222366_abstract": 0.836014935746789, "3835286_abstract": 0.8360124323517084, "3640379_abstract": 0.8359944694675505, "4019105_abstract": 0.8359897062182426, "3312223_abstract": 0.8359824289800599, "3235802_abstract": 0.8359701922163367, "4079395_abstract": 0.8321220956277102, "3831457_abstract": 0.8191525675356388, "4183367_abstract": 0.8165434878319502, "4275782_abstract": 0.8164839437231421, "3321578_abstract": 0.8164658332243562, "3782959_abstract": 0.8146526836790144, "4170080_abstract": 0.8145285462960601, "3181526_abstract": 0.812845450360328, "3843122_abstract": 0.7970403879880905, "4169605_abstract": 0.796985562890768, "4082644_abstract": 0.796962320804596, "3795701_abstract": 0.796957035548985, "4140557_abstract": 0.7969333045184612, "3332862_abstract": 0.7969055688008666, "3208558_abstract": 0.7793834856711328, "3761341_abstract": 0.777476891875267, "3563925_abstract": 0.7774576805531979, "3437714_abstract": 0.7774543166160583, "2929933_abstract": 0.7774450769647956, "3001102_abstract": 0.7774226916953921, "4059889_abstract": 0.7774129817262292, "3189968_abstract": 0.7774093151092529, "2929932_abstract": 0.7774030128493905, "3156374_abstract": 0.7773953475989401, "2921776_abstract": 0.7773953122086823, "2894212_abstract": 0.7773952386341989, "3564335_abstract": 0.7773922421038151, "3187480_abstract": 0.7773734233342111, "2947388_abstract": 0.7735111410729587, "3130563_abstract": 0.7619004501029849, "4089314_abstract": 0.7541053742170334, "3345988_abstract": 0.7540953140705824, "4257888_abstract": 0.754045782610774, "4286322_abstract": 0.7539965407922864, "3885027_abstract": 0.7539643542841077, "2843030_abstract": 0.7539630578830838, "3533511_abstract": 0.753933290950954, "3264011_abstract": 0.7520609507337213, "3324117_abstract": 0.7364151338115335, "3607831_abstract": 0.7305956147611141, "2853515_abstract": 0.7305886149406433, "4012002_abstract": 0.7305866628885269, "4030100_abstract": 0.7305847490206361, "2860447_abstract": 0.73056751023978, "3758044_abstract": 0.7305653085932136, "3299035_abstract": 0.7305568605661392, "3745026_abstract": 0.7305528474971652, "3418633_abstract": 0.7305478407070041, "3395428_abstract": 0.7305439068004489, "3663004_abstract": 0.7305402224883437, "3045563_abstract": 0.7305212416686118, "3308875_abstract": 0.7305148472078145, "4119215_abstract": 0.7305141864344478, "2998024_abstract": 0.7305050725117326, "3881925_abstract": 0.7071625217795372, "4086514_abstract": 0.7071547629311681, "3067399_abstract": 0.7071392824873328, "3255961_abstract": 0.7071318197995424, "3057120_abstract": 0.7071295753121376, "3854210_abstract": 0.7071289774030447, "3428561_abstract": 0.7071173675358295, "3536671_abstract": 0.7071124706417322, "2876137_abstract": 0.7071054819971323, "3456865_abstract": 0.7070950306952, "4268950_abstract": 0.7070945119485259, "4215485_abstract": 0.7070943880826235, "3249295_abstract": 0.7070877943187952, "2949728_abstract": 0.7070815525949001, "3002013_abstract": 0.7070743427611887, "2993322_abstract": 0.7070595570839942, "3272409_abstract": 0.7070571014191955, "3287435_abstract": 0.7070556168910116, "3363778_abstract": 0.7070556168910116, "3249296_abstract": 0.6953544388525188, "3815740_abstract": 0.6896762195974588, "3031511_abstract": 0.683654174208641, "3069914_abstract": 0.6836337123531848, "4080146_abstract": 0.6798371896147728, "4231328_abstract": 0.6798355486243963, "4194521_abstract": 0.6798212435096502, "4070646_abstract": 0.6798061430454254, "4015892_abstract": 0.6798027120530605, "3992520_abstract": 0.6797943413257599, "3719282_abstract": 0.6797839682549238, "3116289_abstract": 0.6797675648704171, "3141569_abstract": 0.679764567874372, "3136021_abstract": 0.6797590544447303, "3885687_abstract": 0.6797559792175889, "2860461_abstract": 0.6797546707093716, "2975319_abstract": 0.6797490166500211, "4176725_abstract": 0.6797436447814107, "3026342_abstract": 0.6797400284558535, "3819404_abstract": 0.6797369509004056, "4234526_abstract": 0.6797339906916022, "3907181_abstract": 0.6797222066670656, "2949994_abstract": 0.673872826853767, "3792553_abstract": 0.6621567024849355, "3705473_abstract": 0.6525153256952763, "3006060_abstract": 0.6525043286383152, "3219786_abstract": 0.6525010764598846, "3663632_abstract": 0.6524913869798183, "4082651_abstract": 0.6524784825742245, "3778820_abstract": 0.6524628922343254, "3656455_abstract": 0.6524531561881304, "4245729_abstract": 0.6524389255791903, "3719833_abstract": 0.6524371365085244, "2910663_abstract": 0.6524242842569947, "3978679_abstract": 0.6524230604991317, "4183471_abstract": 0.6524222576990724, "3392565_abstract": 0.6524222157895565, "4062991_abstract": 0.6524176094681025, "4134177_abstract": 0.6524099912494421, "3101170_abstract": 0.6524092787876725, "4015492_abstract": 0.6524015846662223, "4015491_abstract": 0.6523999916389585, "3450622_abstract": 0.6523933345451951, "3693480_abstract": 0.652388428337872, "3147024_abstract": 0.6523814983665943, "3048091_abstract": 0.6523756617680192, "3037511_abstract": 0.6523696789517999, "3834913_abstract": 0.6427078367560171, "4082650_abstract": 0.6368302125483751, "3821968_abstract": 0.6367931081913412, "3845297_abstract": 0.6349603529088199, "3663680_abstract": 0.6331302300095558, "3539901_abstract": 0.6263860821103057, "3300796_abstract": 0.6213064175099134, "4036471_abstract": 0.6213004379533231, "3138894_abstract": 0.621295377612114, "3517505_abstract": 0.6212752535939217, "3170542_abstract": 0.6212070696055889, "3552687_abstract": 0.6211962066590786, "2950333_abstract": 0.621192691847682, "3263614_abstract": 0.6211879849433899, "3124861_abstract": 0.6211878545582294, "3226661_abstract": 0.6211725249886513, "3945128_abstract": 0.6211599400267005, "3243879_abstract": 0.6211563460528851, "2930225_abstract": 0.6211555972695351, "3273163_abstract": 0.6211537015624344, "2960211_abstract": 0.6211441718041897, "4015488_abstract": 0.6211418998427689, "3231895_abstract": 0.6211343831382692, "3792328_abstract": 0.621133878827095, "3865470_abstract": 0.6211338741704822, "3578779_abstract": 0.6211262294091284, "4059589_abstract": 0.6153570769820362, "3816511_abstract": 0.6153142433613539, "3171090_abstract": 0.5939723029732704, "2870991_abstract": 0.5939607210457325, "3785782_abstract": 0.5939406659454107, "3785781_abstract": 0.5939406659454107, "4292988_abstract": 0.5939351171255112, "2863411_abstract": 0.5939315799623728, "3974721_abstract": 0.5939272493124008, "3115796_abstract": 0.5939221885055304, "3072569_abstract": 0.593901377171278, "3796362_abstract": 0.5938964039087296, "3725919_abstract": 0.5938805192708969, "3503692_abstract": 0.5938586089760065, "3403735_abstract": 0.593856050632894, "3197245_abstract": 0.5938451886177063, "3202721_abstract": 0.5938373040407896, "3641507_abstract": 0.5938235186040401, "3848426_abstract": 0.5938180228695273, "2896442_abstract": 0.5938170365989208, "3182003_abstract": 0.5938136987388134, "3460021_abstract": 0.5938118752092123, "4015068_abstract": 0.5938100954517722, "3502560_abstract": 0.5938098561018705, "3767198_abstract": 0.5938072605058551, "3714720_abstract": 0.5938045792281628, "2881160_abstract": 0.5937973372638226, "3115482_abstract": 0.5937953465618193, "2860308_abstract": 0.5937948003411293,