{"3821968_abstract": 0.9610033654607832, "4159308_abstract": 0.9414813201874496, "3858786_abstract": 0.9336324203759432, "3572141_abstract": 0.92585174087435, "4170080_abstract": 0.9258480337448418, "3695897_abstract": 0.9141647722572088, "2853307_abstract": 0.9141248678788544, "4252893_abstract": 0.9141139360144734, "3437726_abstract": 0.9063320755958556, "3456402_abstract": 0.906313832849264, "2871476_abstract": 0.9063126691617072, "4226993_abstract": 0.9062973456457256, "3216511_abstract": 0.8947800016030669, "3006060_abstract": 0.8946533221751451, "4176966_abstract": 0.8946083523333073, "4091700_abstract": 0.8945848634466529, "3216512_abstract": 0.879105924628675, "3208558_abstract": 0.8790426570922136, "4275782_abstract": 0.8789996784180403, "4108737_abstract": 0.87899504089728, "3733270_abstract": 0.8789392118342221, "3216513_abstract": 0.8674044162034988, "3599011_abstract": 0.8672798126935959, "4224094_abstract": 0.8672535493969917, "3263208_abstract": 0.8672360703349113, "3603770_abstract": 0.8672276851721108, "3324117_abstract": 0.8516553845256567, "3785787_abstract": 0.8516540732234716, "3928856_abstract": 0.851652872748673, "3608011_abstract": 0.8516417387872934, "4141327_abstract": 0.8516213321126997, "3115098_abstract": 0.8515884196385741, "4159300_abstract": 0.836047412827611, "4194076_abstract": 0.8360236156731844, "4215485_abstract": 0.8360021207481623, "3885027_abstract": 0.8359794798307121, "3656455_abstract": 0.8165472578257322, "4008424_abstract": 0.8165038051083684, "2871477_abstract": 0.8164765685796738, "3321578_abstract": 0.8164658332243562, "3473332_abstract": 0.8164526810869575, "2823872_abstract": 0.8164471946656704, "4029595_abstract": 0.8164465157315135, "4082651_abstract": 0.7969662332907319, "4230575_abstract": 0.7969581484794617, "3075438_abstract": 0.7969546550884843, "3338875_abstract": 0.7969505898654461, "3750616_abstract": 0.7969462275505066, "3437714_abstract": 0.7969398694112897, "4245399_abstract": 0.7969320835545659, "3150642_abstract": 0.7969255209900439, "3305395_abstract": 0.7969230972230434, "3053642_abstract": 0.7969228317961097, "3673975_abstract": 0.7969167344272137, "2862618_abstract": 0.7969166832044721, "4108315_abstract": 0.7969125336967409, "4230284_abstract": 0.7969117201864719, "3406327_abstract": 0.7969015343114734, "3831457_abstract": 0.7774405041709542, "2926887_abstract": 0.777440395206213, "3971157_abstract": 0.7774212909862399, "3597592_abstract": 0.7774139801040292, "4019105_abstract": 0.777400647290051, "3900809_abstract": 0.7773995082825422, "2921776_abstract": 0.7773953122086823, "3312223_abstract": 0.7773947515524924, "3542891_abstract": 0.7773820557631552, "3178541_abstract": 0.7773813884705305, "4094829_abstract": 0.7773734265938401, "4082650_abstract": 0.7539987349882722, "2832424_abstract": 0.7539962604641914, "2926896_abstract": 0.7539712395519018, "2873650_abstract": 0.7539651468396187, "3978098_abstract": 0.7539406248833984, "3808436_abstract": 0.7539306867402047, "2853515_abstract": 0.7305886149406433, "4030100_abstract": 0.7305847490206361, "2860447_abstract": 0.73056751023978, "3299035_abstract": 0.7305568605661392, "3418633_abstract": 0.7305478407070041, "2947388_abstract": 0.7305464912205935, "3181517_abstract": 0.7305316925048828, "3272408_abstract": 0.7305262614972889, "4015069_abstract": 0.7305179918184876, "3053643_abstract": 0.73051424510777, "3048188_abstract": 0.730503810569644, "3081292_abstract": 0.7071264497935772, "3593890_abstract": 0.7071094801649451, "3202486_abstract": 0.707063770852983, "4219001_abstract": 0.707059366395697, "3363778_abstract": 0.7070556168910116, "3287435_abstract": 0.7070556168910116, "4036471_abstract": 0.6799917668104172, "4070646_abstract": 0.6798061430454254, "2860461_abstract": 0.6797546707093716, "4260715_abstract": 0.6797436205670238, "3026342_abstract": 0.6797400284558535, "3392565_abstract": 0.6524222157895565, "3045844_abstract": 0.6524074645712972, "2853306_abstract": 0.6523898052982986, "4043092_abstract": 0.652380155865103, "3048091_abstract": 0.6523756617680192, "3620504_abstract": 0.6523627280257642, "3124861_abstract": 0.6211878545582294, "3273163_abstract": 0.6211537015624344, "3666909_abstract": 0.6211466155946255, "2960211_abstract": 0.6211441718041897, "3881926_abstract": 0.6211421974003315, "4215483_abstract": 0.6211381801404059, "3329985_abstract": 0.6211376572027802, "3441132_abstract": 0.6211312972009182, "4194078_abstract": 0.6211297404952347, "3578779_abstract": 0.6211262294091284, "3202721_abstract": 0.5938373040407896, "3741452_abstract": 0.5938281361013651, "3199222_abstract": 0.5938267931342125, "3502560_abstract": 0.5938098561018705, "2821123_abstract": 0.5938001414760947, "3381543_abstract": 0.5937925707548857, "2990110_abstract": 0.5937874224036932, "2949994_abstract": 0.5937830875627697, "2998013_abstract": 0.5937812901102006, "3192591_abstract": 0.5626063253730536, "3147019_abstract": 0.562569790519774, "3015778_abstract": 0.5625608386471868, "4036056_abstract": 0.562548104673624, "3604928_abstract": 0.5625343846622854, "2821698_abstract": 0.5625333653297275, "4268950_abstract": 0.562530878931284, "3744817_abstract": 0.5625288272276521, "3647659_abstract": 0.5625281718093902, "3943598_abstract": 0.5625190334394574, "3708238_abstract": 0.531423257663846, "3438659_abstract": 0.5313535165041685, "4183751_abstract": 0.5313224252313375, "3059011_abstract": 0.5313111538998783, "3805188_abstract": 0.5313090067356825, "3543209_abstract": 0.5313076954334974, "3434975_abstract": 0.5312999482266605, "3031511_abstract": 0.531297666952014, "2963361_abstract": 0.5312952077947557, "4183485_abstract": 0.5312948152422905, "2944369_abstract": 0.5312921330332756, "3128250_abstract": 0.5312894801609218, "3549657_abstract": 0.5312822037376463, "3815673_abstract": 0.5312668283004314, "3708250_abstract": 0.5000969711691141, "3816511_abstract": 0.5000797156244516, "4063355_abstract": 0.5000770390033722, "3892358_abstract": 0.5000656843185425, "4227579_abstract": 0.5000649252906442, "3578792_abstract": 0.5000618174672127, "3144592_abstract": 0.500053072348237, "3031510_abstract": 0.5000522909685969, "2826544_abstract": 0.500049764290452, "3978674_abstract": 0.5000486839562654, "4052786_abstract": 0.5000475887209177, "2902088_abstract": 0.5000413656234741, "3095996_abstract": 0.5000348859466612, "3378920_abstract": 0.5000345632433891, "4140948_abstract": 0.5000272325705737, "3815671_abstract": 0.50001957337372}