{"4279458_abstract": 0.9727465170435609, "3095760_abstract": 0.9611442591995, "3821968_abstract": 0.9610033654607832, "3834913_abstract": 0.9455412831157446, "3563926_abstract": 0.9453926221467556, "4159308_abstract": 0.9414813201874496, "4079395_abstract": 0.9336674488149584, "3858786_abstract": 0.9336324203759432, "3572141_abstract": 0.92585174087435, "4170080_abstract": 0.9258480337448418, "3782959_abstract": 0.9258465403690934, "4226990_abstract": 0.922079687938094, "3730479_abstract": 0.9142143875360488, "3695897_abstract": 0.9141647722572088, "2853307_abstract": 0.9141248678788544, "4252893_abstract": 0.9141139360144734, "4059589_abstract": 0.9063440090976655, "4249803_abstract": 0.9063430121168494, "3563925_abstract": 0.9063402451574802, "3208558_abstract": 0.9063349366188048, "3437726_abstract": 0.9063320755958556, "3539634_abstract": 0.906331291422248, "3171090_abstract": 0.9063263731077312, "3351875_abstract": 0.9063250315375626, "3456402_abstract": 0.906313832849264, "2871476_abstract": 0.9063126691617072, "4226993_abstract": 0.9062973456457256, "3130563_abstract": 0.9025702271610498, "3831457_abstract": 0.9024825459346176, "3216511_abstract": 0.8947800016030669, "3825222_abstract": 0.8947424050420523, "3663680_abstract": 0.8946743477135897, "3006060_abstract": 0.8946533221751451, "3991825_abstract": 0.8946303939446807, "3767216_abstract": 0.8946264153346419, "3150642_abstract": 0.894619645550847, "4176966_abstract": 0.8946083523333073, "3181526_abstract": 0.8946026237681508, "4091700_abstract": 0.8945848634466529, "4019105_abstract": 0.8945787651464343, "4275782_abstract": 0.894573280820623, "3312223_abstract": 0.8945701064076275, "3216512_abstract": 0.879105924628675, "3456398_abstract": 0.8790890295058489, "3656743_abstract": 0.8790628872811794, "3539901_abstract": 0.8790117064490914, "3925700_abstract": 0.8790030432865024, "4108737_abstract": 0.87899504089728, "4249802_abstract": 0.8789792340248823, "3733270_abstract": 0.8789392118342221, "3216513_abstract": 0.8674044162034988, "3293229_abstract": 0.8673200234770775, "2891630_abstract": 0.8673099540174007, "4098362_abstract": 0.8672975115478039, "3599011_abstract": 0.8672798126935959, "3632554_abstract": 0.8672547717578709, "4224094_abstract": 0.8672535493969917, "3476476_abstract": 0.8672398054040968, "3263208_abstract": 0.8672360703349113, "3603770_abstract": 0.8672276851721108, "4268950_abstract": 0.8516581449657679, "3272415_abstract": 0.8516579694114625, "3324117_abstract": 0.8516553845256567, "2918878_abstract": 0.8516541020944715, "3785787_abstract": 0.8516540732234716, "3928856_abstract": 0.851652872748673, "3608011_abstract": 0.8516417387872934, "4141327_abstract": 0.8516213321126997, "3115098_abstract": 0.8515884196385741, "3950202_abstract": 0.8361135888844728, "3159491_abstract": 0.8360622990876436, "4159300_abstract": 0.836047412827611, "3072587_abstract": 0.8360273810103536, "4194076_abstract": 0.8360236156731844, "3656455_abstract": 0.8360203681513667, "4039355_abstract": 0.8360124491155148, "2878358_abstract": 0.8360124104656279, "3031511_abstract": 0.8360106814652681, "4215485_abstract": 0.8360021207481623, "4202297_abstract": 0.835994491353631, "3885027_abstract": 0.8359794798307121, "3235802_abstract": 0.8359701922163367, "3434300_abstract": 0.8167103938758373, "3434819_abstract": 0.8165824040770531, "3069914_abstract": 0.816519483923912, "4008424_abstract": 0.8165038051083684, "3346045_abstract": 0.8164931368082762, "2871477_abstract": 0.8164765685796738, "3792553_abstract": 0.8164740027859807, "3321578_abstract": 0.8164658332243562, "4130534_abstract": 0.8164535379037261, "3473332_abstract": 0.8164526810869575, "2823872_abstract": 0.8164471946656704, "4029595_abstract": 0.8164465157315135, "2993322_abstract": 0.8164438642561436, "3026379_abstract": 0.7969814445823431, "4227439_abstract": 0.7969663199037313, "4227440_abstract": 0.7969663199037313, "4082651_abstract": 0.7969662332907319, "4230575_abstract": 0.7969581484794617, "3848564_abstract": 0.7969553582370281, "3075438_abstract": 0.7969546550884843, "3338875_abstract": 0.7969505898654461, "3750616_abstract": 0.7969462275505066, "3437714_abstract": 0.7969398694112897, "3714720_abstract": 0.7969333291985095, "4140557_abstract": 0.7969333045184612, "4245399_abstract": 0.7969320835545659, "3305395_abstract": 0.7969230972230434, "3053642_abstract": 0.7969228317961097, "3673975_abstract": 0.7969167344272137, "2862618_abstract": 0.7969166832044721, "4108315_abstract": 0.7969125336967409, "4230284_abstract": 0.7969117201864719, "2845637_abstract": 0.7969109960831702, "3249296_abstract": 0.7969097411260009, "3332862_abstract": 0.7969055688008666, "3406327_abstract": 0.7969015343114734, "3542888_abstract": 0.7774683386087418, "3175910_abstract": 0.7774586994200945, "3533511_abstract": 0.7774554481729865, "2933016_abstract": 0.7774520507082343, "3799725_abstract": 0.7774495482444763, "2926887_abstract": 0.777440395206213, "3971157_abstract": 0.7774212909862399, "4183471_abstract": 0.7774187671020627, "3597592_abstract": 0.7774139801040292, "3900809_abstract": 0.7773995082825422, "2921776_abstract": 0.7773953122086823, "3542891_abstract": 0.7773820557631552, "3178541_abstract": 0.7773813884705305, "4094829_abstract": 0.7773734265938401, "3187480_abstract": 0.7773734233342111, "3616767_abstract": 0.7540772538632154, "3067327_abstract": 0.754045195877552, "3771490_abstract": 0.7540109232068062, "3061515_abstract": 0.7540091667324305, "4082650_abstract": 0.7539987349882722, "2832424_abstract": 0.7539962604641914, "3611153_abstract": 0.7539899004623294, "3002013_abstract": 0.7539763152599335, "2926896_abstract": 0.7539712395519018, "3441126_abstract": 0.7539696143940091, "2873650_abstract": 0.7539651468396187, "3848347_abstract": 0.7539558196440339, "3695955_abstract": 0.753952793078497, "3978098_abstract": 0.7539406248833984, "3808436_abstract": 0.7539306867402047, "4119224_abstract": 0.7539302443619817, "3453450_abstract": 0.7307631447911263, "2826541_abstract": 0.7306004231795669, "3540349_abstract": 0.7305905502289534, "2853515_abstract": 0.7305886149406433, "4030100_abstract": 0.7305847490206361, "3189974_abstract": 0.7305835168808699, "2990384_abstract": 0.7305684615857899, "2860447_abstract": 0.73056751023978, "3299035_abstract": 0.7305568605661392, "3470132_abstract": 0.7305532097816467, "3418633_abstract": 0.7305478407070041, "2947388_abstract": 0.7305464912205935, "3593890_abstract": 0.730542466044426, "3663004_abstract": 0.7305402224883437, "3187797_abstract": 0.7305326261557639, "3181517_abstract": 0.7305316925048828, "3272408_abstract": 0.7305262614972889, "4015069_abstract": 0.7305179918184876, "3053643_abstract": 0.73051424510777, "3951264_abstract": 0.7305136718787253, "3444355_abstract": 0.7305109240114689, "3889404_abstract": 0.730504211736843, "3048188_abstract": 0.730503810569644, "3181835_abstract": 0.7071651611477137, "3881925_abstract": 0.7071625217795372, "3239365_abstract": 0.707161383703351, "3597796_abstract": 0.707161383703351, "2891762_abstract": 0.7071559187024832, "4039640_abstract": 0.707152720540762, "3100777_abstract": 0.707134772092104, "3081292_abstract": 0.7071264497935772, "4060308_abstract": 0.7071106918156147, "2876137_abstract": 0.7071054819971323, "3357871_abstract": 0.7070984961465001, "3546059_abstract": 0.707093020901084, "3711997_abstract": 0.7070851288735867, "3696237_abstract": 0.7070779693312943, "2883842_abstract": 0.7070773444138467, "4279175_abstract": 0.7070699618197978, "3202486_abstract": 0.707063770852983, "2878367_abstract": 0.7070611319504678, "4219001_abstract": 0.707059366395697, "3363778_abstract": 0.7070556168910116, "3287435_abstract": 0.7070556168910116, "3437717_abstract": 0.6798415007069707, "3505602_abstract": 0.6798150232061744, "4070646_abstract": 0.6798061430454254, "4085991_abstract": 0.6797932321205735, "3514283_abstract": 0.6797844814136624, "3719282_abstract": 0.6797839682549238, "3339772_abstract": 0.679781966842711,