{"3395433_abstract": 0.9571927301585674, "3412636_abstract": 0.9532173546031116, "4209465_abstract": 0.9453466191189364, "3348522_abstract": 0.9415007680654526, "3222590_abstract": 0.9414555400144308, "2960213_abstract": 0.9337328597903252, "3492433_abstract": 0.93369424296543, "2904892_abstract": 0.9336919356137514, "3778501_abstract": 0.933663662755862, "3176132_abstract": 0.9336500663775952, "3117892_abstract": 0.9258956136181952, "4223395_abstract": 0.925874068401754, "3090806_abstract": 0.9258604370988904, "3406569_abstract": 0.9258536542765796, "3162766_abstract": 0.9258440458215772, "3018101_abstract": 0.925831563770771, "3281704_abstract": 0.9141424796544017, "3252019_abstract": 0.914112753700465, "3560598_abstract": 0.9063789481297136, "3587357_abstract": 0.906327594537288, "3699149_abstract": 0.906314541120082, "3034676_abstract": 0.9044572422280908, "3730461_abstract": 0.9004846392199397, "2835356_abstract": 0.8946288041770458, "2930150_abstract": 0.8946188110858202, "3616795_abstract": 0.8790473602712154, "3822228_abstract": 0.8790432875975966, "3632529_abstract": 0.8790281070396304, "4218510_abstract": 0.8789759455248713, "3603782_abstract": 0.8673080839216709, "3553029_abstract": 0.8673050543293357, "3597492_abstract": 0.8672568188048899, "3156232_abstract": 0.8519237898290157, "3034470_abstract": 0.8517013313248754, "2990384_abstract": 0.8516970071941614, "3263531_abstract": 0.8516970071941614, "3064284_abstract": 0.8516961457207799, "3514218_abstract": 0.8516145371831954, "3260426_abstract": 0.8516034036874771, "3851417_abstract": 0.8503090586358061, "3782740_abstract": 0.8360676933079958, "3778496_abstract": 0.8360439706593752, "3222366_abstract": 0.836014935746789, "3835286_abstract": 0.8360124323517084, "3279154_abstract": 0.8359650222118944, "3159312_abstract": 0.8164891926571727, "2978293_abstract": 0.8164885677397251, "3002258_abstract": 0.8164860680699348, "3613487_abstract": 0.8164829546585679, "3895813_abstract": 0.8164715440943837, "2857362_abstract": 0.8164344865363091, "3015152_abstract": 0.7969962414354086, "3795701_abstract": 0.796957035548985, "2927195_abstract": 0.7969367019832134, "3403996_abstract": 0.7969203838147223, "4269365_abstract": 0.7969013876281679, "3840038_abstract": 0.7852956525748596, "4159691_abstract": 0.7793696441221982, "3546059_abstract": 0.7793568656779826, "3095837_abstract": 0.7774885855615139, "3925445_abstract": 0.7774142706766725, "3882220_abstract": 0.7774118734523654, "2926910_abstract": 0.7774109640158713, "3156374_abstract": 0.7773953475989401, "2894212_abstract": 0.7773952386341989, "3421145_abstract": 0.7773864949122071, "3002259_abstract": 0.7637539808638394, "3018105_abstract": 0.759196363389492, "2980029_abstract": 0.7539971098303795, "4286322_abstract": 0.7539965407922864, "4095117_abstract": 0.7539781229570508, "3395448_abstract": 0.753976290114224, "3026026_abstract": 0.7539745960384607, "3409694_abstract": 0.7539492081850767, "4273477_abstract": 0.7539441892877221, "3357871_abstract": 0.7480951272882521, "4019471_abstract": 0.7478525672107935, "3760591_abstract": 0.7461808974233767, "3372302_abstract": 0.7454569569788874, "3456408_abstract": 0.742241837317124, "3587356_abstract": 0.7383731817826629, "3730460_abstract": 0.7383376973448321, "3456689_abstract": 0.7344167546834797, "3059015_abstract": 0.7306302897632122, "3025793_abstract": 0.7305737687274814, "3299035_abstract": 0.7305568605661392, "3106438_abstract": 0.7305513145402074, "4033188_abstract": 0.7305392017588019, "3018104_abstract": 0.7305329837836325, "3549683_abstract": 0.7305317604914308, "3747836_abstract": 0.7305209767073393, "3326977_abstract": 0.7305176188237965, "2998024_abstract": 0.7305050725117326, "4230283_abstract": 0.7304997574537992, "3222587_abstract": 0.7102038129232824, "3608295_abstract": 0.7100337985903025, "4074881_abstract": 0.707201162353158, "4197655_abstract": 0.7071744427084923, "3275843_abstract": 0.7071434855461121, "3712513_abstract": 0.7071215035393834, "3674267_abstract": 0.7071082852780819, "2960214_abstract": 0.7070680176839232, "3450412_abstract": 0.7070641224272549, "3715853_abstract": 0.7070637494325638, "3715852_abstract": 0.7070637494325638, "3715855_abstract": 0.7070637494325638, "3363778_abstract": 0.7070556168910116, "3287435_abstract": 0.7070556168910116, "4282997_abstract": 0.7032152777537704, "3696142_abstract": 0.7013397759292275, "4289796_abstract": 0.6992699019610882, "3222586_abstract": 0.6954577337684376, "3978447_abstract": 0.6895124949514866, "4070646_abstract": 0.6798061430454254, "4273487_abstract": 0.6797771099954844, "3885687_abstract": 0.6797559792175889, "3461948_abstract": 0.6797463232651353, "4176725_abstract": 0.6797436447814107, "3816118_abstract": 0.6797384945675731, "4234526_abstract": 0.6797339906916022, "3907181_abstract": 0.6797222066670656, "3964477_abstract": 0.6797185470350087, "3141651_abstract": 0.6759028472006321, "2865654_abstract": 0.6758141597965732, "3511300_abstract": 0.675108596123755, "3567012_abstract": 0.6720014884291837, "4190754_abstract": 0.6615439029410481, "2902094_abstract": 0.6524136243388057, "4134177_abstract": 0.6524099912494421, "3563928_abstract": 0.6524093952029943, "4015492_abstract": 0.6524015846662223, "4015491_abstract": 0.6523999916389585, "3450622_abstract": 0.6523933345451951, "3147024_abstract": 0.6523814983665943, "3048091_abstract": 0.6523756617680192, "3964478_abstract": 0.6523700926918536, "3495516_abstract": 0.6523607145063579, "3530626_abstract": 0.6302889892831445, "3626684_abstract": 0.6270445883274078, "4183891_abstract": 0.6212071627378464, "2957169_abstract": 0.6211879476904869, "3821968_abstract": 0.6211804207414389, "2926888_abstract": 0.621179960668087, "3176565_abstract": 0.6211768034845591, "3130385_abstract": 0.6211583996191621, "4116263_abstract": 0.6211583442054689, "3366759_abstract": 0.6211546696722507, "3750872_abstract": 0.6211496507748961, "2987838_abstract": 0.621149193495512, "3263652_abstract": 0.621149193495512, "2985321_abstract": 0.621148344129324, "3278879_abstract": 0.6211419217288494, "3865470_abstract": 0.6211338741704822, "2990355_abstract": 0.621126860845834, "3168198_abstract": 0.6211241190321743, "4059897_abstract": 0.6198882379879554, "3971144_abstract": 0.6192002291791141, "3266749_abstract": 0.6152925058268011, "3485969_abstract": 0.6055533015169203, "3492435_abstract": 0.6029016747294614, "2870991_abstract": 0.5939607210457325, "3587361_abstract": 0.5939149465411901, "3922599_abstract": 0.5938946101814508, "4001220_abstract": 0.5938651654869318, "3202721_abstract": 0.5938373040407896, "4091992_abstract": 0.5938290301710367, "4015068_abstract": 0.5938100954517722, "3238595_abstract": 0.5938080009073019, "2889273_abstract": 0.5938036749139428, "2857361_abstract": 0.5937973987311125, "3115482_abstract": 0.5937953465618193, "2985264_abstract": 0.5937922820448875, "3939942_abstract": 0.5937897227704525, "2990110_abstract": 0.5937874224036932, "3176320_abstract": 0.5937863062135875, "3392208_abstract": 0.5937830964103341, "3932527_abstract": 0.5937812440097332, "3715854_abstract": 0.593776288907975, "3623348_abstract": 0.5899231859948486, "3156372_abstract": 0.5791617558570579, "3738720_abstract": 0.5627147499471903, "3192591_abstract": 0.5626063253730536, "3205628_abstract": 0.5625787414610386, "4012063_abstract": 0.5625705039128661, "3476453_abstract": 0.5625676028430462, "3632891_abstract": 0.5625550663098693, "4036056_abstract": 0.562548104673624, "3181538_abstract": 0.5625473251566291, "3075438_abstract": 0.562544122338295, "3819264_abstract": 0.5625411188229918, "2990115_abstract": 0.5625326363369823, "4249152_abstract": 0.5625312430784106, "3943598_abstract": 0.5625190334394574, "2851346_abstract": 0.5625179449561983, "2930152_abstract": 0.5469522755593061, "3181234_abstract": 0.5314086135476828, "2876400_abstract": 0.5313911139965057, "3760605_abstract": 0.5313759041018784, "2923565_abstract": 0.5313521716743708, "3505602_abstract": 0.5313426833599806,