{"3395433_abstract": 0.9571927301585674, "3412636_abstract": 0.9532173546031116, "3760591_abstract": 0.9453616510145366, "3730460_abstract": 0.945354389725253, "3348522_abstract": 0.9415007680654526, "3222590_abstract": 0.9414555400144308, "3851417_abstract": 0.9414413913618772, "2960213_abstract": 0.9337328597903252, "3492433_abstract": 0.93369424296543, "2904892_abstract": 0.9336919356137514, "3778501_abstract": 0.933663662755862, "3176132_abstract": 0.9336500663775952, "4223395_abstract": 0.925874068401754, "3090806_abstract": 0.9258604370988904, "3406569_abstract": 0.9258536542765796, "3162766_abstract": 0.9258440458215772, "3018101_abstract": 0.925831563770771, "3587356_abstract": 0.9141785893589258, "3281704_abstract": 0.9141424796544017, "3252019_abstract": 0.914112753700465, "3560598_abstract": 0.9063789481297136, "4282997_abstract": 0.9063604269176722, "3222586_abstract": 0.906341353431344, "3730461_abstract": 0.9063282497227192, "3587357_abstract": 0.906327594537288, "3699149_abstract": 0.906314541120082, "3034676_abstract": 0.894650511443615, "2835356_abstract": 0.8946288041770458, "2930150_abstract": 0.8946188110858202, "3616795_abstract": 0.8790473602712154, "3632529_abstract": 0.8790281070396304, "4218510_abstract": 0.8789759455248713, "4159691_abstract": 0.878957808483392, "3603782_abstract": 0.8673080839216709, "3106438_abstract": 0.867292296141386, "3222587_abstract": 0.8672838527709246, "4289796_abstract": 0.8672602400183678, "3608295_abstract": 0.867242774926126, "3263531_abstract": 0.8516970071941614, "3064284_abstract": 0.8516961457207799, "3696142_abstract": 0.8516668304800987, "3546059_abstract": 0.8516207104548812, "3260426_abstract": 0.8516034036874771, "2865654_abstract": 0.8515919332858175, "3782740_abstract": 0.8360676933079958, "3567012_abstract": 0.8360565630719066, "3279154_abstract": 0.8359650222118944, "3018105_abstract": 0.8164954939857125, "3613487_abstract": 0.8164829546585679, "3357871_abstract": 0.8164751678705215, "3895813_abstract": 0.8164715440943837, "3978447_abstract": 0.8164438642561436, "2857362_abstract": 0.8164344865363091, "3015152_abstract": 0.7969962414354086, "2927195_abstract": 0.7969367019832134, "3403996_abstract": 0.7969203838147223, "4269365_abstract": 0.7969013876281679, "3882220_abstract": 0.7774118734523654, "2926910_abstract": 0.7774109640158713, "3456689_abstract": 0.777398363687098, "3421145_abstract": 0.7773864949122071, "3492435_abstract": 0.7773753970395774, "3626684_abstract": 0.7540246248245239, "3511300_abstract": 0.7539988281205297, "2980029_abstract": 0.7539971098303795, "4095117_abstract": 0.7539781229570508, "3395448_abstract": 0.753976290114224, "3026026_abstract": 0.7539745960384607, "3156372_abstract": 0.7539727101102471, "3456408_abstract": 0.7539577591232955, "3409694_abstract": 0.7539492081850767, "3059015_abstract": 0.7306302897632122, "3141651_abstract": 0.7305806558579206, "3025793_abstract": 0.7305737687274814, "3299035_abstract": 0.7305568605661392, "3549683_abstract": 0.7305317604914308, "3747836_abstract": 0.7305209767073393, "4230283_abstract": 0.7304997574537992, "4197655_abstract": 0.7071744427084923, "3530626_abstract": 0.7071228744462132, "3971144_abstract": 0.7070836676284671, "2960214_abstract": 0.7070680176839232, "3450412_abstract": 0.7070641224272549, "3715853_abstract": 0.7070637494325638, "3715852_abstract": 0.7070637494325638, "3715855_abstract": 0.7070637494325638, "3363778_abstract": 0.7070556168910116, "3287435_abstract": 0.7070556168910116, "3372302_abstract": 0.6798407137393951, "4070646_abstract": 0.6798061430454254, "4190754_abstract": 0.6798024149611592, "3623348_abstract": 0.6797504941932857, "3816118_abstract": 0.6797384945675731, "2902094_abstract": 0.6524136243388057, "3563928_abstract": 0.6524093952029943, "3048091_abstract": 0.6523756617680192, "3495516_abstract": 0.6523607145063579, "4183891_abstract": 0.6212071627378464, "2926888_abstract": 0.621179960668087, "3176565_abstract": 0.6211768034845591, "3750872_abstract": 0.6211496507748961, "2987838_abstract": 0.621149193495512, "3263652_abstract": 0.621149193495512, "2985321_abstract": 0.621148344129324, "3278879_abstract": 0.6211419217288494, "2990355_abstract": 0.621126860845834, "3168198_abstract": 0.6211241190321743, "3587361_abstract": 0.5939149465411901, "3202721_abstract": 0.5938373040407896, "4091992_abstract": 0.5938290301710367, "2930152_abstract": 0.5938289258629084, "2889273_abstract": 0.5938036749139428, "2857361_abstract": 0.5937973987311125, "3939942_abstract": 0.5937897227704525, "2990110_abstract": 0.5937874224036932, "3392208_abstract": 0.5937830964103341, "3715854_abstract": 0.593776288907975, "3192591_abstract": 0.5626063253730536, "4012063_abstract": 0.5625705039128661, "3476453_abstract": 0.5625676028430462, "3760605_abstract": 0.562556273303926, "4036056_abstract": 0.562548104673624, "3181538_abstract": 0.5625473251566291, "3075438_abstract": 0.562544122338295, "3819264_abstract": 0.5625411188229918, "4249152_abstract": 0.5625336756929755, "3943598_abstract": 0.5625190334394574, "2851346_abstract": 0.5625179449561983, "2923565_abstract": 0.5313521716743708, "3476943_abstract": 0.5313153732568026, "3372724_abstract": 0.5313118156045675, "3831781_abstract": 0.5313080120831728, "3543209_abstract": 0.5313076954334974, "3892591_abstract": 0.5313046034425497, "4234070_abstract": 0.531300837174058, "4206129_abstract": 0.5312989298254251, "3311906_abstract": 0.5312981004826725, "3095507_abstract": 0.5312894261442125, "3424884_abstract": 0.5312830428592861, "3434357_abstract": 0.5312827904708683, "2918352_abstract": 0.5312818619422615, "4059897_abstract": 0.5001433547586203, "3222589_abstract": 0.500119911506772, "2853718_abstract": 0.5000783670693636, "4063355_abstract": 0.5000770390033722, "4047211_abstract": 0.5000738678500056, "3517508_abstract": 0.5000710925087333, "3211136_abstract": 0.5000701602548361, "3632201_abstract": 0.5000504590570927, "3272716_abstract": 0.5000497102737427, "3266749_abstract": 0.5000468138605356, "3061515_abstract": 0.5000414582900703, "3674267_abstract": 0.5000380668789148, "3378920_abstract": 0.5000345632433891, "4046970_abstract": 0.5000330433249474, "3878819_abstract": 0.5000322735868394, "3786119_abstract": 0.5000308430753648, "4098689_abstract": 0.5000276300124824, "3862071_abstract": 0.5000267708674073, "3964484_abstract": 0.5000251499004662}