{"3851417_abstract": 0.9727709195576608, "3778501_abstract": 0.9688622641842812, "3395433_abstract": 0.9571927301585674, "4015062_abstract": 0.9571443255990744, "4227440_abstract": 0.95707374275662, "4227439_abstract": 0.95707374275662, "3760591_abstract": 0.9453616510145366, "3730460_abstract": 0.945354389725253, "3348522_abstract": 0.9415007680654526, "3517201_abstract": 0.9414943046867849, "3594381_abstract": 0.9414759143255652, "3222590_abstract": 0.9414555400144308, "2960213_abstract": 0.9337328597903252, "3492433_abstract": 0.93369424296543, "3176132_abstract": 0.9336500663775952, "3260425_abstract": 0.93364050751552, "3816623_abstract": 0.9258828898891808, "4223395_abstract": 0.925874068401754, "3757074_abstract": 0.9258559858426452, "3875643_abstract": 0.9220423325896264, "2962743_abstract": 0.914236357435584, "3064727_abstract": 0.9141501621343197, "3278863_abstract": 0.9141389201395214, "3252019_abstract": 0.914112753700465, "2851346_abstract": 0.906409359537065, "3456408_abstract": 0.9063585824333132, "3904279_abstract": 0.9063385017216206, "3670857_abstract": 0.9063335342798382, "3028998_abstract": 0.906331203877926, "2824080_abstract": 0.9063161518424748, "3699149_abstract": 0.906314541120082, "2865654_abstract": 0.906301444862038, "3495634_abstract": 0.9062883318401872, "3674524_abstract": 0.9062812405172735, "3797866_abstract": 0.9062800782267004, "3354625_abstract": 0.8947196714580059, "3276260_abstract": 0.8946780329570174, "3047896_abstract": 0.8946662470698357, "3730461_abstract": 0.8946410287171602, "3517508_abstract": 0.8946341639384627, "4279458_abstract": 0.8946287920698524, "3141529_abstract": 0.8946150643751025, "2918328_abstract": 0.8946090154349804, "2873823_abstract": 0.8946071555837989, "3967663_abstract": 0.894602591637522, "3441442_abstract": 0.8945964626036584, "4286331_abstract": 0.894590575248003, "3812034_abstract": 0.8945898599922657, "2962997_abstract": 0.8945888550952077, "3417927_abstract": 0.894567487295717, "3632529_abstract": 0.8790281070396304, "3073082_abstract": 0.8789979880675673, "3636603_abstract": 0.8789920955896378, "3821971_abstract": 0.878991112112999, "3913130_abstract": 0.8789859479293227, "4218510_abstract": 0.8789759455248713, "2995367_abstract": 0.8789640835020691, "3604929_abstract": 0.8789617815054953, "4159691_abstract": 0.878957808483392, "4268940_abstract": 0.8789511166978627, "3075975_abstract": 0.878945397445932, "3477068_abstract": 0.878943205345422, "2933009_abstract": 0.8789374299813062, "3342997_abstract": 0.8789366895798594, "3603782_abstract": 0.8673080839216709, "3608295_abstract": 0.8672716463916004, "4289796_abstract": 0.8672602400183678, "3150812_abstract": 0.867255421821028, "3626816_abstract": 0.8672508918680251, "3103978_abstract": 0.8672403688542545, "4268941_abstract": 0.8672374649904668, "2883843_abstract": 0.8672343706712127, "4112168_abstract": 0.8672311338596046, "3778500_abstract": 0.8672273871488869, "3326714_abstract": 0.8672213449608535, "3241602_abstract": 0.867219616426155, "3263531_abstract": 0.8516970071941614, "3064284_abstract": 0.8516961457207799, "2978293_abstract": 0.8516897931694984, "4215727_abstract": 0.8516666926443577, "4000717_abstract": 0.851664163172245, "3915680_abstract": 0.85166294593364, "3139010_abstract": 0.8516532382927835, "3091205_abstract": 0.851648879237473, "3369898_abstract": 0.8516292935237288, "4108329_abstract": 0.8516207374632359, "3546059_abstract": 0.8516207104548812, "3081775_abstract": 0.8516182503663003, "3406870_abstract": 0.8516175257973373, "3281531_abstract": 0.8516154489479959, "3162427_abstract": 0.8516145907342434, "3260426_abstract": 0.8516034036874771, "4252891_abstract": 0.8516019093804061, "3290792_abstract": 0.8516003000549972, "4183483_abstract": 0.8515884166117758, "3372302_abstract": 0.836089345626533, "3067329_abstract": 0.8360893335193396, "3782740_abstract": 0.8360676933079958, "4124377_abstract": 0.8360435543581843, "3563926_abstract": 0.8360245246440172, "3333389_abstract": 0.8360210154205561, "3766839_abstract": 0.8360188184306026, "3336065_abstract": 0.8360157692804933, "2881369_abstract": 0.8360058008693159, "4215728_abstract": 0.8359894845634699, "2851454_abstract": 0.8359878598712385, "2835356_abstract": 0.8359701684676111, "3279154_abstract": 0.8359650222118944, "3255016_abstract": 0.8166623022407293, "3546714_abstract": 0.816517018713057, "2940006_abstract": 0.8165141977369785, "3978447_abstract": 0.8165075844153762, "3357871_abstract": 0.8164751678705215, "3392208_abstract": 0.8164715683087707, "3895813_abstract": 0.8164715440943837, "3135374_abstract": 0.8164695492014289, "3372798_abstract": 0.8164660548791289, "3840038_abstract": 0.8164604201447219, "3604930_abstract": 0.8164572035893798, "2857362_abstract": 0.8164344865363091, "2992956_abstract": 0.8164344790857285, "3708253_abstract": 0.8164295961614698, "3480295_abstract": 0.7970365053042769, "3015152_abstract": 0.7969962414354086, "3135366_abstract": 0.7969960924237967, "3888775_abstract": 0.7969884779304266, "3364007_abstract": 0.7969739995896816, "3524787_abstract": 0.7969579584896564, "2899379_abstract": 0.7969387965276837, "4223393_abstract": 0.7969333045184612, "4282995_abstract": 0.7969264946877956, "3403996_abstract": 0.7969203838147223, "2875856_abstract": 0.7969143586233258, "3395966_abstract": 0.796913381665945, "3594462_abstract": 0.7969042682088912, "3556873_abstract": 0.7969034858979285, "4269365_abstract": 0.7969013876281679, "4095362_abstract": 0.7774819806218147, "4227002_abstract": 0.7774355122819543, "3385516_abstract": 0.7774343928322196, "3971144_abstract": 0.777415887452662, "2824081_abstract": 0.7774134231731296, "3456413_abstract": 0.7773985993117094, "3456689_abstract": 0.777398363687098, "3815787_abstract": 0.7773921289481223, "3656471_abstract": 0.7773892022669315, "3421145_abstract": 0.7773864949122071, "3627604_abstract": 0.7773850737139583, "3492435_abstract": 0.7773753970395774, "2859944_abstract": 0.7773706219159067, "3453683_abstract": 0.7540079960599542, "2980029_abstract": 0.7539971098303795, "3208538_abstract": 0.7539771450683475, "3782959_abstract": 0.7539680204354227, "3533512_abstract": 0.7539667012169957, "2918805_abstract": 0.7539654145948589, "3778016_abstract": 0.7539643896743655, "3279439_abstract": 0.753958654589951, "3037636_abstract": 0.7539586029015481, "2949894_abstract": 0.753956918604672, "3056701_abstract": 0.7539549898356199, "3616786_abstract": 0.7539477455429733, "4273477_abstract": 0.7539441892877221, "4089050_abstract": 0.7539417943917215, "3363931_abstract": 0.7539389287121594, "4119224_abstract": 0.7539302443619817, "2875865_abstract": 0.753928224556148, "3232133_abstract": 0.7307392042130232, "3124763_abstract": 0.7306183315813541, "3025793_abstract": 0.7305737687274814, "3511300_abstract": 0.7305447030812502, "3549683_abstract": 0.7305317604914308, "3738663_abstract": 0.7305300319567323, "2860366_abstract": 0.7305293865501881, "3339591_abstract": 0.7305243695154786, "3747836_abstract": 0.7305209767073393, "3470642_abstract": 0.7305134115740657, "3627051_abstract": 0.7305072345770895, "3925445_abstract": 0.7305045952089131, "3889404_abstract": 0.730504211736843, "4230283_abstract": 0.7304997574537992, "4282513_abstract": 0.7304967015516013, "2889463_abstract": 0.7304913869593292, "3812656_abstract": 0.7073418200016022, "3842624_abstract": 0.7072307262569666, "3392207_abstract": 0.7071925606578588, "4197655_abstract": 0.7071744427084923, "3369904_abstract": 0.707137044519186, "3378841_abstract": 0.7071331143379211, "3530626_abstract": 0.7071228744462132, "3372800_abstract": 0.7071094340644777, "3524788_abstract": 0.707103562541306, "4279459_abstract": 0.7071022754535079, "2865640_abstract": 0.7071014931425452, "2998278_abstract": 0.7071004398167133, "3777999_abstract": 0.7070985129103065, "3150813_abstract": 0.707096082624048, "4245728_abstract": 0.7070958819240332, "4039356_abstract": 0.7070947084575891, "4000716_abstract": 0.7070897938683629, "4219007_abstract": 0.7070887126028538,