{"4279458_abstract": 0.9727465170435609, "3095760_abstract": 0.9611442591995, "3821968_abstract": 0.9610033654607832, "4159308_abstract": 0.9414813201874496, "4079395_abstract": 0.9336674488149584, "4170080_abstract": 0.9258480337448418, "3782959_abstract": 0.9258465403690934, "4226990_abstract": 0.922079687938094, "3730479_abstract": 0.9142143875360488, "4166247_abstract": 0.914200212340802, "3539634_abstract": 0.906331291422248, "2871476_abstract": 0.9063126691617072, "3130563_abstract": 0.9025702271610498, "3831457_abstract": 0.9024825459346176, "3006060_abstract": 0.8946533221751451, "3150642_abstract": 0.894619645550847, "3181526_abstract": 0.8946026237681508, "4019105_abstract": 0.8945787651464343, "3312223_abstract": 0.8945701064076275, "4275782_abstract": 0.8789996784180403, "4108737_abstract": 0.87899504089728, "3834913_abstract": 0.8789705969393253, "2891630_abstract": 0.8673099540174007, "3926250_abstract": 0.8672716342844069, "3208558_abstract": 0.8672622288577259, "4224094_abstract": 0.8672535493969917, "4268950_abstract": 0.8516581449657679, "3785787_abstract": 0.8516540732234716, "3928856_abstract": 0.851652872748673, "3031511_abstract": 0.8360106814652681, "4215485_abstract": 0.8360021207481623, "3885027_abstract": 0.8359794798307121, "3235802_abstract": 0.8359701922163367, "4008424_abstract": 0.8165038051083684, "3281714_abstract": 0.8164819628000259, "2871477_abstract": 0.8164765685796738, "3539901_abstract": 0.8164541339501739, "2823872_abstract": 0.8164471946656704, "4082651_abstract": 0.7969662332907319, "3338875_abstract": 0.7969505898654461, "3750616_abstract": 0.7969462275505066, "3437714_abstract": 0.7969398694112897, "4140557_abstract": 0.7969333045184612, "4245399_abstract": 0.7969320835545659, "2862618_abstract": 0.7969166832044721, "3249296_abstract": 0.7969097411260009, "3332862_abstract": 0.7969055688008666, "4159300_abstract": 0.7774655669927597, "3563925_abstract": 0.7774576805531979, "4286756_abstract": 0.7774519482627511, "3971157_abstract": 0.7774212909862399, "3597592_abstract": 0.7774139801040292, "3900809_abstract": 0.7773995082825422, "4094829_abstract": 0.7773734265938401, "3187480_abstract": 0.7773734233342111, "4245729_abstract": 0.7541067991405725, "4082650_abstract": 0.7539987349882722, "2926896_abstract": 0.7539712395519018, "3978098_abstract": 0.7539406248833984, "3533511_abstract": 0.753933290950954, "3287203_abstract": 0.7307035606354475, "2853515_abstract": 0.7305886149406433, "3299035_abstract": 0.7305568605661392, "3663004_abstract": 0.7305402224883437, "3181517_abstract": 0.7305316925048828, "3272408_abstract": 0.7305262614972889, "4059589_abstract": 0.7305163373239338, "4006432_abstract": 0.7071253350004554, "3593890_abstract": 0.7071094801649451, "3546059_abstract": 0.707093020901084, "3002013_abstract": 0.7070743427611887, "2993322_abstract": 0.7070595570839942, "4219001_abstract": 0.707059366395697, "3287435_abstract": 0.7070556168910116, "3363778_abstract": 0.7070556168910116, "4036471_abstract": 0.6799917668104172, "3450871_abstract": 0.6798641532659531, "4070646_abstract": 0.6798061430454254, "3719282_abstract": 0.6797839682549238, "4050275_abstract": 0.6797728459350765, "2975319_abstract": 0.6797490166500211, "4260715_abstract": 0.6797436205670238, "3816118_abstract": 0.6797384945675731, "4112087_abstract": 0.6524318065494299, "3045844_abstract": 0.6524074645712972, "2887442_abstract": 0.652379522100091, "4293293_abstract": 0.6523776743561029, "3048091_abstract": 0.6523756617680192, "3037511_abstract": 0.6523696789517999, "3620504_abstract": 0.6523627280257642, "3300796_abstract": 0.6213064175099134, "3517505_abstract": 0.6212752535939217, "3552687_abstract": 0.6211962066590786, "3783284_abstract": 0.6211599316447973, "2930225_abstract": 0.6211555972695351, "3666909_abstract": 0.6211466155946255, "3903910_abstract": 0.6211452521383762, "3684141_abstract": 0.6211452377028763, "2960211_abstract": 0.6211441718041897, "4215483_abstract": 0.6211381801404059, "4006436_abstract": 0.6211345987394452, "3785781_abstract": 0.5939406659454107, "3785782_abstract": 0.5939406659454107, "3733645_abstract": 0.593855494633317, "3450872_abstract": 0.5938458470627666, "3202721_abstract": 0.5938373040407896, "2896442_abstract": 0.5938170365989208, "2827690_abstract": 0.593815834261477, "3825618_abstract": 0.5938131343573332, "3339758_abstract": 0.5938123306259513, "3767198_abstract": 0.5938072605058551, "2889273_abstract": 0.5938036749139428, "2881160_abstract": 0.5937973372638226, "3578886_abstract": 0.5937955589033663, "2868364_abstract": 0.5937912184745073, "3792553_abstract": 0.5937901511788368, "2990110_abstract": 0.5937874224036932, "3311969_abstract": 0.5937809417955577, "2878367_abstract": 0.5937681533396244, "4215494_abstract": 0.5626762099564075, "3760591_abstract": 0.5626253709197044, "4144633_abstract": 0.5626106420531869, "3192591_abstract": 0.5626063253730536, "4023972_abstract": 0.5625846451148391, "2930565_abstract": 0.5625732969492674, "3015778_abstract": 0.5625608386471868, "3943598_abstract": 0.5625585978850722, "4036056_abstract": 0.562548104673624, "3800080_abstract": 0.5625392366200686, "4249152_abstract": 0.5625336756929755, "3744817_abstract": 0.5625288272276521, "3925700_abstract": 0.5625185093376786, "3578888_abstract": 0.5313544701784849, "3674267_abstract": 0.5313245374709368, "3395166_abstract": 0.5313230082392693, "4183751_abstract": 0.5313224252313375, "3059011_abstract": 0.5313111538998783, "3805188_abstract": 0.5313090067356825, "3543209_abstract": 0.5313076954334974, "3725758_abstract": 0.5313076954334974, "2963361_abstract": 0.5312952077947557, "4183485_abstract": 0.5312948152422905, "3006099_abstract": 0.5312938746064901, "2944369_abstract": 0.5312921330332756, "3492435_abstract": 0.531291619874537, "3100785_abstract": 0.531291080173105, "4001788_abstract": 0.5312880608253181, "4201522_abstract": 0.5312869623303413, "2974780_abstract": 0.5312856431119144, "3904763_abstract": 0.5312838549725711, "3549657_abstract": 0.5312822037376463, "3542888_abstract": 0.5312749613076448, "3069914_abstract": 0.5312738232314587, "3815673_abstract": 0.5312668283004314, "3753906_abstract": 0.5001347959041595, "2995320_abstract": 0.5001035984605551, "3715727_abstract": 0.5000876523554325, "4063355_abstract": 0.5000770390033722, "3858789_abstract": 0.5000757519155741, "4209260_abstract": 0.5000746231526136, "3401134_abstract": 0.5000710049644113, "3563926_abstract": 0.5000563701614738, "3144592_abstract": 0.500053072348237, "3031510_abstract": 0.5000522909685969, "3978674_abstract": 0.5000486839562654, "4052786_abstract": 0.5000475887209177, "2942382_abstract": 0.5000413730740547, "2902088_abstract": 0.5000413656234741, "3974381_abstract": 0.5000365599989891, "3095996_abstract": 0.5000348859466612, "3072865_abstract": 0.500034702476114, "3378920_abstract": 0.5000345632433891, "3594578_abstract": 0.5000336808152497, "4162812_abstract": 0.500033650547266, "4140948_abstract": 0.5000272325705737, "4163352_abstract": 0.5000220651272684, "3815671_abstract": 0.50001957337372, "3632554_abstract": 0.5000181263312697}