{"4159308_abstract": 0.9414813201874496, "3425315_abstract": 0.9222940243780612, "4019162_abstract": 0.9142640624195336, "3163983_abstract": 0.914135546889156, "4249803_abstract": 0.9063430121168494, "2871476_abstract": 0.9063126691617072, "3006060_abstract": 0.8946533221751451, "3312223_abstract": 0.8945701064076275, "3815740_abstract": 0.8791566491127014, "2914070_abstract": 0.8790700323879719, "3826434_abstract": 0.879049725830555, "4227439_abstract": 0.8790224147960544, "4275782_abstract": 0.8789996784180403, "4108737_abstract": 0.87899504089728, "4249802_abstract": 0.8789792340248823, "3933266_abstract": 0.8789446395821869, "3156232_abstract": 0.8733760714530945, "3095760_abstract": 0.8675855919718742, "3456865_abstract": 0.8673606030642986, "4227440_abstract": 0.8673059493303299, "4224094_abstract": 0.8672535493969917, "3193084_abstract": 0.8672343869693577, "3611752_abstract": 0.8522728830575943, "3785787_abstract": 0.8516540732234716, "3928856_abstract": 0.851652872748673, "4170080_abstract": 0.8516339587513357, "4215485_abstract": 0.8360021207481623, "3263665_abstract": 0.8359963987022638, "3640379_abstract": 0.8359944694675505, "3885027_abstract": 0.8359794798307121, "4079395_abstract": 0.8321220956277102, "3045563_abstract": 0.8166164606809616, "4183367_abstract": 0.8165434878319502, "4008424_abstract": 0.8165038051083684, "2871477_abstract": 0.8164765685796738, "2947388_abstract": 0.816475790925324, "3840038_abstract": 0.8164604201447219, "2823872_abstract": 0.8164471946656704, "4164335_abstract": 0.7972490265965462, "3843122_abstract": 0.7970403879880905, "4082651_abstract": 0.7969662332907319, "4082644_abstract": 0.796962320804596, "3338875_abstract": 0.7969505898654461, "3750616_abstract": 0.7969462275505066, "3437714_abstract": 0.7969398694112897, "4245399_abstract": 0.7969320835545659, "2862618_abstract": 0.7969166832044721, "3753618_abstract": 0.7969136817846447, "3332862_abstract": 0.7969055688008666, "3441442_abstract": 0.7969017480500042, "3831457_abstract": 0.7775346525013447, "4092087_abstract": 0.777494516223669, "3761341_abstract": 0.777476891875267, "4159300_abstract": 0.7774655669927597, "2929933_abstract": 0.7774450769647956, "3001102_abstract": 0.7774226916953921, "3971157_abstract": 0.7774212909862399, "3597592_abstract": 0.7774139801040292, "3189968_abstract": 0.7774093151092529, "2929932_abstract": 0.7774030128493905, "3900809_abstract": 0.7773995082825422, "3564335_abstract": 0.7773922421038151, "4209605_abstract": 0.7773872655816376, "2929936_abstract": 0.7773810159415007, "4094829_abstract": 0.7773734265938401, "3187480_abstract": 0.7773734233342111, "4265708_abstract": 0.7773704850114882, "3208558_abstract": 0.7735177257563919, "3231895_abstract": 0.7541905753314495, "3663680_abstract": 0.7541431486606598, "3312110_abstract": 0.7541184537112713, "4257888_abstract": 0.754045782610774, "3181835_abstract": 0.7540189744904637, "2926896_abstract": 0.7539712395519018, "2843030_abstract": 0.7539630578830838, "2949994_abstract": 0.7539625661447644, "3293233_abstract": 0.7539619174785912, "3945099_abstract": 0.7539608678780496, "4273477_abstract": 0.7539441892877221, "2998270_abstract": 0.7539422465488315, "3978098_abstract": 0.7539406248833984, "3533511_abstract": 0.753933290950954, "3821968_abstract": 0.7448631939478219, "4176725_abstract": 0.738346551079303, "3834913_abstract": 0.7358528586725394, "3181526_abstract": 0.7310882769525051, "4209260_abstract": 0.7309051193296909, "2853515_abstract": 0.7305886149406433, "4012002_abstract": 0.7305866628885269, "3758044_abstract": 0.7305653085932136, "3299035_abstract": 0.7305568605661392, "3745026_abstract": 0.7305528474971652, "3816511_abstract": 0.7305487710982561, "3181517_abstract": 0.7305316925048828, "3272408_abstract": 0.7305262614972889, "4101516_abstract": 0.730515806004405, "3324117_abstract": 0.728604250587523, "3808734_abstract": 0.7071803584694862, "3881925_abstract": 0.7071625217795372, "4086514_abstract": 0.7071547629311681, "3067399_abstract": 0.7071392824873328, "3264011_abstract": 0.7071331962943077, "3255961_abstract": 0.7071318197995424, "3057120_abstract": 0.7071295753121376, "3428561_abstract": 0.7071173675358295, "3536671_abstract": 0.7071124706417322, "3957773_abstract": 0.7071097381412983, "3593890_abstract": 0.7071094801649451, "3249295_abstract": 0.7070877943187952, "4039347_abstract": 0.7070870362222195, "3696237_abstract": 0.7070779693312943, "3778502_abstract": 0.7070774738676846, "3002013_abstract": 0.7070743427611887, "2993322_abstract": 0.7070595570839942, "4219001_abstract": 0.707059366395697, "3363778_abstract": 0.7070556168910116, "3287435_abstract": 0.7070556168910116, "3782959_abstract": 0.7034588269889355, "4082650_abstract": 0.7032393370755017, "3249296_abstract": 0.6953544388525188, "4062991_abstract": 0.6914720349013805, "3069914_abstract": 0.6836337123531848, "3725919_abstract": 0.6798961386084557, "2873466_abstract": 0.6798788830637932, "3351646_abstract": 0.6798487808555365, "4231328_abstract": 0.6798355486243963, "3786153_abstract": 0.6798244994133711, "4194521_abstract": 0.6798212435096502, "3444285_abstract": 0.6798081370070577, "4070646_abstract": 0.6798061430454254, "3116289_abstract": 0.6797675648704171, "3244152_abstract": 0.6797675127163529, "3141569_abstract": 0.679764567874372, "3885687_abstract": 0.6797559792175889, "3485969_abstract": 0.6797529784962535, "3693085_abstract": 0.6797459358349442, "4260715_abstract": 0.6797436205670238, "3670686_abstract": 0.6797244073823094, "3792553_abstract": 0.6621567024849355, "3563925_abstract": 0.6543798539787531, "3087940_abstract": 0.6525115985423326, "3219786_abstract": 0.6525010764598846, "3926074_abstract": 0.6524449735879898, "4245729_abstract": 0.6524389255791903, "3719833_abstract": 0.6524371365085244, "3101170_abstract": 0.6524092787876725, "3045844_abstract": 0.6524074645712972, "4015492_abstract": 0.6524015846662223, "4015491_abstract": 0.6523999916389585, "3696236_abstract": 0.6523957657627761, "4104913_abstract": 0.6523882932960987, "3048091_abstract": 0.6523756617680192, "3620504_abstract": 0.6523627280257642, "3175910_abstract": 0.630939754890278, "4212231_abstract": 0.6270591865759343, "3539901_abstract": 0.6263860821103057, "3300796_abstract": 0.6213064175099134, "3767216_abstract": 0.6212305780500174, "4245884_abstract": 0.6212217789143324, "2950333_abstract": 0.621192691847682, "3263614_abstract": 0.6211879849433899, "3130565_abstract": 0.6211731815710664, "3226661_abstract": 0.6211725249886513, "3872228_abstract": 0.6211722381412983, "3733884_abstract": 0.6211598124355078, "3243879_abstract": 0.6211563460528851, "3954751_abstract": 0.6211520326323807, "3666909_abstract": 0.6211466155946255, "2960211_abstract": 0.6211441718041897, "4015488_abstract": 0.6211418998427689, "4215483_abstract": 0.6211381801404059, "4239086_abstract": 0.6211346038617194, "3792328_abstract": 0.621133878827095, "4059589_abstract": 0.6153570769820362, "3171090_abstract": 0.5939723029732704, "2870991_abstract": 0.5939607210457325, "4171174_abstract": 0.5939444787800312, "3785781_abstract": 0.5939406659454107, "3785782_abstract": 0.5939406659454107, "4292988_abstract": 0.5939351171255112, "2863411_abstract": 0.5939315799623728, "3115796_abstract": 0.5939221885055304, "3796362_abstract": 0.5938964039087296, "3767012_abstract": 0.5938919186592102, "4202299_abstract": 0.5938605014234781, "3503692_abstract": 0.5938586089760065, "3403735_abstract": 0.593856050632894, "3197245_abstract": 0.5938451886177063, "2974780_abstract": 0.5938422391191125, "3202721_abstract": 0.5938373040407896, "2940188_abstract": 0.5938319824635983, "3641507_abstract": 0.5938235186040401, "3848426_abstract": 0.5938180228695273, "3460021_abstract": 0.5938118752092123, "3714720_abstract": 0.5938045792281628, "4205833_abstract": 0.5938036954030395, "2881160_abstract": 0.5937973372638226, "2860308_abstract": 0.5937948003411293, "2985264_abstract": 0.5937922820448875, "2990110_abstract": 0.5937874224036932,