{"3821968_abstract": 0.9610033654607832, "4159308_abstract": 0.9414813201874496, "4079395_abstract": 0.9336674488149584, "4170080_abstract": 0.9258480337448418, "3351875_abstract": 0.9063250315375626, "2871476_abstract": 0.9063126691617072, "3006060_abstract": 0.8946533221751451, "3312223_abstract": 0.8945701064076275, "4275782_abstract": 0.8789996784180403, "4108737_abstract": 0.87899504089728, "3095760_abstract": 0.8675855919718742, "3208558_abstract": 0.8672622288577259, "4224094_abstract": 0.8672535493969917, "3324117_abstract": 0.8516553845256567, "3785787_abstract": 0.8516540732234716, "3928856_abstract": 0.851652872748673, "4141327_abstract": 0.8516213321126997, "4215485_abstract": 0.8360021207481623, "3885027_abstract": 0.8359794798307121, "4008424_abstract": 0.8165038051083684, "2871477_abstract": 0.8164765685796738, "3321578_abstract": 0.8164658332243562, "3539901_abstract": 0.8164541339501739, "2823872_abstract": 0.8164471946656704, "4082651_abstract": 0.7969662332907319, "3338875_abstract": 0.7969505898654461, "3750616_abstract": 0.7969462275505066, "3437714_abstract": 0.7969398694112897, "4245399_abstract": 0.7969320835545659, "2862618_abstract": 0.7969166832044721, "3249296_abstract": 0.7969097411260009, "3332862_abstract": 0.7969055688008666, "3831457_abstract": 0.7775346525013447, "4159300_abstract": 0.7774655669927597, "3971157_abstract": 0.7774212909862399, "3597592_abstract": 0.7774139801040292, "3900809_abstract": 0.7773995082825422, "2921776_abstract": 0.7773953122086823, "4094829_abstract": 0.7773734265938401, "3187480_abstract": 0.7773734233342111, "4082650_abstract": 0.7539987349882722, "2926896_abstract": 0.7539712395519018, "3978098_abstract": 0.7539406248833984, "3533511_abstract": 0.753933290950954, "3181526_abstract": 0.7310882769525051, "2853515_abstract": 0.7305886149406433, "4030100_abstract": 0.7305847490206361, "2860447_abstract": 0.73056751023978, "3299035_abstract": 0.7305568605661392, "3418633_abstract": 0.7305478407070041, "2947388_abstract": 0.7305464912205935, "3181517_abstract": 0.7305316925048828, "3272408_abstract": 0.7305262614972889, "4059589_abstract": 0.7305163373239338, "3593890_abstract": 0.7071094801649451, "3002013_abstract": 0.7070743427611887, "2993322_abstract": 0.7070595570839942, "4219001_abstract": 0.707059366395697, "3363778_abstract": 0.7070556168910116, "3287435_abstract": 0.7070556168910116, "3782959_abstract": 0.7034588269889355, "4070646_abstract": 0.6798061430454254, "2860461_abstract": 0.6797546707093716, "4260715_abstract": 0.6797436205670238, "3026342_abstract": 0.6797400284558535, "3978679_abstract": 0.6524230604991317, "3392565_abstract": 0.6524222157895565, "3045844_abstract": 0.6524074645712972, "3048091_abstract": 0.6523756617680192, "3620504_abstract": 0.6523627280257642, "3124861_abstract": 0.6211878545582294, "3273163_abstract": 0.6211537015624344, "3666909_abstract": 0.6211466155946255, "2960211_abstract": 0.6211441718041897, "4215483_abstract": 0.6211381801404059, "3578779_abstract": 0.6211262294091284, "3202721_abstract": 0.5938373040407896, "3502560_abstract": 0.5938098561018705, "2881160_abstract": 0.5937973372638226, "3792553_abstract": 0.5937901511788368, "2990110_abstract": 0.5937874224036932, "2949994_abstract": 0.5937830875627697, "3311969_abstract": 0.5937809417955577, "2878367_abstract": 0.5937681533396244, "3192591_abstract": 0.5626063253730536, "3015778_abstract": 0.5625608386471868, "4036056_abstract": 0.562548104673624, "3800080_abstract": 0.5625392366200686, "3604928_abstract": 0.5625343846622854, "2821698_abstract": 0.5625333653297275, "3647659_abstract": 0.5625281718093902, "3943598_abstract": 0.5625190334394574, "3925700_abstract": 0.5625185093376786, "3438659_abstract": 0.5313535165041685, "3915669_abstract": 0.5313457902520895, "4183751_abstract": 0.5313224252313375, "3059011_abstract": 0.5313111538998783, "3543209_abstract": 0.5313076954334974, "3434975_abstract": 0.5312999482266605, "2963361_abstract": 0.5312952077947557, "4183485_abstract": 0.5312948152422905, "2944369_abstract": 0.5312921330332756, "3100785_abstract": 0.531291080173105, "3128250_abstract": 0.5312894801609218, "3549657_abstract": 0.5312822037376463, "3542888_abstract": 0.5312749613076448, "3069914_abstract": 0.5312738232314587, "3815673_abstract": 0.5312668283004314, "3816511_abstract": 0.5000797156244516, "4063355_abstract": 0.5000770390033722, "3892358_abstract": 0.5000656843185425, "4227579_abstract": 0.5000649252906442, "3578792_abstract": 0.5000618174672127, "3978674_abstract": 0.5000486839562654, "4052786_abstract": 0.5000475887209177, "2902088_abstract": 0.5000413656234741, "3095996_abstract": 0.5000348859466612, "3072865_abstract": 0.500034702476114, "3378920_abstract": 0.5000345632433891, "4140948_abstract": 0.5000272325705737, "4163352_abstract": 0.5000220651272684, "3815671_abstract": 0.50001957337372, "3632554_abstract": 0.5000181263312697}