{"3767216_abstract": 0.9610535884276032, "3821968_abstract": 0.9610033654607832, "3456398_abstract": 0.9454443212598562, "4159308_abstract": 0.9414813201874496, "2845637_abstract": 0.9259107634425164, "4170080_abstract": 0.9258480337448418, "3171090_abstract": 0.9063263731077312, "2871476_abstract": 0.9063126691617072, "3006060_abstract": 0.8946533221751451, "4275782_abstract": 0.8789996784180403, "4108737_abstract": 0.87899504089728, "3150642_abstract": 0.8672711960971355, "3208558_abstract": 0.8672622288577259, "4224094_abstract": 0.8672535493969917, "3785787_abstract": 0.8516540732234716, "3928856_abstract": 0.851652872748673, "4080145_abstract": 0.8360643889755011, "3483115_abstract": 0.8360204072669148, "4215485_abstract": 0.8360021207481623, "3885027_abstract": 0.8359794798307121, "3260367_abstract": 0.8165203155949712, "4008424_abstract": 0.8165038051083684, "2871477_abstract": 0.8164765685796738, "3792553_abstract": 0.8164740027859807, "2823872_abstract": 0.8164471946656704, "2993322_abstract": 0.8164438642561436, "4079395_abstract": 0.7970378156751394, "4082651_abstract": 0.7969662332907319, "3912703_abstract": 0.796953272074461, "3338875_abstract": 0.7969505898654461, "3750616_abstract": 0.7969462275505066, "3437714_abstract": 0.7969398694112897, "4245399_abstract": 0.7969320835545659, "2862618_abstract": 0.7969166832044721, "4159300_abstract": 0.7774655669927597, "3831457_abstract": 0.7774405041709542, "3971157_abstract": 0.7774212909862399, "3597592_abstract": 0.7774139801040292, "4019105_abstract": 0.777400647290051, "3900809_abstract": 0.7773995082825422, "4094829_abstract": 0.7773734265938401, "3392584_abstract": 0.7540654167532921, "4082650_abstract": 0.7540279198437929, "3536390_abstract": 0.7540279012173414, "3264011_abstract": 0.7539973184466362, "2926896_abstract": 0.7539712395519018, "3978098_abstract": 0.7539406248833984, "3632554_abstract": 0.7305509974248707, "3181517_abstract": 0.7305316925048828, "3272408_abstract": 0.7305262614972889, "3889404_abstract": 0.7305212616920471, "2870989_abstract": 0.7071584379300475, "3925700_abstract": 0.7071347357705235, "3593890_abstract": 0.7071094801649451, "3745048_abstract": 0.7071091160178185, "2949728_abstract": 0.7070815525949001, "4219001_abstract": 0.707059366395697, "4036471_abstract": 0.6799917668104172, "4275785_abstract": 0.679748916067183, "4260715_abstract": 0.6797436205670238, "3263750_abstract": 0.6525082588195801, "3563925_abstract": 0.6524672843515873, "3045844_abstract": 0.6524074645712972, "3819028_abstract": 0.6523827007040381, "4059589_abstract": 0.6212041024118662, "2863123_abstract": 0.6211837753653526, "2878358_abstract": 0.6211648276075721, "4215483_abstract": 0.6211381801404059, "4053171_abstract": 0.6211359538137913, "3974721_abstract": 0.5939272493124008, "3569309_abstract": 0.5938187967985868, "3182003_abstract": 0.5938136987388134, "3187480_abstract": 0.5938031803816557, "4060308_abstract": 0.5627261698246002, "4056256_abstract": 0.5626311264932156, "2993400_abstract": 0.5626286808401346, "3395786_abstract": 0.5626222994178534, "3903932_abstract": 0.5626044385135174, "3756758_abstract": 0.5625988692045212, "3042721_abstract": 0.5625953013077378, "3563926_abstract": 0.5625891508534551, "2865945_abstract": 0.562571601010859, "3072587_abstract": 0.5625634016469121, "3015778_abstract": 0.5625608386471868, "4056894_abstract": 0.5625572623685002, "3647658_abstract": 0.562555736862123, "3539901_abstract": 0.5625549191609025, "3583998_abstract": 0.5625472934916615, "4268950_abstract": 0.562530878931284, "4187553_abstract": 0.5313542187213898, "2824121_abstract": 0.5313506182283163, "3178552_abstract": 0.5313396286219358, "4183751_abstract": 0.5313224252313375, "3059011_abstract": 0.5313111538998783, "4194081_abstract": 0.5312988916411996, "3031511_abstract": 0.531297666952014, "3249296_abstract": 0.5312968194484711, "3542888_abstract": 0.5312965586781502, "2963361_abstract": 0.5312952077947557, "4183485_abstract": 0.5312948152422905, "2944369_abstract": 0.5312921330332756, "3549657_abstract": 0.5312822037376463, "3985233_abstract": 0.5000565489754081, "3144592_abstract": 0.500053072348237, "3031510_abstract": 0.5000522909685969, "4052786_abstract": 0.5000475887209177, "2902088_abstract": 0.5000413656234741, "3978538_abstract": 0.5000372603535652, "3095996_abstract": 0.5000348859466612, "3816197_abstract": 0.5000286493450403, "4140948_abstract": 0.5000272325705737, "2878367_abstract": 0.5000215177424252}