{"4279458_abstract": 0.9727465170435609, "3095760_abstract": 0.9611442591995, "3821968_abstract": 0.9610033654607832, "3563926_abstract": 0.9453926221467556, "4159308_abstract": 0.9414813201874496, "4079395_abstract": 0.9336674488149584, "4170080_abstract": 0.9258480337448418, "3782959_abstract": 0.9258465403690934, "4226990_abstract": 0.922079687938094, "3730479_abstract": 0.9142143875360488, "4059589_abstract": 0.9063440090976655, "3563925_abstract": 0.9063402451574802, "3539634_abstract": 0.906331291422248, "3171090_abstract": 0.9063263731077312, "2871476_abstract": 0.9063126691617072, "3130563_abstract": 0.9025702271610498, "3831457_abstract": 0.9024825459346176, "3006060_abstract": 0.8946533221751451, "3150642_abstract": 0.894619645550847, "3181526_abstract": 0.8946026237681508, "4019105_abstract": 0.8945787651464343, "3312223_abstract": 0.8945701064076275, "3539901_abstract": 0.8790117064490914, "3925700_abstract": 0.8790030432865024, "4275782_abstract": 0.8789996784180403, "4108737_abstract": 0.87899504089728, "3293229_abstract": 0.8673200234770775, "2891630_abstract": 0.8673099540174007, "4098362_abstract": 0.8672975115478039, "3208558_abstract": 0.8672622288577259, "3632554_abstract": 0.8672547717578709, "4224094_abstract": 0.8672535493969917, "4268950_abstract": 0.8516581449657679, "3324117_abstract": 0.8516553845256567, "2918878_abstract": 0.8516541020944715, "3785787_abstract": 0.8516540732234716, "3928856_abstract": 0.851652872748673, "4141327_abstract": 0.8516213321126997, "3159491_abstract": 0.8360622990876436, "3072587_abstract": 0.8360273810103536, "4039355_abstract": 0.8360124491155148, "2878358_abstract": 0.8360124104656279, "3031511_abstract": 0.8360106814652681, "4215485_abstract": 0.8360021207481623, "3885027_abstract": 0.8359794798307121, "3235802_abstract": 0.8359701922163367, "4008424_abstract": 0.8165038051083684, "3346045_abstract": 0.8164931368082762, "2871477_abstract": 0.8164765685796738, "3792553_abstract": 0.8164740027859807, "3321578_abstract": 0.8164658332243562, "4130534_abstract": 0.8164535379037261, "2823872_abstract": 0.8164471946656704, "2993322_abstract": 0.8164438642561436, "3834913_abstract": 0.7972021177411079, "4082651_abstract": 0.7969662332907319, "3848564_abstract": 0.7969553582370281, "3338875_abstract": 0.7969505898654461, "3750616_abstract": 0.7969462275505066, "3437714_abstract": 0.7969398694112897, "4140557_abstract": 0.7969333045184612, "4245399_abstract": 0.7969320835545659, "2862618_abstract": 0.7969166832044721, "3249296_abstract": 0.7969097411260009, "3332862_abstract": 0.7969055688008666, "3542888_abstract": 0.7774683386087418, "4159300_abstract": 0.7774655669927597, "3533511_abstract": 0.7774554481729865, "2933016_abstract": 0.7774520507082343, "3799725_abstract": 0.7774495482444763, "3971157_abstract": 0.7774212909862399, "3597592_abstract": 0.7774139801040292, "3900809_abstract": 0.7773995082825422, "2921776_abstract": 0.7773953122086823, "4094829_abstract": 0.7773734265938401, "3187480_abstract": 0.7773734233342111, "3771490_abstract": 0.7540109232068062, "4082650_abstract": 0.7539987349882722, "3002013_abstract": 0.7539763152599335, "2926896_abstract": 0.7539712395519018, "3441126_abstract": 0.7539696143940091, "3978098_abstract": 0.7539406248833984, "3453450_abstract": 0.7307631447911263, "3540349_abstract": 0.7305905502289534, "2853515_abstract": 0.7305886149406433, "4030100_abstract": 0.7305847490206361, "3189974_abstract": 0.7305835168808699, "4249803_abstract": 0.7305815704166889, "2860447_abstract": 0.73056751023978, "3418633_abstract": 0.7305478407070041, "2947388_abstract": 0.7305464912205935, "3663004_abstract": 0.7305402224883437, "3181517_abstract": 0.7305316925048828, "3272408_abstract": 0.7305262614972889, "3444355_abstract": 0.7305109240114689, "3881925_abstract": 0.7071625217795372, "3593890_abstract": 0.7071094801649451, "3546059_abstract": 0.707093020901084, "4279175_abstract": 0.7070699618197978, "2878367_abstract": 0.7070611319504678, "4219001_abstract": 0.707059366395697, "3719282_abstract": 0.6797839682549238, "2870989_abstract": 0.6797679113224149, "2860461_abstract": 0.6797546707093716, "2975319_abstract": 0.6797490166500211, "3225749_abstract": 0.6797470282763243, "4260715_abstract": 0.6797436205670238, "3026342_abstract": 0.6797400284558535, "3816118_abstract": 0.6797384945675731, "3404079_abstract": 0.679738306440413, "3616767_abstract": 0.6525369882583618, "3392565_abstract": 0.6524222157895565, "4062991_abstract": 0.6524176094681025, "4029603_abstract": 0.6524105239659548, "3045844_abstract": 0.6524074645712972, "3103551_abstract": 0.6523864502087235, "3819028_abstract": 0.6523827007040381, "3037511_abstract": 0.6523696789517999, "3517505_abstract": 0.6212752535939217, "3552687_abstract": 0.6211962066590786, "3124861_abstract": 0.6211878545582294, "3567285_abstract": 0.6211708188056946, "2930225_abstract": 0.6211555972695351, "3273163_abstract": 0.6211537015624344, "4113114_abstract": 0.6211528982967138, "2960211_abstract": 0.6211441718041897, "3100785_abstract": 0.6211426369845867, "4015488_abstract": 0.6211418998427689, "4215483_abstract": 0.6211381801404059, "2974791_abstract": 0.6211329661309719, "2929936_abstract": 0.6211273819208145, "3578779_abstract": 0.6211262294091284, "3121490_abstract": 0.593842844478786, "4001723_abstract": 0.5938358223065734, "3045582_abstract": 0.5938323345035315, "3069914_abstract": 0.5938291526399553, "3569309_abstract": 0.5938187967985868, "2896442_abstract": 0.5938170365989208, "4275790_abstract": 0.5938148908317089, "2995377_abstract": 0.593813207000494, "3502560_abstract": 0.5938098561018705, "3767198_abstract": 0.5938072605058551, "2889273_abstract": 0.5938036749139428, "4019870_abstract": 0.5937991552054882, "2881160_abstract": 0.5937973372638226, "3352310_abstract": 0.593789728358388, "2949994_abstract": 0.5937830875627697, "3311969_abstract": 0.5937809417955577, "3715725_abstract": 0.5626528169959784, "3760591_abstract": 0.5626253709197044, "4036471_abstract": 0.5626091090962291, "3903932_abstract": 0.5626044385135174, "4249802_abstract": 0.5625992640852928, "3042721_abstract": 0.5625953013077378, "3254759_abstract": 0.5625855177640915, "3015167_abstract": 0.5625813631340861, "2930565_abstract": 0.5625732969492674, "3321593_abstract": 0.562569540925324, "3243560_abstract": 0.562562488950789, "3015778_abstract": 0.5625608386471868, "3491942_abstract": 0.5625561149790883, "3696920_abstract": 0.5625400869175792, "3800080_abstract": 0.5625392366200686, "3604928_abstract": 0.5625343846622854, "4249152_abstract": 0.5625336756929755, "2821698_abstract": 0.5625333653297275, "3647659_abstract": 0.5625281718093902, "3438659_abstract": 0.5313535165041685, "3178552_abstract": 0.5313396286219358, "4286045_abstract": 0.5313292723149061, "2876394_abstract": 0.5313292611390352, "3674267_abstract": 0.5313245374709368, "4183751_abstract": 0.5313224252313375, "3059011_abstract": 0.5313111538998783, "3725758_abstract": 0.5313076954334974, "3434975_abstract": 0.5312999482266605, "3162427_abstract": 0.5312972906976938, "2963361_abstract": 0.5312952077947557, "4183485_abstract": 0.5312948152422905, "3006099_abstract": 0.5312938746064901, "2944369_abstract": 0.5312921330332756, "3960288_abstract": 0.5312920371070504, "3492435_abstract": 0.531291619874537, "3128250_abstract": 0.5312894801609218, "2974780_abstract": 0.5312856431119144, "3904763_abstract": 0.5312838549725711, "3441442_abstract": 0.5312835474032909, "3657051_abstract": 0.5312829692848027, "3549657_abstract": 0.5312822037376463, "4245747_abstract": 0.5312759452499449, "4282817_abstract": 0.5312718152999878, "3753906_abstract": 0.5001347959041595, "3534674_abstract": 0.5001112064346671, "3232096_abstract": 0.5000970661640167, "3715727_abstract": 0.5000876523554325, "3816511_abstract": 0.5000797156244516, "4151298_abstract": 0.5000772811472416, "3418200_abstract": 0.5000738445669413, "3892358_abstract": 0.5000656843185425, "4227579_abstract": 0.5000649252906442,