{"3845297_abstract": 0.9612821098417044, "4163352_abstract": 0.9609832945279776, "4115962_abstract": 0.9571587638929486, "3786314_abstract": 0.9455840364098548, "3385405_abstract": 0.9454583385959268, "3244152_abstract": 0.9453808187972754, "3517201_abstract": 0.9336876701563596, "2896450_abstract": 0.9336500498466194, "4286547_abstract": 0.9258523308672012, "3272409_abstract": 0.9258393808268012, "3401003_abstract": 0.925834781024605, "4282997_abstract": 0.914161560125649, "3029166_abstract": 0.9063734700903296, "2826541_abstract": 0.9063697815872728, "3222586_abstract": 0.906341353431344, "3730461_abstract": 0.9063282497227192, "3141652_abstract": 0.9026739671826364, "2835356_abstract": 0.8946288041770458, "3026098_abstract": 0.8945982404984534, "4112784_abstract": 0.8945905319415033, "3473738_abstract": 0.8945815018378198, "3272407_abstract": 0.8945784671232104, "3056258_abstract": 0.8790063941851258, "2843031_abstract": 0.8789723445661366, "3834913_abstract": 0.8789705969393253, "3156508_abstract": 0.8789398605003953, "3556873_abstract": 0.8789325063116848, "3034676_abstract": 0.8674644660204649, "3395430_abstract": 0.8673006715252995, "3106438_abstract": 0.867292296141386, "3372302_abstract": 0.8672830448485911, "3777999_abstract": 0.8672736566513777, "3418403_abstract": 0.8672351506538689, "3981739_abstract": 0.8672323259525001, "3633065_abstract": 0.8672282812185585, "3822228_abstract": 0.8517570719122887, "4140557_abstract": 0.8516493644565344, "4245729_abstract": 0.8516033394262195, "3578623_abstract": 0.8516018902882934, "2955161_abstract": 0.8515958772040904, "3456865_abstract": 0.8360393848270178, "3792581_abstract": 0.8360078427940607, "3950095_abstract": 0.8359913919121027, "3395967_abstract": 0.8359830128028989, "2927197_abstract": 0.8359650145284832, "3434300_abstract": 0.8167103938758373, "3434819_abstract": 0.8165824040770531, "3721977_abstract": 0.816548153758049, "3795265_abstract": 0.8165083676576614, "3932277_abstract": 0.8164900504052639, "3178538_abstract": 0.8164849607273936, "4245719_abstract": 0.8164848256856203, "3002258_abstract": 0.8164810864254832, "2907899_abstract": 0.8164802109822631, "2995702_abstract": 0.816479423083365, "2837602_abstract": 0.8164726560935378, "3822333_abstract": 0.8164717108011246, "3670686_abstract": 0.8164580911397934, "3222657_abstract": 0.8164565348997712, "4023736_abstract": 0.8164548398926854, "3090821_abstract": 0.8164518205448985, "4296240_abstract": 0.8164398749358952, "3351657_abstract": 0.7971312180161476, "4019471_abstract": 0.7970391921699047, "3045564_abstract": 0.7969780452549458, "4227439_abstract": 0.7969663199037313, "4227440_abstract": 0.7969663199037313, "2927195_abstract": 0.7969367019832134, "3002259_abstract": 0.7969349911436439, "3085434_abstract": 0.796930278185755, "3560401_abstract": 0.7969274716451764, "3092931_abstract": 0.7969274716451764, "2962997_abstract": 0.7969246753491461, "2944709_abstract": 0.7969210767187178, "3115442_abstract": 0.7969180447980762, "3470545_abstract": 0.7968939204001799, "3767004_abstract": 0.7968939204001799, "3550037_abstract": 0.7775476090610027, "4273487_abstract": 0.7774612195789814, "3819264_abstract": 0.7774496860802174, "3505602_abstract": 0.7774235093966126, "3001939_abstract": 0.7774017406627536, "3243796_abstract": 0.777398046804592, "4209605_abstract": 0.7773965084925294, "3808861_abstract": 0.7773787251207978, "4286548_abstract": 0.777375646866858, "3744692_abstract": 0.7773641713429242, "4086328_abstract": 0.7540136780589819, "3409642_abstract": 0.7539995359256864, "2883843_abstract": 0.7539821760728955, "3925710_abstract": 0.75397380720824, "3159639_abstract": 0.753963346593082, "4011485_abstract": 0.7539563742466271, "4056260_abstract": 0.7539558475837111, "3950601_abstract": 0.7539556226693094, "2985548_abstract": 0.7539525595493615, "2988075_abstract": 0.7539525595493615, "2851411_abstract": 0.7539509306661785, "3878807_abstract": 0.7539492617361248, "3409694_abstract": 0.7539492081850767, "3564187_abstract": 0.7539472049102187, "3534095_abstract": 0.7539456197991967, "3933266_abstract": 0.753938554553315, "4039777_abstract": 0.7539368260186166, "2910663_abstract": 0.7306421883404255, "4108639_abstract": 0.7306077368557453, "2907900_abstract": 0.7305966932326555, "3045548_abstract": 0.7305899448692799, "4148108_abstract": 0.7305792160332203, "2859935_abstract": 0.7305591767653823, "4134218_abstract": 0.7305423272773623, "3424884_abstract": 0.7305384506471455, "4257660_abstract": 0.730537312105298, "3552684_abstract": 0.730537231080234, "3733612_abstract": 0.7305343151092529, "4012058_abstract": 0.7305317772552371, "4026886_abstract": 0.7305292417295277, "3075820_abstract": 0.7305271634832025, "3135366_abstract": 0.7305243099108338, "3018094_abstract": 0.7305187447927892, "2881369_abstract": 0.7305172909982502, "3881925_abstract": 0.7305148579180241, "3305876_abstract": 0.7305134166963398, "3305875_abstract": 0.7305134166963398, "3785781_abstract": 0.7305017118342221, "3395456_abstract": 0.7305011795833707, "3115440_abstract": 0.7305011199787259, "3673999_abstract": 0.7304984203074127, "3409641_abstract": 0.730494421441108, "3715506_abstract": 0.7304939632304013, "3628957_abstract": 0.730493956245482, "3566770_abstract": 0.7304891140665859, "3763850_abstract": 0.7071614023298025, "3597796_abstract": 0.707161383703351, "3239365_abstract": 0.707161383703351, "2891762_abstract": 0.7071559187024832, "3378974_abstract": 0.7071452848613262, "2975159_abstract": 0.7071319855749607, "4141215_abstract": 0.7071215398609638, "3587624_abstract": 0.7071212753653526, "3939943_abstract": 0.7071094904094934, "3279151_abstract": 0.7071063481271267, "3530626_abstract": 0.7070946586318314, "2921214_abstract": 0.707094038836658, "3034157_abstract": 0.7070914162322879, "3460105_abstract": 0.7070912243798375, "4059897_abstract": 0.7070872746407986, "3067101_abstract": 0.707086805254221, "3456689_abstract": 0.7070825942791998, "3144054_abstract": 0.7070809258148074, "3603783_abstract": 0.7070756806060672, "4265312_abstract": 0.7070738282054663, "2933317_abstract": 0.7070699436590075, "2829331_abstract": 0.7070673531852663, "3450412_abstract": 0.7070641224272549, "3287186_abstract": 0.7070641070604324, "3715852_abstract": 0.7070637494325638, "3715853_abstract": 0.7070637494325638, "3715855_abstract": 0.7070637494325638, "3785782_abstract": 0.7070637331344187, "4215852_abstract": 0.7070595771074295, "2995700_abstract": 0.707058004103601, "3415647_abstract": 0.70705023733899, "3130563_abstract": 0.7033884078264236, "3517508_abstract": 0.7032862454652786, "3553452_abstract": 0.6798597648739815, "3090793_abstract": 0.679843527264893, "4249638_abstract": 0.6798400729894638, "4219801_abstract": 0.6798228584229946, "3587361_abstract": 0.6798050832003355, "3514283_abstract": 0.6797844814136624, "3093274_abstract": 0.6797815011814237, "4234758_abstract": 0.6797814900055528, "2957332_abstract": 0.679775551892817, "3575563_abstract": 0.6797512760385871, "3964484_abstract": 0.6797510306350887, "3366834_abstract": 0.6797508066520095, "3042970_abstract": 0.6797437341883779, "3144052_abstract": 0.6797408191487193, "3190208_abstract": 0.6797400387004018, "3730457_abstract": 0.6797350496053696, "3456398_abstract": 0.679733538068831, "3792578_abstract": 0.6797220436856151, "3115441_abstract": 0.6797215463593602, "3553440_abstract": 0.6797209600917995, "3628830_abstract": 0.679720800369978, "3300796_abstract": 0.6797207812778652, "3434353_abstract": 0.679717612452805, "3501678_abstract": 0.6797140107955784, "4249152_abstract": 0.6797128282487392, "4063470_abstract": 0.6797101960983127, "2995320_abstract": 0.6797076927032322, "3581678_abstract": 0.6525328494608402, "3689829_abstract": 0.6525142192840576, "3305972_abstract": 0.6524767074733973, "4046719_abstract": 0.6524509899318218, "3530115_abstract": 0.6524442173540592, "3369712_abstract": 0.6524307820945978, "4223895_abstract": 0.652425792068243, "3650579_abstract": 0.6524255136027932,