{"4279458_abstract": 0.9727465170435609, "3095760_abstract": 0.9248251107831796, "4019162_abstract": 0.9142640624195336, "3034676_abstract": 0.9142639730125666, "3163983_abstract": 0.914135546889156, "4249803_abstract": 0.9063430121168494, "3539634_abstract": 0.906331291422248, "3351875_abstract": 0.9063250315375626, "2871476_abstract": 0.9063126691617072, "3950660_abstract": 0.8946633078157902, "3991825_abstract": 0.8946303939446807, "3815740_abstract": 0.8791566491127014, "2914070_abstract": 0.8790700323879719, "3826434_abstract": 0.879049725830555, "4108737_abstract": 0.87899504089728, "4249802_abstract": 0.8789792340248823, "3933266_abstract": 0.8789446395821869, "3293229_abstract": 0.8673200234770775, "4224094_abstract": 0.8672535493969917, "3476476_abstract": 0.8672398054040968, "3193084_abstract": 0.8672343869693577, "3611752_abstract": 0.8522728830575943, "3156232_abstract": 0.8519237898290157, "3915981_abstract": 0.8516713296994567, "3324117_abstract": 0.8516553845256567, "2918878_abstract": 0.8516541020944715, "3785787_abstract": 0.8516540732234716, "3928856_abstract": 0.851652872748673, "4141327_abstract": 0.8516213321126997, "4226990_abstract": 0.849860199727118, "4170080_abstract": 0.8464182503521442, "4080145_abstract": 0.8360643889755011, "3159491_abstract": 0.8360622990876436, "3483115_abstract": 0.8360204072669148, "4215485_abstract": 0.8360021207481623, "3640379_abstract": 0.8359944694675505, "4019105_abstract": 0.8359897062182426, "3885027_abstract": 0.8359794798307121, "3235802_abstract": 0.8359701922163367, "3831457_abstract": 0.8243602650240064, "3312223_abstract": 0.822977984091267, "3208558_abstract": 0.8177901293771962, "3434300_abstract": 0.8167103938758373, "3434819_abstract": 0.8165824040770531, "4183367_abstract": 0.8165434878319502, "4008424_abstract": 0.8165038051083684, "4011860_abstract": 0.8165011098608375, "3346045_abstract": 0.8164931368082762, "3444530_abstract": 0.8164873272180557, "2871477_abstract": 0.8164765685796738, "3321578_abstract": 0.8164658332243562, "2871200_abstract": 0.8164647882804275, "3840038_abstract": 0.8164604201447219, "4130534_abstract": 0.8164535379037261, "3782959_abstract": 0.808796016809841, "3181526_abstract": 0.8010780951008201, "3821968_abstract": 0.7979154437198304, "4047000_abstract": 0.7970775249414146, "3843122_abstract": 0.7970403879880905, "4227440_abstract": 0.7969663199037313, "4227439_abstract": 0.7969663199037313, "4082644_abstract": 0.796962320804596, "3912703_abstract": 0.796953272074461, "3437714_abstract": 0.7969398694112897, "4245399_abstract": 0.7969320835545659, "2862618_abstract": 0.7969166832044721, "3332862_abstract": 0.7969055688008666, "3441442_abstract": 0.7969017480500042, "4275782_abstract": 0.7930305640911683, "3150642_abstract": 0.7813179649723073, "4190780_abstract": 0.7775106281042099, "3761341_abstract": 0.777476891875267, "4159300_abstract": 0.7774655669927597, "3799725_abstract": 0.7774495482444763, "2929933_abstract": 0.7774450769647956, "3001102_abstract": 0.7774226916953921, "3971157_abstract": 0.7774212909862399, "3597592_abstract": 0.7774139801040292, "4059889_abstract": 0.7774129817262292, "3988531_abstract": 0.77740478515625, "2929932_abstract": 0.7774030128493905, "2921776_abstract": 0.7773953122086823, "3564335_abstract": 0.7773922421038151, "4209605_abstract": 0.7773872655816376, "2929936_abstract": 0.7773810159415007, "4094829_abstract": 0.7773734265938401, "3187480_abstract": 0.7773734233342111, "4265708_abstract": 0.7773704850114882, "2947388_abstract": 0.7735111410729587, "3730479_abstract": 0.767688425257802, "3130563_abstract": 0.7619011923670769, "2845637_abstract": 0.7598775587975979, "3006060_abstract": 0.7579093407839537, "3072569_abstract": 0.7553904896291593, "3312110_abstract": 0.7541184537112713, "3345988_abstract": 0.7540953140705824, "3392584_abstract": 0.7540654167532921, "4257888_abstract": 0.754045782610774, "3536390_abstract": 0.7540279012173414, "2926896_abstract": 0.7539712395519018, "2843030_abstract": 0.7539630578830838, "3945099_abstract": 0.7539608678780496, "3695955_abstract": 0.753952793078497, "4273477_abstract": 0.7539441892877221, "3533511_abstract": 0.753933290950954, "4159308_abstract": 0.7520076311193407, "3456398_abstract": 0.742932726473858, "4176725_abstract": 0.738346551079303, "3834913_abstract": 0.7358528586725394, "4079395_abstract": 0.733731226157397, "3540349_abstract": 0.7305905502289534, "2853515_abstract": 0.7305886149406433, "4012002_abstract": 0.7305866628885269, "4030100_abstract": 0.7305847490206361, "3189974_abstract": 0.7305835168808699, "2990384_abstract": 0.7305684615857899, "3758044_abstract": 0.7305653085932136, "2859935_abstract": 0.7305591767653823, "3299035_abstract": 0.7305568605661392, "3745026_abstract": 0.7305528474971652, "3418633_abstract": 0.7305478407070041, "3175910_abstract": 0.7305403579957783, "3663004_abstract": 0.7305402224883437, "3181517_abstract": 0.7305316925048828, "2937124_abstract": 0.730526702478528, "3272408_abstract": 0.7305262614972889, "3889404_abstract": 0.7305212616920471, "4101516_abstract": 0.730515806004405, "4239086_abstract": 0.7286015509162098, "4082651_abstract": 0.7246829094365239, "3272415_abstract": 0.7227503776084632, "3593890_abstract": 0.7188259731046855, "2993322_abstract": 0.7187808728776872, "3264011_abstract": 0.713629626048108, "3881925_abstract": 0.7071625217795372, "3597796_abstract": 0.707161383703351, "3239365_abstract": 0.707161383703351, "2870989_abstract": 0.7071584379300475, "2891762_abstract": 0.7071559187024832, "4086514_abstract": 0.7071547629311681, "4039640_abstract": 0.707152720540762, "3067399_abstract": 0.7071392824873328, "3255961_abstract": 0.7071318197995424, "3057120_abstract": 0.7071295753121376, "3428561_abstract": 0.7071173675358295, "3745048_abstract": 0.7071091160178185, "2905293_abstract": 0.7070985129103065, "3357871_abstract": 0.7070984961465001, "4268950_abstract": 0.7070945119485259, "3546059_abstract": 0.707093020901084, "3249295_abstract": 0.7070877943187952, "4039347_abstract": 0.7070870362222195, "2949728_abstract": 0.7070815525949001, "2883842_abstract": 0.7070773444138467, "3002013_abstract": 0.7070743427611887, "4219001_abstract": 0.707059366395697, "3363778_abstract": 0.7070556168910116, "3287435_abstract": 0.7070556168910116, "3171090_abstract": 0.7058673637608687, "2823872_abstract": 0.7051079402444884, "4245729_abstract": 0.7032728623598814, "3170542_abstract": 0.7032404302929839, "2891630_abstract": 0.6993168639019132, "3750616_abstract": 0.6953678885474801, "4019471_abstract": 0.6915658079087734, "4062991_abstract": 0.6875772501031557, "3792553_abstract": 0.6849511237815022, "3827834_abstract": 0.6799486540257931, "4265312_abstract": 0.6798864454030991, "2873466_abstract": 0.6798788830637932, "4231328_abstract": 0.6798355486243963, "4194521_abstract": 0.6798212435096502, "4070646_abstract": 0.6798061430454254, "3514283_abstract": 0.6797844814136624, "3719282_abstract": 0.6797839682549238, "3988534_abstract": 0.6797742815688252, "3116289_abstract": 0.6797675648704171, "4140557_abstract": 0.6797648444771767, "3141569_abstract": 0.679764567874372, "2977380_abstract": 0.6797614740207791, "3885687_abstract": 0.6797559792175889, "2860461_abstract": 0.6797546707093716, "3485969_abstract": 0.6797529784962535, "2975319_abstract": 0.6797490166500211, "4275785_abstract": 0.679748916067183, "3693085_abstract": 0.6797459358349442, "4260715_abstract": 0.6797436205670238, "3026342_abstract": 0.6797400284558535, "3816118_abstract": 0.6797384945675731, "3666867_abstract": 0.6797369951382279, "3670686_abstract": 0.6797244073823094, "3767216_abstract": 0.6759106237441301, "3260367_abstract": 0.6739948415197432, "2949994_abstract": 0.673872826853767, "4082650_abstract": 0.6651386588346213, "3536671_abstract": 0.6641517775133252, "3753618_abstract": 0.664102120208554, "3900809_abstract": 0.6543427088763565, "3563925_abstract": 0.6537423307696978, "3069914_abstract": 0.6536988591154417,