{"4159308_abstract": 0.9414813201874496, "4170080_abstract": 0.9258480337448418, "2871476_abstract": 0.9063126691617072, "3072569_abstract": 0.894837299361825, "3170542_abstract": 0.8947023674845695, "3006060_abstract": 0.8946533221751451, "4227439_abstract": 0.8790224147960544, "4275782_abstract": 0.8789996784180403, "4108737_abstract": 0.87899504089728, "3156232_abstract": 0.8733760714530945, "4227440_abstract": 0.8673059493303299, "3208558_abstract": 0.8672622288577259, "4224094_abstract": 0.8672535493969917, "3272415_abstract": 0.8516579694114625, "3785787_abstract": 0.8516540732234716, "3928856_abstract": 0.851652872748673, "4239086_abstract": 0.8360684979707003, "4215485_abstract": 0.8360021207481623, "3885027_abstract": 0.8359794798307121, "4047000_abstract": 0.8167161047458649, "4008424_abstract": 0.8165038051083684, "2978293_abstract": 0.8164885677397251, "2871477_abstract": 0.8164765685796738, "2823872_abstract": 0.8164471946656704, "4082651_abstract": 0.7969662332907319, "3338875_abstract": 0.7969505898654461, "3750616_abstract": 0.7969462275505066, "3437714_abstract": 0.7969398694112897, "4245399_abstract": 0.7969320835545659, "2862618_abstract": 0.7969166832044721, "3821968_abstract": 0.791091893101111, "3840038_abstract": 0.7852956525748596, "4190780_abstract": 0.7775106281042099, "4159300_abstract": 0.7774655669927597, "3971157_abstract": 0.7774212909862399, "3597592_abstract": 0.7774139801040292, "3189968_abstract": 0.7774093151092529, "3900809_abstract": 0.7773995082825422, "3564335_abstract": 0.7773922421038151, "4094829_abstract": 0.7773734265938401, "4082650_abstract": 0.7539987349882722, "2926896_abstract": 0.7539712395519018, "3695955_abstract": 0.753952793078497, "4273477_abstract": 0.7539441892877221, "3978098_abstract": 0.7539406248833984, "3834913_abstract": 0.7358528586725394, "2853515_abstract": 0.7305886149406433, "2990384_abstract": 0.7305684615857899, "3181517_abstract": 0.7305316925048828, "3272408_abstract": 0.7305262614972889, "3808734_abstract": 0.7071803584694862, "3881925_abstract": 0.7071625217795372, "3593890_abstract": 0.7071094801649451, "2883842_abstract": 0.7070773444138467, "4219001_abstract": 0.707059366395697, "3827834_abstract": 0.6799486540257931, "3786153_abstract": 0.6798244994133711, "3444285_abstract": 0.6798081370070577, "4260715_abstract": 0.6797436205670238, "4176727_abstract": 0.6524340091273189, "3173487_abstract": 0.6524131866171956, "3101170_abstract": 0.6524092787876725, "3045844_abstract": 0.6524074645712972, "3300796_abstract": 0.6213064175099134, "3324117_abstract": 0.6211748830974102, "3222735_abstract": 0.6211534943431616, "2960211_abstract": 0.6211441718041897, "4015488_abstract": 0.6211418998427689, "4215483_abstract": 0.6211381801404059, "3792328_abstract": 0.621133878827095, "3485969_abstract": 0.6055533015169203, "3785782_abstract": 0.5939406659454107, "3785781_abstract": 0.5939406659454107, "3460021_abstract": 0.5938118752092123, "4205833_abstract": 0.5938036954030395, "2860308_abstract": 0.5937948003411293, "2865799_abstract": 0.593789772130549, "3943598_abstract": 0.5937887271866202, "4215494_abstract": 0.5626762099564075, "3578536_abstract": 0.5626168362796307, "3581258_abstract": 0.5626119822263718, "3705473_abstract": 0.5625766580924392, "3112442_abstract": 0.5625740112736821, "3243560_abstract": 0.562562488950789, "3015778_abstract": 0.5625608386471868, "2998270_abstract": 0.5625401651486754, "3540026_abstract": 0.5625336249358952, "2876400_abstract": 0.5313911139965057, "3175910_abstract": 0.5313391517847776, "4183751_abstract": 0.5313224252313375, "4036065_abstract": 0.5313192680478096, "3059011_abstract": 0.5313111538998783, "2963361_abstract": 0.5312952077947557, "4183485_abstract": 0.5312948152422905, "2944369_abstract": 0.5312921330332756, "4108378_abstract": 0.5312878880649805, "3059004_abstract": 0.5312855462543666, "3549657_abstract": 0.5312822037376463, "3862481_abstract": 0.5312819976825267, "3078725_abstract": 0.5001883152872324, "4212231_abstract": 0.500171035528183, "2995320_abstract": 0.5001035984605551, "2826768_abstract": 0.5000970494002104, "3888668_abstract": 0.5000823577865958, "3981501_abstract": 0.5000617746263742, "4257711_abstract": 0.500053159892559, "3693160_abstract": 0.5000486052595079, "4052786_abstract": 0.5000475887209177, "2902088_abstract": 0.5000413656234741, "3095996_abstract": 0.5000348859466612, "3988240_abstract": 0.5000303662382066, "4140948_abstract": 0.5000272325705737, "3474648_abstract": 0.500016177771613}