{"3998247_abstract": 0.6799163725227118, "3604920_abstract": 0.6797955920919776, "3922911_abstract": 0.6524026142433286, "4086514_abstract": 0.6213819868862629, "3391798_abstract": 0.6212046891450882, "2957619_abstract": 0.6211733855307102, "3981519_abstract": 0.5939609408378601, "3222657_abstract": 0.5938308294862509, "2933030_abstract": 0.5938036283478141, "3132734_abstract": 0.5899138157255948, "2974780_abstract": 0.5627486743032932, "3150914_abstract": 0.5625963630154729, "3812028_abstract": 0.5625943830236793, "4268984_abstract": 0.5314054135233164, "4295966_abstract": 0.5313632618635893, "3646767_abstract": 0.5313582886010408, "3124129_abstract": 0.5313040059991181, "3693662_abstract": 0.5312917232513428, "4108378_abstract": 0.5312878880649805, "3246883_abstract": 0.5004554241895676, "3366834_abstract": 0.5001637041568756, "3486336_abstract": 0.5000568851828575, "4032871_abstract": 0.5000532865524292, "3385004_abstract": 0.5000458292197436, "3988240_abstract": 0.5000303662382066}