{"4019471_abstract": 0.7305925376713276, "3299035_abstract": 0.7305568605661392, "3287435_abstract": 0.7070556168910116, "3363778_abstract": 0.7070556168910116, "4070646_abstract": 0.6798061430454254, "3885687_abstract": 0.6797559792175889, "3048091_abstract": 0.6523756617680192, "3821968_abstract": 0.6211804207414389, "3202721_abstract": 0.5938373040407896, "2990110_abstract": 0.5937874224036932, "3115482_abstract": 0.5937863430008292, "3192591_abstract": 0.5626063253730536, "3473768_abstract": 0.562583071179688, "4036056_abstract": 0.562548104673624, "3943598_abstract": 0.5625190334394574, "2891630_abstract": 0.5313237737864256, "3543209_abstract": 0.5313076954334974, "3834913_abstract": 0.5312986802309752, "4212231_abstract": 0.500171035528183, "4063355_abstract": 0.5000770390033722, "3272412_abstract": 0.5000372529029846, "3378920_abstract": 0.5000345632433891, "3553453_abstract": 0.5000331792980433}