{"3208558_abstract": 0.8789937486872077, "3272415_abstract": 0.8516579694114625, "4170080_abstract": 0.8516372088342905, "2896450_abstract": 0.851616223808378, "3403709_abstract": 0.8360737469047308, "3272407_abstract": 0.8166142124682665, "4275782_abstract": 0.8164839437231421, "3264011_abstract": 0.7969887051731348, "3150269_abstract": 0.7775212861597538, "3437714_abstract": 0.7774543166160583, "3564335_abstract": 0.7773922421038151, "4089314_abstract": 0.7541053742170334, "4257888_abstract": 0.754045782610774, "3885027_abstract": 0.7539643542841077, "3695955_abstract": 0.753952793078497, "3607831_abstract": 0.7305956147611141, "2990384_abstract": 0.7305684615857899, "3299035_abstract": 0.7305568605661392, "3395428_abstract": 0.7305439068004489, "4119215_abstract": 0.7305141864344478, "2993322_abstract": 0.7305021886713803, "3028620_abstract": 0.7071968726813793, "4079395_abstract": 0.7071528490632772, "4039640_abstract": 0.707152720540762, "3854210_abstract": 0.7071289774030447, "3795256_abstract": 0.7071073893457651, "4215485_abstract": 0.7070943880826235, "3546059_abstract": 0.707093020901084, "3656471_abstract": 0.7070810394361615, "2883842_abstract": 0.7070773444138467, "3272409_abstract": 0.7070571014191955, "3363778_abstract": 0.7070556168910116, "3287435_abstract": 0.7070556168910116, "4080146_abstract": 0.6798371896147728, "4070646_abstract": 0.6798061430454254, "4015892_abstract": 0.6798027120530605, "3992520_abstract": 0.6797943413257599, "2821118_abstract": 0.6797917187213898, "3244152_abstract": 0.6797675127163529, "3136021_abstract": 0.6797590544447303, "3885687_abstract": 0.6797559792175889, "4176725_abstract": 0.6797436447814107, "3816118_abstract": 0.6797384945675731, "3006060_abstract": 0.6525043286383152, "3663632_abstract": 0.6524913869798183, "4082651_abstract": 0.6524784825742245, "3656455_abstract": 0.6524531561881304, "4062991_abstract": 0.6524176094681025, "3101170_abstract": 0.6524092787876725, "4015492_abstract": 0.6524015846662223, "4015491_abstract": 0.6523999916389585, "3048091_abstract": 0.6523756617680192, "3300796_abstract": 0.6213064175099134, "3536671_abstract": 0.6211910843849182, "4082650_abstract": 0.6211804859340191, "3821968_abstract": 0.6211804207414389, "3885049_abstract": 0.621148744598031, "3792328_abstract": 0.621133878827095, "3171090_abstract": 0.6003905373315016, "2870991_abstract": 0.5939607210457325, "3785781_abstract": 0.5939406659454107, "3785782_abstract": 0.5939406659454107, "3616587_abstract": 0.5938949212431908, "3808432_abstract": 0.5938460137695074, "3202721_abstract": 0.5938373040407896, "3460021_abstract": 0.5938118752092123, "2889273_abstract": 0.5938036749139428, "2860308_abstract": 0.5937948003411293, "2985264_abstract": 0.5937922820448875, "2898938_abstract": 0.5937917861156166, "2990110_abstract": 0.5937874224036932, "3115482_abstract": 0.5937863430008292, "3943598_abstract": 0.5781538803130388, "4215494_abstract": 0.5626762099564075, "3467409_abstract": 0.5626427754759789, "3760591_abstract": 0.5626253709197044, "4036471_abstract": 0.5626091090962291, "3192591_abstract": 0.5626063253730536, "3703477_abstract": 0.5625919736921787, "3869018_abstract": 0.5625849217176437, "3473768_abstract": 0.562583071179688, "3797851_abstract": 0.5625514425337315, "4036056_abstract": 0.562548104673624, "2853306_abstract": 0.562545602209866, "3441125_abstract": 0.5625381534919143, "4249152_abstract": 0.5625336756929755, "3540026_abstract": 0.5625336249358952, "4122884_abstract": 0.5625264011323452, "3834913_abstract": 0.5469113140134141, "3139088_abstract": 0.5313633140176535, "2995860_abstract": 0.5313633140176535, "4218517_abstract": 0.5313523039221764, "4082416_abstract": 0.5313523039221764, "3372302_abstract": 0.531344735994935, "3505602_abstract": 0.5313426833599806, "3549657_abstract": 0.5313330963253975, "2954906_abstract": 0.5313248876482248, "3190349_abstract": 0.531310111284256, "3543209_abstract": 0.5313076954334974, "3831465_abstract": 0.5313031375408173, "3492435_abstract": 0.531291619874537, "3165294_abstract": 0.531291151419282, "4108378_abstract": 0.5312878880649805, "3862481_abstract": 0.5312819976825267, "4212231_abstract": 0.500171035528183, "2995320_abstract": 0.5001035984605551, "4151298_abstract": 0.5000772811472416, "4063355_abstract": 0.5000770390033722, "3045844_abstract": 0.5000712256878614, "3539901_abstract": 0.5000694571062922, "3187797_abstract": 0.5000626500695944, "3708250_abstract": 0.5000611077994108, "3693160_abstract": 0.5000486052595079, "3272412_abstract": 0.5000372529029846, "3378920_abstract": 0.5000345632433891, "3553453_abstract": 0.5000331792980433, "3988240_abstract": 0.5000303662382066, "3095996_abstract": 0.5000269208103418, "4039355_abstract": 0.5000255040358752}