{"3301129_abstract": 0.9143728259950876, "3163983_abstract": 0.914135546889156, "4249803_abstract": 0.9063430121168494, "3815740_abstract": 0.8791566491127014, "2914070_abstract": 0.8790700323879719, "3826434_abstract": 0.879049725830555, "4249802_abstract": 0.8789792340248823, "3611752_abstract": 0.8522728830575943, "3156232_abstract": 0.8519237898290157, "3324117_abstract": 0.8516553845256567, "4141327_abstract": 0.8516213321126997, "3434300_abstract": 0.8167103938758373, "3434819_abstract": 0.8165824040770531, "4183367_abstract": 0.8165434878319502, "3321578_abstract": 0.8164658332243562, "3843122_abstract": 0.7970403879880905, "4227439_abstract": 0.7969663199037313, "4227440_abstract": 0.7969663199037313, "2860309_abstract": 0.7969380579888821, "3312186_abstract": 0.7775335796177387, "3761341_abstract": 0.777476891875267, "2929933_abstract": 0.7774450769647956, "4092060_abstract": 0.7774382075294852, "2929932_abstract": 0.7774030128493905, "2921776_abstract": 0.7773953122086823, "3312223_abstract": 0.7773947515524924, "3564335_abstract": 0.7773922421038151, "4030100_abstract": 0.7305847490206361, "2860447_abstract": 0.73056751023978, "3758044_abstract": 0.7305653085932136, "3778748_abstract": 0.7305648876354098, "3418633_abstract": 0.7305478407070041, "2947388_abstract": 0.7305464912205935, "3597796_abstract": 0.707161383703351, "3239365_abstract": 0.707161383703351, "2891762_abstract": 0.7071559187024832, "3255961_abstract": 0.7071318197995424, "3057120_abstract": 0.7071295753121376, "3536671_abstract": 0.7071124706417322, "4202299_abstract": 0.7070848038420081, "3357972_abstract": 0.6799000576138496, "4231328_abstract": 0.6798355486243963, "3514283_abstract": 0.6797844814136624, "3116289_abstract": 0.6797675648704171, "2860461_abstract": 0.6797546707093716, "3026342_abstract": 0.6797400284558535, "3219786_abstract": 0.6525010764598846, "3530115_abstract": 0.6524442173540592, "3719833_abstract": 0.6524371365085244, "3392565_abstract": 0.6524222157895565, "4095189_abstract": 0.6524163940921426, "3101170_abstract": 0.6524092787876725, "2950333_abstract": 0.621192691847682, "3124861_abstract": 0.6211878545582294, "3714988_abstract": 0.6211859043687582, "3821968_abstract": 0.6211804207414389, "3226661_abstract": 0.6211725249886513, "3845703_abstract": 0.6211598515510559, "3273163_abstract": 0.6211537015624344, "3792328_abstract": 0.621133878827095, "3578779_abstract": 0.6211262294091284, "4292988_abstract": 0.5939351171255112, "2863411_abstract": 0.5939315799623728, "3796362_abstract": 0.5938964039087296, "4033442_abstract": 0.5938730724155903, "3503692_abstract": 0.5938586089760065, "3197245_abstract": 0.5938451886177063, "3845588_abstract": 0.5938306283205748, "3641507_abstract": 0.5938235186040401, "3848426_abstract": 0.5938180228695273, "3460021_abstract": 0.5938118752092123, "3502560_abstract": 0.5938098561018705, "3748065_abstract": 0.5938071738928556, "3868826_abstract": 0.5937991049140692, "2883815_abstract": 0.593798054382205, "2860308_abstract": 0.5937948003411293, "2949994_abstract": 0.5937830875627697, "3138819_abstract": 0.5937792614568025, "3231846_abstract": 0.5626039784401655, "3412726_abstract": 0.5625689262524247, "4005995_abstract": 0.5625664750114083, "3846593_abstract": 0.5625655092298985, "2844042_abstract": 0.5625509945675731, "3323757_abstract": 0.5625454252585769, "3604928_abstract": 0.5625343846622854, "3540026_abstract": 0.5625336249358952, "2821698_abstract": 0.5625333653297275, "3501678_abstract": 0.5625292276963592, "3647659_abstract": 0.5625281718093902, "3241864_abstract": 0.531377399340272, "3438659_abstract": 0.5313535165041685, "3002275_abstract": 0.5313127338886261, "3434975_abstract": 0.5312999482266605, "3128250_abstract": 0.5312894801609218, "2838323_abstract": 0.5312880799174309, "3862481_abstract": 0.5312819976825267, "4212231_abstract": 0.500171035528183, "2940122_abstract": 0.5001287721097469, "4273203_abstract": 0.50008300319314, "3816511_abstract": 0.5000797156244516, "3892358_abstract": 0.5000656843185425, "4227579_abstract": 0.5000649252906442, "3578792_abstract": 0.5000618174672127, "3908087_abstract": 0.5000573098659515, "3693160_abstract": 0.5000486052595079, "2865943_abstract": 0.5000284486450255}