{"4209465_abstract": 0.9453466191189364, "3156232_abstract": 0.8948283530771732, "3514218_abstract": 0.8516145371831954, "3222366_abstract": 0.836014935746789, "3835286_abstract": 0.8360124323517084, "3795701_abstract": 0.796957035548985, "3189968_abstract": 0.7774093151092529, "3156374_abstract": 0.7773953475989401, "2894212_abstract": 0.7773952386341989, "3564335_abstract": 0.7773922421038151, "4286322_abstract": 0.7539965407922864, "2998270_abstract": 0.7539422465488315, "3299035_abstract": 0.7305568605661392, "2998024_abstract": 0.7305050725117326, "3881925_abstract": 0.7071625217795372, "3287435_abstract": 0.7070556168910116, "3363778_abstract": 0.7070556168910116, "4036471_abstract": 0.6799917668104172, "4070646_abstract": 0.6798061430454254, "4176725_abstract": 0.6797436447814107, "4234526_abstract": 0.6797339906916022, "3907181_abstract": 0.6797222066670656, "3834913_abstract": 0.6642503989860415, "4134177_abstract": 0.6524099912494421, "3101170_abstract": 0.6524092787876725, "4015492_abstract": 0.6524015846662223, "4015491_abstract": 0.6523999916389585, "3450622_abstract": 0.6523933345451951, "3048091_abstract": 0.6523756617680192, "3300796_abstract": 0.6213064175099134, "3821968_abstract": 0.6211804207414389, "3324117_abstract": 0.6211748830974102, "4015488_abstract": 0.6211418998427689, "3792328_abstract": 0.621133878827095, "3865470_abstract": 0.6211338741704822, "2870991_abstract": 0.5939607210457325, "3785781_abstract": 0.5939406659454107, "3785782_abstract": 0.5939406659454107, "3202721_abstract": 0.5938373040407896, "3460021_abstract": 0.5938118752092123, "4205833_abstract": 0.5938036954030395, "2860308_abstract": 0.5937948003411293, "2990110_abstract": 0.5937874224036932, "3115482_abstract": 0.5937863430008292, "3176320_abstract": 0.5937863062135875, "4215494_abstract": 0.5626762099564075, "3192591_abstract": 0.5626063253730536, "3243560_abstract": 0.562562488950789, "3632891_abstract": 0.5625550663098693, "4036056_abstract": 0.562548104673624, "3540026_abstract": 0.5625336249358952, "2990115_abstract": 0.5625326363369823, "3943598_abstract": 0.5625190334394574, "3181234_abstract": 0.5314086135476828, "3505602_abstract": 0.5313426833599806, "3095789_abstract": 0.5313163851387799, "3543209_abstract": 0.5313076954334974, "4108378_abstract": 0.5312878880649805, "3862481_abstract": 0.5312819976825267, "4212231_abstract": 0.500171035528183, "3714983_abstract": 0.5001369696110487, "3199686_abstract": 0.5001312475651503, "2995320_abstract": 0.5001035984605551, "2826768_abstract": 0.5000970494002104, "4063355_abstract": 0.5000770390033722, "3144592_abstract": 0.500053072348237, "3693160_abstract": 0.5000486052595079, "3272412_abstract": 0.5000372529029846, "4212232_abstract": 0.5000364407896996, "3378920_abstract": 0.5000345632433891, "3988240_abstract": 0.5000303662382066, "3249178_abstract": 0.5000279587693512, "3287186_abstract": 0.5000209179706872}