{"2876371_abstract": 0.9142285520210862, "3296384_abstract": 0.9141485905274748, "3351875_abstract": 0.9063250315375626, "3156232_abstract": 0.8948283530771732, "3913130_abstract": 0.8789859479293227, "3933266_abstract": 0.8789446395821869, "3095760_abstract": 0.8675855919718742, "3878899_abstract": 0.8673131018877029, "3193084_abstract": 0.8672343869693577, "4086228_abstract": 0.851660767570138, "3213758_abstract": 0.8516554478555918, "4141327_abstract": 0.8516213321126997, "2896450_abstract": 0.851616223808378, "3640379_abstract": 0.8359944694675505, "3069914_abstract": 0.835993601474911, "4249803_abstract": 0.8184622912667692, "3175898_abstract": 0.8164705103263259, "3321578_abstract": 0.8164658332243562, "4082644_abstract": 0.796962320804596, "3401006_abstract": 0.796959244646132, "3150642_abstract": 0.7969255209900439, "3831457_abstract": 0.7774875783361495, "3001102_abstract": 0.7774226916953921, "4170080_abstract": 0.7774198837578297, "4059889_abstract": 0.7774129817262292, "3189968_abstract": 0.7774093151092529, "4019105_abstract": 0.777400647290051, "2921776_abstract": 0.7773953122086823, "3312223_abstract": 0.7773947515524924, "3564335_abstract": 0.7773922421038151, "2823872_abstract": 0.7773868665099144, "2947388_abstract": 0.7735111410729587, "3272407_abstract": 0.7542177587747574, "3960871_abstract": 0.7540686707943678, "3800163_abstract": 0.7540638893842697, "4257888_abstract": 0.754045782610774, "3181835_abstract": 0.7540189744904637, "4246040_abstract": 0.7539924988523126, "2843030_abstract": 0.7539630578830838, "3821968_abstract": 0.7422884271169702, "4176725_abstract": 0.738346551079303, "3324117_abstract": 0.7364151338115335, "3181526_abstract": 0.7310882769525051, "4174157_abstract": 0.7306672930717468, "2853515_abstract": 0.7305886149406433, "4030100_abstract": 0.7305847490206361, "2860447_abstract": 0.73056751023978, "3299035_abstract": 0.7305568605661392, "3745026_abstract": 0.7305528474971652, "3418633_abstract": 0.7305478407070041, "3792553_abstract": 0.7305232537910342, "3889404_abstract": 0.7305212616920471, "4119215_abstract": 0.7305141864344478, "2993322_abstract": 0.7305021886713803, "4249802_abstract": 0.7207892490550876, "4079395_abstract": 0.7188647957518697, "3881925_abstract": 0.7071625217795372, "3264011_abstract": 0.7071331962943077, "3428561_abstract": 0.7071173675358295, "3171090_abstract": 0.7071141600608826, "3957773_abstract": 0.7071097381412983, "3249295_abstract": 0.7070877943187952, "3272409_abstract": 0.7070571014191955, "3363778_abstract": 0.7070556168910116, "3287435_abstract": 0.7070556168910116, "3782959_abstract": 0.7034588269889355, "3834913_abstract": 0.683054543992815, "4036471_abstract": 0.6799917668104172, "4070646_abstract": 0.6798061430454254, "3699254_abstract": 0.6797891827300191, "2881162_abstract": 0.6797802876681089, "3208558_abstract": 0.6797732226550579, "3885687_abstract": 0.6797559792175889, "2860461_abstract": 0.6797546707093716, "4275785_abstract": 0.679748916067183, "3026342_abstract": 0.6797400284558535, "2949994_abstract": 0.673872826853767, "3663680_abstract": 0.6565527704854807, "3705473_abstract": 0.6525153256952763, "4082650_abstract": 0.6524799391627312, "4108315_abstract": 0.6524685490876436, "2944369_abstract": 0.6524553038179874, "4033077_abstract": 0.6524288989603519, "3978679_abstract": 0.6524230604991317, "3392565_abstract": 0.6524222157895565, "4062991_abstract": 0.6524176094681025, "4226785_abstract": 0.6524093244224787, "3101170_abstract": 0.6524092787876725, "4194409_abstract": 0.6524033723399043, "3195883_abstract": 0.6523779723793268, "3048091_abstract": 0.6523756617680192, "3620504_abstract": 0.6523627280257642, "3300796_abstract": 0.6213064175099134, "2980106_abstract": 0.6212687008082867, "3767216_abstract": 0.6212283666245639, "3170542_abstract": 0.6212070696055889, "3124861_abstract": 0.6211878545582294, "3900809_abstract": 0.6211735205724835, "3418328_abstract": 0.6211637547239661, "3273163_abstract": 0.6211537015624344, "3954751_abstract": 0.6211520326323807, "3666909_abstract": 0.6211466155946255, "2965807_abstract": 0.6211443236097693, "2960211_abstract": 0.6211441718041897, "4015488_abstract": 0.6211418998427689, "3792328_abstract": 0.621133878827095, "3578779_abstract": 0.6211262294091284, "3456398_abstract": 0.6192217790521681, "4209260_abstract": 0.6154898712411523, "3816511_abstract": 0.6153142433613539, "2870991_abstract": 0.5939607210457325, "3785781_abstract": 0.5939406659454107, "3785782_abstract": 0.5939406659454107, "3115796_abstract": 0.5939221885055304, "3072569_abstract": 0.593901377171278, "3922599_abstract": 0.5938946101814508, "3098197_abstract": 0.5938817206770182, "3403735_abstract": 0.593856050632894, "3255661_abstract": 0.5938541833311319, "3360904_abstract": 0.5938455294817686, "2929925_abstract": 0.5938385389745235, "3202721_abstract": 0.5938373040407896, "3460021_abstract": 0.5938118752092123, "3502560_abstract": 0.5938098561018705, "2902691_abstract": 0.5938092693686485, "4205833_abstract": 0.5938036954030395, "2860308_abstract": 0.5937948003411293, "2985264_abstract": 0.5937922820448875, "2898938_abstract": 0.5937917861156166, "2990110_abstract": 0.5937874224036932, "3115482_abstract": 0.5937863430008292, "3943598_abstract": 0.5781538803130388, "4187553_abstract": 0.5627801045775414, "3045581_abstract": 0.5626875068992376, "4215494_abstract": 0.5626762099564075, "3216636_abstract": 0.5626487787812948, "3581258_abstract": 0.5626119822263718, "3192591_abstract": 0.5626063253730536, "3703477_abstract": 0.5625919736921787, "3714720_abstract": 0.5625876970589161, "3669968_abstract": 0.5625866763293743, "3473768_abstract": 0.562583071179688, "3112442_abstract": 0.5625740112736821, "3072587_abstract": 0.5625634016469121, "3418636_abstract": 0.562562957406044, "3243560_abstract": 0.562562488950789, "3219384_abstract": 0.5625533694401383, "4036056_abstract": 0.562548104673624, "3293170_abstract": 0.562546119093895, "3711997_abstract": 0.562537875957787, "3604928_abstract": 0.5625343846622854, "3540026_abstract": 0.5625336249358952, "2821698_abstract": 0.5625333653297275, "4268950_abstract": 0.562530878931284, "3744817_abstract": 0.5625288272276521, "3647659_abstract": 0.5625281718093902, "4122884_abstract": 0.5625264011323452, "3130565_abstract": 0.5606022598221898, "3766950_abstract": 0.5315375775098801, "4209570_abstract": 0.5314909815788269, "3181234_abstract": 0.5314086135476828, "3285272_abstract": 0.5313890296965837, "4075079_abstract": 0.5313696842640638, "3139088_abstract": 0.5313633140176535, "2995860_abstract": 0.5313633140176535, "3438659_abstract": 0.5313535165041685, "4029831_abstract": 0.531348193064332, "3915669_abstract": 0.5313457902520895, "3539901_abstract": 0.5313432328402996, "3505602_abstract": 0.5313426833599806, "2884168_abstract": 0.5313342157751322, "3281912_abstract": 0.5313287079334259, "4278913_abstract": 0.531324939802289, "3543209_abstract": 0.5313076954334974, "3155894_abstract": 0.5313045810908079, "4226987_abstract": 0.5313017796725035, "4095089_abstract": 0.5313006713986397, "3434975_abstract": 0.5312999482266605, "3031511_abstract": 0.531297666952014, "3542888_abstract": 0.5312965586781502, "3128250_abstract": 0.5312894801609218, "4108378_abstract": 0.5312878880649805, "3163081_abstract": 0.5312871411442757, "3491942_abstract": 0.5312862917780876, "3498660_abstract": 0.5312857846729457, "4005395_abstract": 0.5312857553362846, "3311679_abstract": 0.5312857553362846, "3059004_abstract": 0.5312855462543666, "4209261_abstract": 0.5312850470654666, "2823885_abstract": 0.5312833581119776, "3862481_abstract": 0.5312819976825267, "3683187_abstract": 0.53127959696576, "3524338_abstract": 0.5312754977494478, "3815673_abstract": 0.5312668283004314, "4059589_abstract": 0.5157464649528265, "3805188_abstract": 0.5157036501914263, "3078725_abstract": 0.5001883152872324, "4212231_abstract": 0.500171035528183, "3714983_abstract": 0.5001369696110487, "3199686_abstract": 0.5001312475651503,