{"4159308_abstract": 0.9414813201874496, "3495327_abstract": 0.9336667391471564, "4170080_abstract": 0.9258480337448418, "3050853_abstract": 0.92583368672058, "4019162_abstract": 0.9142640624195336, "4166247_abstract": 0.914200212340802, "3351875_abstract": 0.9063250315375626, "2871476_abstract": 0.9063126691617072, "3072569_abstract": 0.894837299361825, "3170542_abstract": 0.8947023674845695, "3006060_abstract": 0.8946533221751451, "3002350_abstract": 0.8790450757369399, "3970731_abstract": 0.8790424913167953, "4227439_abstract": 0.8790224147960544, "4275782_abstract": 0.8789996784180403, "4108737_abstract": 0.87899504089728, "4148581_abstract": 0.8674426879733801, "4227440_abstract": 0.8673059493303299, "3926250_abstract": 0.8672716342844069, "3208558_abstract": 0.8672622288577259, "4224094_abstract": 0.8672535493969917, "3156232_abstract": 0.8519237898290157, "3246290_abstract": 0.8516629710793495, "3785787_abstract": 0.8516540732234716, "3928856_abstract": 0.851652872748673, "3604234_abstract": 0.8516448140144348, "4239086_abstract": 0.8360684979707003, "4215485_abstract": 0.8360021207481623, "3705167_abstract": 0.8359958110377192, "3885027_abstract": 0.8359794798307121, "3517201_abstract": 0.828212664462626, "4047000_abstract": 0.8167161047458649, "3859472_abstract": 0.8166839703917503, "4008424_abstract": 0.8165038051083684, "3281714_abstract": 0.8164819628000259, "3002258_abstract": 0.8164810864254832, "2871477_abstract": 0.8164765685796738, "2823872_abstract": 0.8164471946656704, "3351657_abstract": 0.7971312180161476, "3144416_abstract": 0.7970102578401566, "4082651_abstract": 0.7969662332907319, "4170049_abstract": 0.7969629280269146, "3338875_abstract": 0.7969505898654461, "3750616_abstract": 0.7969462275505066, "3437714_abstract": 0.7969398694112897, "3002259_abstract": 0.7969349911436439, "4245399_abstract": 0.7969320835545659, "2862618_abstract": 0.7969166832044721, "3821968_abstract": 0.791091893101111, "4254090_abstract": 0.7775125466287136, "4190780_abstract": 0.7775106281042099, "4159300_abstract": 0.7774655669927597, "4286756_abstract": 0.7774519482627511, "3159640_abstract": 0.7774486700072885, "3971157_abstract": 0.7774212909862399, "3597592_abstract": 0.7774139801040292, "3900809_abstract": 0.7773995082825422, "2929936_abstract": 0.7773810159415007, "4094829_abstract": 0.7773734265938401, "3312110_abstract": 0.7541184537112713, "3178969_abstract": 0.7540497779846191, "4082650_abstract": 0.7539987349882722, "2926896_abstract": 0.7539712395519018, "2998270_abstract": 0.7539422465488315, "3978098_abstract": 0.7539406248833984, "3287203_abstract": 0.7307035606354475, "3594304_abstract": 0.73061796836555, "4046680_abstract": 0.7306108362972736, "3181517_abstract": 0.7305316925048828, "3272408_abstract": 0.7305262614972889, "2910667_abstract": 0.7305253674276173, "3838847_abstract": 0.7305154432542622, "3792219_abstract": 0.7305005127564073, "3715506_abstract": 0.7304939632304013, "3834913_abstract": 0.7235655706375838, "3730461_abstract": 0.7072154693305492, "3808734_abstract": 0.7071803584694862, "3881925_abstract": 0.7071625217795372, "4006432_abstract": 0.7071253350004554, "3593890_abstract": 0.7071094801649451, "3943598_abstract": 0.7071012649685144, "4059897_abstract": 0.7070872746407986, "3696237_abstract": 0.7070779693312943, "3603783_abstract": 0.7070756806060672, "4219001_abstract": 0.707059366395697, "3441369_abstract": 0.6953864991664886, "3827834_abstract": 0.6799486540257931, "3450871_abstract": 0.6798641532659531, "3553452_abstract": 0.6798597648739815, "3786153_abstract": 0.6798244994133711, "3444285_abstract": 0.6798081370070577, "3093274_abstract": 0.6797815011814237, "4234758_abstract": 0.6797814900055528, "4050275_abstract": 0.6797728459350765, "3144415_abstract": 0.6797652775421739, "3885687_abstract": 0.6797559792175889, "3693085_abstract": 0.6797459358349442, "4176725_abstract": 0.6797436447814107, "4260715_abstract": 0.6797436205670238, "3238811_abstract": 0.6797408540733159, "3190208_abstract": 0.6797400387004018, "3372302_abstract": 0.6745754699222744, "4086514_abstract": 0.664165270049125, "3656743_abstract": 0.6583048733882606, "3689829_abstract": 0.6525142192840576, "3087940_abstract": 0.6525115985423326, "3758369_abstract": 0.6524996683001518, "3926074_abstract": 0.6524449735879898, "4245729_abstract": 0.6524389255791903, "4176727_abstract": 0.6524340091273189, "4112087_abstract": 0.6524318065494299, "3650579_abstract": 0.6524255136027932, "3978679_abstract": 0.6524230604991317, "3045844_abstract": 0.6524074645712972, "4006556_abstract": 0.6524059036746621, "2873752_abstract": 0.6524034114554524, "3696236_abstract": 0.6523957657627761, "3604210_abstract": 0.6523799644783139, "2887442_abstract": 0.652379522100091, "4293293_abstract": 0.6523776743561029, "4019471_abstract": 0.6485739788040519, "3587361_abstract": 0.636864026542753, "3581678_abstract": 0.6231917357072234, "3705601_abstract": 0.6213094182312489, "3300796_abstract": 0.6213064175099134, "4245884_abstract": 0.6212217789143324, "3991635_abstract": 0.6212211921811104, "3489385_abstract": 0.6211698651313782, "3409814_abstract": 0.6211670530028641, "3187622_abstract": 0.6211670530028641, "2835356_abstract": 0.6211660876870155, "3783284_abstract": 0.6211599316447973, "3130385_abstract": 0.6211583996191621, "3366759_abstract": 0.6211546696722507, "3222735_abstract": 0.6211534943431616, "3787010_abstract": 0.6211507357656956, "3130567_abstract": 0.6211507357656956, "3922911_abstract": 0.6211483306251466, "3903910_abstract": 0.6211452521383762, "3684141_abstract": 0.6211452377028763, "4015488_abstract": 0.6211418998427689, "4215483_abstract": 0.6211381801404059, "4006436_abstract": 0.6211345987394452, "3115482_abstract": 0.6064919809577987, "2975159_abstract": 0.603600443340838, "2870991_abstract": 0.5939607210457325, "3785781_abstract": 0.5939406659454107, "3785782_abstract": 0.5939406659454107, "3040316_abstract": 0.5938967037945986, "3922599_abstract": 0.5938946101814508, "3450872_abstract": 0.5938458470627666, "2974780_abstract": 0.5938422391191125, "2827690_abstract": 0.593815834261477, "4105315_abstract": 0.5938154514878988, "3825618_abstract": 0.5938131343573332, "3339758_abstract": 0.5938123306259513, "2933030_abstract": 0.5938070127740502, "2939983_abstract": 0.5937982331961393, "3578886_abstract": 0.5937955589033663, "3730631_abstract": 0.5937822721898556, "3581677_abstract": 0.5919239791110158, "3244152_abstract": 0.5899019420612603, "3674267_abstract": 0.5781829445622861, "3581676_abstract": 0.5629231967031956, "4215494_abstract": 0.5626762099564075, "4250264_abstract": 0.5626742895692587, "3975136_abstract": 0.5626608673483133, "3508860_abstract": 0.5626444928348064, "3211136_abstract": 0.5626363717019558, "3291592_abstract": 0.5626222714781761, "3034470_abstract": 0.5626203110441566, "3581258_abstract": 0.5626119822263718, "4144633_abstract": 0.5626106420531869, "4023972_abstract": 0.5625846451148391, "3473768_abstract": 0.562583071179688, "3892358_abstract": 0.5625811377540231, "3705473_abstract": 0.5625766580924392, "3112442_abstract": 0.5625740112736821, "3839074_abstract": 0.5625718273222446, "3243560_abstract": 0.562562488950789, "3015778_abstract": 0.5625608386471868, "4015490_abstract": 0.562554488889873, "3626857_abstract": 0.5625427216291428, "3945128_abstract": 0.5625424487516284, "3363928_abstract": 0.5625376184470952, "3878819_abstract": 0.5625326205044985, "3378841_abstract": 0.5469973140861839, "3369712_abstract": 0.5469678393565118, "3181234_abstract": 0.5314086135476828, "2949715_abstract": 0.5313576199114323, "3578888_abstract": 0.5313544701784849, "3915669_abstract": 0.5313457902520895, "3505602_abstract": 0.5313426833599806, "4166690_abstract": 0.5313422810286283, "3175910_abstract": 0.5313391517847776, "2826886_abstract": 0.5313275698572397, "3715728_abstract": 0.5313272178173065, "3395166_abstract": 0.5313230082392693, "3042721_abstract": 0.5313227474689484, "2930152_abstract": 0.5313225127756596,