{"3434300_abstract": 0.8361778631806374, "3072569_abstract": 0.7774327923543751, "3564335_abstract": 0.7773922421038151, "4227440_abstract": 0.7540229167789221, "4227439_abstract": 0.7305823909118772, "3239365_abstract": 0.7305780649185181, "3597796_abstract": 0.7305768877267838, "4265312_abstract": 0.6798864454030991, "3101170_abstract": 0.6524092787876725, "2891762_abstract": 0.621223846450448, "3821968_abstract": 0.6211804207414389, "3792328_abstract": 0.621133878827095, "3705473_abstract": 0.5938308369368315, "3460021_abstract": 0.5938118752092123, "3170542_abstract": 0.5938118537887931, "2860308_abstract": 0.5937948003411293, "3473768_abstract": 0.562583071179688, "3540026_abstract": 0.5625336249358952, "3514283_abstract": 0.531327610835433, "4108378_abstract": 0.5312878880649805, "3862481_abstract": 0.5312819976825267, "4212231_abstract": 0.500171035528183, "4104913_abstract": 0.5001707728952169, "3689852_abstract": 0.5001446306705475, "3892349_abstract": 0.5000753793865442, "3714988_abstract": 0.5000659171491861, "3693160_abstract": 0.5000486052595079, "3988240_abstract": 0.5000303662382066}