{"3845297_abstract": 0.9612821098417044, "4159308_abstract": 0.9414813201874496, "3786354_abstract": 0.914178474340588, "3163983_abstract": 0.914135546889156, "2871476_abstract": 0.9063126691617072, "3072569_abstract": 0.894837299361825, "3170542_abstract": 0.8947023674845695, "3006060_abstract": 0.8946533221751451, "3815740_abstract": 0.8791566491127014, "2914070_abstract": 0.8790700323879719, "3826434_abstract": 0.879049725830555, "3825457_abstract": 0.879023595713079, "3056258_abstract": 0.8790063941851258, "4275782_abstract": 0.8789996784180403, "4108737_abstract": 0.87899504089728, "3156232_abstract": 0.8733760714530945, "3530792_abstract": 0.867359958589077, "3293229_abstract": 0.8673200234770775, "3395430_abstract": 0.8673006715252995, "3777999_abstract": 0.8672736566513777, "4224094_abstract": 0.8672535493969917, "3611752_abstract": 0.8522728830575943, "3822228_abstract": 0.8517570719122887, "3785787_abstract": 0.8516540732234716, "3928856_abstract": 0.851652872748673, "4170080_abstract": 0.8516339587513357, "4227439_abstract": 0.8379943673498929, "4239086_abstract": 0.8360684979707003, "4215485_abstract": 0.8360021207481623, "3885027_abstract": 0.8359794798307121, "4227440_abstract": 0.8321361346170306, "4047000_abstract": 0.8167161047458649, "3434300_abstract": 0.8167103938758373, "3708704_abstract": 0.8166242279112339, "3434819_abstract": 0.8165824040770531, "3721977_abstract": 0.816548153758049, "4183367_abstract": 0.8165434878319502, "4008424_abstract": 0.8165038051083684, "3346045_abstract": 0.8164931368082762, "2978293_abstract": 0.8164885677397251, "2871477_abstract": 0.8164765685796738, "2837602_abstract": 0.8164726560935378, "2823872_abstract": 0.8164471946656704, "3843122_abstract": 0.7970403879880905, "4082651_abstract": 0.7969662332907319, "3338875_abstract": 0.7969505898654461, "3750616_abstract": 0.7969462275505066, "3437714_abstract": 0.7969398694112897, "4245399_abstract": 0.7969320835545659, "3085434_abstract": 0.796930278185755, "2862618_abstract": 0.7969166832044721, "3840038_abstract": 0.7852956525748596, "4190780_abstract": 0.7775106281042099, "3761341_abstract": 0.777476891875267, "4159300_abstract": 0.7774655669927597, "3563925_abstract": 0.7774576805531979, "3799725_abstract": 0.7774495482444763, "2929933_abstract": 0.7774450769647956, "3971157_abstract": 0.7774212909862399, "3597592_abstract": 0.7774139801040292, "3189968_abstract": 0.7774093151092529, "2929932_abstract": 0.7774030128493905, "3900809_abstract": 0.7773995082825422, "3564335_abstract": 0.7773922421038151, "4094829_abstract": 0.7773734265938401, "3208558_abstract": 0.7735177257563919, "4257888_abstract": 0.754045782610774, "4082650_abstract": 0.7539987349882722, "2926896_abstract": 0.7539712395519018, "4056260_abstract": 0.7539558475837111, "4273477_abstract": 0.7539441892877221, "3978098_abstract": 0.7539406248833984, "3821968_abstract": 0.7448631939478219, "4019471_abstract": 0.7305925376713276, "3540349_abstract": 0.7305905502289534, "4012002_abstract": 0.7305866628885269, "3189974_abstract": 0.7305835168808699, "3758044_abstract": 0.7305653085932136, "3181517_abstract": 0.7305316925048828, "3272408_abstract": 0.7305262614972889, "3135366_abstract": 0.7305243099108338, "3895892_abstract": 0.7072229590266943, "3808734_abstract": 0.7071803584694862, "3597796_abstract": 0.707161383703351, "3239365_abstract": 0.707161383703351, "2891762_abstract": 0.7071559187024832, "3067399_abstract": 0.7071392824873328, "3255961_abstract": 0.7071318197995424, "3057120_abstract": 0.7071295753121376, "3536671_abstract": 0.7071124706417322, "3593890_abstract": 0.7071094801649451, "3279151_abstract": 0.7071063481271267, "3144054_abstract": 0.7070809258148074, "4219001_abstract": 0.707059366395697, "3827834_abstract": 0.6799486540257931, "3351646_abstract": 0.6798487808555365, "4231328_abstract": 0.6798355486243963, "3786153_abstract": 0.6798244994133711, "4194521_abstract": 0.6798212435096502, "3444285_abstract": 0.6798081370070577, "3514283_abstract": 0.6797844814136624, "3116289_abstract": 0.6797675648704171, "3141569_abstract": 0.679764567874372, "3517201_abstract": 0.6797449821606278, "4260715_abstract": 0.6797436205670238, "3144052_abstract": 0.6797408191487193, "3219786_abstract": 0.6525010764598846, "3530115_abstract": 0.6524442173540592, "3719833_abstract": 0.6524371365085244, "4176727_abstract": 0.6524340091273189, "4062991_abstract": 0.6524176094681025, "3101170_abstract": 0.6524092787876725, "3045844_abstract": 0.6524074645712972, "2959964_abstract": 0.6523962961509824, "3147024_abstract": 0.6523814983665943, "3300796_abstract": 0.6213064175099134, "3660008_abstract": 0.6212797574698925, "3670457_abstract": 0.6212509628385305, "2950333_abstract": 0.621192691847682, "3263614_abstract": 0.6211879849433899, "3275842_abstract": 0.6211878098547459, "3714988_abstract": 0.6211859043687582, "3226661_abstract": 0.6211725249886513, "3845703_abstract": 0.6211598515510559, "3243879_abstract": 0.6211563460528851, "3222735_abstract": 0.6211534943431616, "3778496_abstract": 0.6211507357656956, "4215483_abstract": 0.6211381801404059, "3792328_abstract": 0.621133878827095, "3485969_abstract": 0.6055533015169203, "3785782_abstract": 0.5939406659454107, "3785781_abstract": 0.5939406659454107, "4292988_abstract": 0.5939351171255112, "2863411_abstract": 0.5939315799623728, "3796362_abstract": 0.5938964039087296, "4033442_abstract": 0.5938730724155903, "4289501_abstract": 0.5938671063631773, "3503692_abstract": 0.5938586089760065, "3197245_abstract": 0.5938451886177063, "4059591_abstract": 0.5938358400017023, "3045582_abstract": 0.5938323345035315, "3845588_abstract": 0.5938306283205748, "3641507_abstract": 0.5938235186040401, "3848426_abstract": 0.5938180228695273, "3460021_abstract": 0.5938118752092123, "4015068_abstract": 0.5938100954517722, "3748065_abstract": 0.5938071738928556, "3103886_abstract": 0.5938021913170815, "4019870_abstract": 0.5937991552054882, "3249296_abstract": 0.5937991365790367, "2860308_abstract": 0.5937948003411293, "2889078_abstract": 0.593791386578232, "3693343_abstract": 0.5937882224097848, "3932527_abstract": 0.5937812440097332, "3312329_abstract": 0.562731584534049, "4215494_abstract": 0.5626762099564075, "3231846_abstract": 0.5626039784401655, "3703477_abstract": 0.5625919736921787, "3473768_abstract": 0.562583071179688, "3705473_abstract": 0.5625766580924392, "4005995_abstract": 0.5625664750114083, "3888775_abstract": 0.5625660950317979, "3846593_abstract": 0.5625655092298985, "3015778_abstract": 0.5625608386471868, "4173695_abstract": 0.5625560134649277, "2844042_abstract": 0.5625509945675731, "3950602_abstract": 0.5625496059656143, "3978102_abstract": 0.5625431388616562, "3540026_abstract": 0.5625336249358952, "3329984_abstract": 0.5625292100012302, "3978578_abstract": 0.5314531922340393, "2876400_abstract": 0.5313911139965057, "3285272_abstract": 0.5313890296965837, "3175910_abstract": 0.5313391517847776, "2853605_abstract": 0.5313343834131956, "2876394_abstract": 0.5313292611390352, "2891630_abstract": 0.5313237737864256, "4183751_abstract": 0.5313224252313375, "4036065_abstract": 0.5313192680478096, "3002275_abstract": 0.5313127338886261, "3059011_abstract": 0.5313111538998783, "3279612_abstract": 0.5313058174215257, "3539901_abstract": 0.531298790127039, "2963361_abstract": 0.5312952077947557, "3093277_abstract": 0.5312948385253549, "4183485_abstract": 0.5312948152422905, "2944369_abstract": 0.5312921330332756, "2838323_abstract": 0.5312880799174309, "4108378_abstract": 0.5312878880649805, "4209261_abstract": 0.5312850470654666, "3549657_abstract": 0.5312822037376463, "3862481_abstract": 0.5312819976825267, "3524338_abstract": 0.5312754977494478, "3205679_abstract": 0.5156821422278881, "3312328_abstract": 0.5002240836620331, "4212231_abstract": 0.500171035528183, "2854163_abstract": 0.5001423619687557, "3064266_abstract": 0.5001394134014845, "2940122_abstract": 0.5001287721097469, "3091043_abstract": 0.5001148041337729,