{"4209465_abstract": 0.9453466191189364, "3156232_abstract": 0.8733760714530945, "3514218_abstract": 0.8516145371831954, "3222366_abstract": 0.836014935746789, "3835286_abstract": 0.8360124323517084, "3795701_abstract": 0.796957035548985, "3189968_abstract": 0.7774093151092529, "3156374_abstract": 0.7773953475989401, "2894212_abstract": 0.7773952386341989, "3564335_abstract": 0.7773922421038151, "3272407_abstract": 0.7542177587747574, "4257888_abstract": 0.754045782610774, "4286322_abstract": 0.7539965407922864, "2998024_abstract": 0.7305050725117326, "2876137_abstract": 0.7071054819971323, "4036471_abstract": 0.6799917668104172, "3885687_abstract": 0.6797559792175889, "4176725_abstract": 0.6797436447814107, "4234526_abstract": 0.6797339906916022, "3907181_abstract": 0.6797222066670656, "3778820_abstract": 0.6524628922343254, "4134177_abstract": 0.6524099912494421, "3101170_abstract": 0.6524092787876725, "3450622_abstract": 0.6523933345451951, "3300796_abstract": 0.6213064175099134, "3821968_abstract": 0.6211804207414389, "3324117_abstract": 0.6211748830974102, "3792328_abstract": 0.621133878827095, "3865470_abstract": 0.6211338741704822, "2870991_abstract": 0.5939607210457325, "3785781_abstract": 0.5939406659454107, "3785782_abstract": 0.5939406659454107, "3460021_abstract": 0.5938118752092123, "2860308_abstract": 0.5937948003411293, "3115482_abstract": 0.5937863430008292, "3176320_abstract": 0.5937863062135875, "4215494_abstract": 0.5626762099564075, "3703477_abstract": 0.5625919736921787, "3845297_abstract": 0.562559119425714, "3632891_abstract": 0.5625550663098693, "3540026_abstract": 0.5625336249358952, "2990115_abstract": 0.5625326363369823, "3505602_abstract": 0.5313426833599806, "3095789_abstract": 0.5313163851387799, "3834913_abstract": 0.5312986802309752, "4108378_abstract": 0.5312878880649805, "3862481_abstract": 0.5312819976825267, "4212231_abstract": 0.500171035528183, "3792458_abstract": 0.5001184400171041, "2995320_abstract": 0.5001035984605551, "3144592_abstract": 0.500053072348237, "3693160_abstract": 0.5000486052595079, "3800163_abstract": 0.5000418219715357, "3272412_abstract": 0.5000372529029846, "3553453_abstract": 0.5000331792980433, "3023008_abstract": 0.5000331676565111, "3988240_abstract": 0.5000303662382066, "3249178_abstract": 0.5000279587693512}