{"4159308_abstract": 0.9414813201874496, "4079395_abstract": 0.9336674488149584, "4019162_abstract": 0.9142640624195336, "2871476_abstract": 0.9063126691617072, "3006060_abstract": 0.8946533221751451, "4227439_abstract": 0.8790224147960544, "4275782_abstract": 0.8789996784180403, "4108737_abstract": 0.87899504089728, "4227440_abstract": 0.8673059493303299, "4224094_abstract": 0.8672535493969917, "3156232_abstract": 0.8519237898290157, "3785787_abstract": 0.8516540732234716, "3928856_abstract": 0.851652872748673, "4170080_abstract": 0.8516339587513357, "4141327_abstract": 0.8516213321126997, "4215485_abstract": 0.8360021207481623, "3263665_abstract": 0.8359963987022638, "3312223_abstract": 0.8359824289800599, "3885027_abstract": 0.8359794798307121, "4008424_abstract": 0.8165038051083684, "2871477_abstract": 0.8164765685796738, "3321578_abstract": 0.8164658332243562, "2823872_abstract": 0.8164471946656704, "3831457_abstract": 0.7970220679417253, "4082651_abstract": 0.7969662332907319, "4082644_abstract": 0.796962320804596, "3338875_abstract": 0.7969505898654461, "3750616_abstract": 0.7969462275505066, "3437714_abstract": 0.7969398694112897, "4245399_abstract": 0.7969320835545659, "2862618_abstract": 0.7969166832044721, "3332862_abstract": 0.7969055688008666, "3456865_abstract": 0.7872278168797493, "4092087_abstract": 0.777494516223669, "4159300_abstract": 0.7774655669927597, "3563925_abstract": 0.7774576805531979, "3971157_abstract": 0.7774212909862399, "3916993_abstract": 0.7774188769981265, "3597592_abstract": 0.7774139801040292, "3900809_abstract": 0.7773995082825422, "2921776_abstract": 0.7773953122086823, "3564335_abstract": 0.7773922421038151, "4094829_abstract": 0.7773734265938401, "3187480_abstract": 0.7773734233342111, "3045563_abstract": 0.7735688511747867, "3208558_abstract": 0.7735177257563919, "3324117_abstract": 0.7696212952335676, "3663680_abstract": 0.7541431486606598, "3312110_abstract": 0.7541184537112713, "4257888_abstract": 0.754045782610774, "2926896_abstract": 0.7539712395519018, "3293233_abstract": 0.7539619174785912, "2998270_abstract": 0.7539422465488315, "3978098_abstract": 0.7539406248833984, "3533511_abstract": 0.753933290950954, "3821968_abstract": 0.7448631939478219, "4019471_abstract": 0.7305925376713276, "4030100_abstract": 0.7305847490206361, "2860447_abstract": 0.73056751023978, "3418633_abstract": 0.7305478407070041, "2947388_abstract": 0.7305464912205935, "3181517_abstract": 0.7305316925048828, "3272408_abstract": 0.7305262614972889, "4059589_abstract": 0.7305163373239338, "3808734_abstract": 0.7071803584694862, "3881925_abstract": 0.7071625217795372, "3264011_abstract": 0.7071331962943077, "3593890_abstract": 0.7071094801649451, "2949728_abstract": 0.7070815525949001, "3002013_abstract": 0.7070743427611887, "2993322_abstract": 0.7070595570839942, "4219001_abstract": 0.707059366395697, "4082650_abstract": 0.7032393370755017, "3249296_abstract": 0.6953544388525188, "3231895_abstract": 0.6876624792348593, "3834913_abstract": 0.6863502183308204, "4096042_abstract": 0.6799384877085686, "3786153_abstract": 0.6798244994133711, "3444285_abstract": 0.6798081370070577, "3885687_abstract": 0.6797559792175889, "2860461_abstract": 0.6797546707093716, "4260715_abstract": 0.6797436205670238, "3026342_abstract": 0.6797400284558535, "3819404_abstract": 0.6797369509004056, "3539901_abstract": 0.6738764620386064, "4099537_abstract": 0.6524925157427788, "2910663_abstract": 0.6524242842569947, "3392565_abstract": 0.6524222157895565, "3101170_abstract": 0.6524092787876725, "3045844_abstract": 0.6524074645712972, "3693480_abstract": 0.652388428337872, "3725919_abstract": 0.6368883289396763, "3916978_abstract": 0.6214071661233902, "3300796_abstract": 0.6213064175099134, "3141983_abstract": 0.6213034056127071, "3089317_abstract": 0.621303241699934, "3767216_abstract": 0.6212305780500174, "4245884_abstract": 0.6212217789143324, "3124861_abstract": 0.6211878545582294, "3872228_abstract": 0.6211722381412983, "3273163_abstract": 0.6211537015624344, "4015488_abstract": 0.6211418998427689, "4215483_abstract": 0.6211381801404059, "3792328_abstract": 0.621133878827095, "3578779_abstract": 0.6211262294091284, "3785782_abstract": 0.5939406659454107, "3785781_abstract": 0.5939406659454107, "3974721_abstract": 0.5939272493124008, "3115796_abstract": 0.5939221885055304, "2822145_abstract": 0.5939051676541567, "3767012_abstract": 0.5938919186592102, "4202299_abstract": 0.5938605014234781, "2940188_abstract": 0.5938319824635983, "3182003_abstract": 0.5938136987388134, "3460021_abstract": 0.5938118752092123, "3502560_abstract": 0.5938098561018705, "2881160_abstract": 0.5937973372638226, "2860308_abstract": 0.5937948003411293, "3792553_abstract": 0.5937901511788368, "3115482_abstract": 0.5937863430008292, "2949994_abstract": 0.5937830875627697, "3311969_abstract": 0.5937809417955577, "2878367_abstract": 0.5937681533396244, "3806259_abstract": 0.5900591909885406, "4036471_abstract": 0.580919200864931, "2886683_abstract": 0.5628370083868504, "3045581_abstract": 0.5626875068992376, "4215494_abstract": 0.5626762099564075, "3216636_abstract": 0.5626487787812948, "2993400_abstract": 0.5626286808401346, "3703477_abstract": 0.5625919736921787, "3473768_abstract": 0.562583071179688, "3112442_abstract": 0.5625740112736821, "2865945_abstract": 0.562571601010859, "3243560_abstract": 0.562562488950789, "3015778_abstract": 0.5625608386471868, "4056894_abstract": 0.5625572623685002, "3647658_abstract": 0.562555736862123, "2980280_abstract": 0.5625496143475175, "3045564_abstract": 0.5625454038381577, "3800080_abstract": 0.5625392366200686, "3604928_abstract": 0.5625343846622854, "3540026_abstract": 0.5625336249358952, "2821698_abstract": 0.5625333653297275, "3647659_abstract": 0.5625281718093902, "3925700_abstract": 0.5625185093376786, "3285272_abstract": 0.5313890296965837, "3438659_abstract": 0.5313535165041685, "3175910_abstract": 0.5313391517847776, "2891630_abstract": 0.5313237737864256, "4183751_abstract": 0.5313224252313375, "3059011_abstract": 0.5313111538998783, "3456398_abstract": 0.5313028255477548, "3434975_abstract": 0.5312999482266605, "4194081_abstract": 0.5312988916411996, "2963361_abstract": 0.5312952077947557, "4183485_abstract": 0.5312948152422905, "4170071_abstract": 0.5312942061573267, "2944369_abstract": 0.5312921330332756, "3428321_abstract": 0.53129200078547, "3100785_abstract": 0.531291080173105, "3128250_abstract": 0.5312894801609218, "4108378_abstract": 0.5312878880649805, "3059004_abstract": 0.5312855462543666, "3549657_abstract": 0.5312822037376463, "3862481_abstract": 0.5312819976825267, "3542888_abstract": 0.5312749613076448, "3069914_abstract": 0.5312738232314587, "3360989_abstract": 0.5156749687157571, "3078725_abstract": 0.5001883152872324, "4096043_abstract": 0.5001778248697519, "4212231_abstract": 0.500171035528183, "3792458_abstract": 0.5001184400171041, "3339772_abstract": 0.5001064240932465, "2995320_abstract": 0.5001035984605551, "2826768_abstract": 0.5000970494002104, "3816511_abstract": 0.5000797156244516, "3327286_abstract": 0.5000794967636466, "2999106_abstract": 0.5000666920095682, "3892358_abstract": 0.5000656843185425, "4227579_abstract": 0.5000649252906442, "3578792_abstract": 0.5000618174672127, "3563926_abstract": 0.5000563701614738, "3144592_abstract": 0.500053072348237, "3693160_abstract": 0.5000486052595079, "4052786_abstract": 0.5000475887209177, "2942382_abstract": 0.5000413730740547, "2902088_abstract": 0.5000413656234741, "3272412_abstract": 0.5000372529029846, "4212232_abstract": 0.5000364407896996, "2902514_abstract": 0.5000355243682861, "3095996_abstract": 0.5000348859466612, "3072865_abstract": 0.500034702476114, "3553453_abstract": 0.5000331792980433, "3988240_abstract": 0.5000303662382066, "3249178_abstract": 0.5000279587693512, "4140948_abstract": 0.5000272325705737, "2829331_abstract": 0.5000229410361499, "4163352_abstract": 0.5000220651272684, "3287186_abstract": 0.5000209179706872,