{"4159308_abstract": 0.9414813201874496, "4079395_abstract": 0.9336674488149584, "4170080_abstract": 0.9258480337448418, "4019162_abstract": 0.9142640624195336, "2871476_abstract": 0.9063126691617072, "3006060_abstract": 0.8946533221751451, "3312223_abstract": 0.8945701064076275, "4227439_abstract": 0.8790224147960544, "4275782_abstract": 0.8789996784180403, "4108737_abstract": 0.87899504089728, "4227440_abstract": 0.8673059493303299, "3208558_abstract": 0.8672622288577259, "4224094_abstract": 0.8672535493969917, "3156232_abstract": 0.8519237898290157, "3272415_abstract": 0.8516579694114625, "3785787_abstract": 0.8516540732234716, "3928856_abstract": 0.851652872748673, "4215485_abstract": 0.8360021207481623, "3885027_abstract": 0.8359794798307121, "3461948_abstract": 0.8165076933801174, "4008424_abstract": 0.8165038051083684, "2871477_abstract": 0.8164765685796738, "3840038_abstract": 0.8164604201447219, "3539901_abstract": 0.8164541339501739, "2823872_abstract": 0.8164471946656704, "4082651_abstract": 0.7969662332907319, "3338875_abstract": 0.7969505898654461, "4176725_abstract": 0.7969494573771954, "3750616_abstract": 0.7969462275505066, "3437714_abstract": 0.7969398694112897, "4245399_abstract": 0.7969320835545659, "2862618_abstract": 0.7969166832044721, "3249296_abstract": 0.7969097411260009, "3332862_abstract": 0.7969055688008666, "3821968_abstract": 0.791091893101111, "4159300_abstract": 0.7774655669927597, "3971157_abstract": 0.7774212909862399, "3916993_abstract": 0.7774188769981265, "3597592_abstract": 0.7774139801040292, "3900809_abstract": 0.7773995082825422, "3564335_abstract": 0.7773922421038151, "4094829_abstract": 0.7773734265938401, "3187480_abstract": 0.7773734233342111, "3834913_abstract": 0.763875987380743, "3663680_abstract": 0.7541431486606598, "4257888_abstract": 0.754045782610774, "2926896_abstract": 0.7539712395519018, "3695955_abstract": 0.753952793078497, "4273477_abstract": 0.7539441892877221, "2998270_abstract": 0.7539422465488315, "3978098_abstract": 0.7539406248833984, "3533511_abstract": 0.753933290950954, "4019471_abstract": 0.7305925376713276, "2853515_abstract": 0.7305886149406433, "4012002_abstract": 0.7305866628885269, "2990384_abstract": 0.7305684615857899, "3181517_abstract": 0.7305316925048828, "3272408_abstract": 0.7305262614972889, "3045563_abstract": 0.7305212416686118, "4059589_abstract": 0.7305163373239338, "3808734_abstract": 0.7071803584694862, "3881925_abstract": 0.7071625217795372, "3067399_abstract": 0.7071392824873328, "3264011_abstract": 0.7071331962943077, "4033188_abstract": 0.7071275692433119, "3593890_abstract": 0.7071094801649451, "3456865_abstract": 0.7070950306952, "3696237_abstract": 0.7070779693312943, "2883842_abstract": 0.7070773444138467, "3002013_abstract": 0.7070743427611887, "2993322_abstract": 0.7070595570839942, "4219001_abstract": 0.707059366395697, "4082650_abstract": 0.7032393370755017, "3069914_abstract": 0.6836337123531848, "4096042_abstract": 0.6799384877085686, "3786153_abstract": 0.6798244994133711, "4194521_abstract": 0.6798212435096502, "3444285_abstract": 0.6798081370070577, "4202299_abstract": 0.6798064354807138, "2889569_abstract": 0.6797705860808492, "3244152_abstract": 0.6797675127163529, "3141569_abstract": 0.679764567874372, "3885687_abstract": 0.6797559792175889, "3485969_abstract": 0.6797529784962535, "4260715_abstract": 0.6797436205670238, "3819404_abstract": 0.6797369509004056, "3112753_abstract": 0.6525556650012732, "4099537_abstract": 0.6524925157427788, "2910663_abstract": 0.6524242842569947, "3101170_abstract": 0.6524092787876725, "3045844_abstract": 0.6524074645712972, "4015492_abstract": 0.6524015846662223, "4015491_abstract": 0.6523999916389585, "3696236_abstract": 0.6523957657627761, "3693480_abstract": 0.652388428337872, "4098613_abstract": 0.6523784091696143, "3916978_abstract": 0.6214071661233902, "3300796_abstract": 0.6213064175099134, "3141983_abstract": 0.6213034056127071, "3089317_abstract": 0.621303241699934, "4036471_abstract": 0.621278751331071, "3132734_abstract": 0.6212475281208754, "3767216_abstract": 0.6212305780500174, "4245884_abstract": 0.6212217789143324, "3263614_abstract": 0.6211879849433899, "3812028_abstract": 0.6211637640371919, "3243879_abstract": 0.6211563460528851, "3954751_abstract": 0.6211520326323807, "2960211_abstract": 0.6211441718041897, "2898955_abstract": 0.6211437024176121, "4015488_abstract": 0.6211418998427689, "4215483_abstract": 0.6211381801404059, "3251573_abstract": 0.6211349470540881, "3231895_abstract": 0.6211343831382692, "3792328_abstract": 0.621133878827095, "3785782_abstract": 0.5939406659454107, "3785781_abstract": 0.5939406659454107, "2822145_abstract": 0.5939051676541567, "3725919_abstract": 0.5938805192708969, "3460021_abstract": 0.5938118752092123, "3714720_abstract": 0.5938045792281628, "4205833_abstract": 0.5938036954030395, "2881160_abstract": 0.5937973372638226, "2860308_abstract": 0.5937948003411293, "3346046_abstract": 0.5937935244292021, "2985264_abstract": 0.5937922820448875, "3792553_abstract": 0.5937901511788368, "3311969_abstract": 0.5937809417955577, "2878367_abstract": 0.5937681533396244, "3806259_abstract": 0.5900591909885406, "3045581_abstract": 0.5626875068992376, "3563926_abstract": 0.5626800581812859, "4215494_abstract": 0.5626762099564075, "3715725_abstract": 0.5626528169959784, "3578779_abstract": 0.5626511201262474, "3216636_abstract": 0.5626487787812948, "3246083_abstract": 0.562634963542223, "3560401_abstract": 0.5626224726438522, "3092931_abstract": 0.5626212637871504, "3001939_abstract": 0.5626212637871504, "3581258_abstract": 0.5626119822263718, "3703477_abstract": 0.5625919736921787, "3473768_abstract": 0.562583071179688, "3112442_abstract": 0.5625740112736821, "3321593_abstract": 0.562569540925324, "3243560_abstract": 0.562562488950789, "3015778_abstract": 0.5625608386471868, "2980280_abstract": 0.5625496143475175, "3045564_abstract": 0.5625454038381577, "3800080_abstract": 0.5625392366200686, "3711997_abstract": 0.562537875957787, "3540026_abstract": 0.5625336249358952, "3744817_abstract": 0.5625288272276521, "3925700_abstract": 0.5625185093376786, "3978578_abstract": 0.5314531922340393, "2860447_abstract": 0.5313944201916456, "4085995_abstract": 0.5313856303691864, "3622872_abstract": 0.5313748437911272, "3175910_abstract": 0.5313391517847776, "3205679_abstract": 0.5313276220113039, "4278913_abstract": 0.531324939802289, "2891630_abstract": 0.5313237737864256, "4183751_abstract": 0.5313224252313375, "3059011_abstract": 0.5313111538998783, "3805188_abstract": 0.5313090067356825, "3456398_abstract": 0.5313028255477548, "4170745_abstract": 0.5313008073717356, "3248669_abstract": 0.5312967295758426, "2963361_abstract": 0.5312952077947557, "4183485_abstract": 0.5312948152422905, "2944369_abstract": 0.5312921330332756, "3428321_abstract": 0.53129200078547, "3100785_abstract": 0.531291080173105, "4108378_abstract": 0.5312878880649805, "3491942_abstract": 0.5312862917780876, "3498660_abstract": 0.5312857846729457, "3059004_abstract": 0.5312855462543666, "3549657_abstract": 0.5312822037376463, "3862481_abstract": 0.5312819976825267, "3542888_abstract": 0.5312749613076448, "3078725_abstract": 0.5001883152872324, "4096043_abstract": 0.5001778248697519, "4212231_abstract": 0.500171035528183, "2854163_abstract": 0.5001423619687557, "3339772_abstract": 0.5001064240932465, "2995320_abstract": 0.5001035984605551, "2826768_abstract": 0.5000970494002104, "3150918_abstract": 0.5000745495781302, "3885049_abstract": 0.5000723898410797, "2999106_abstract": 0.5000666920095682, "3981501_abstract": 0.5000617746263742, "3144592_abstract": 0.500053072348237, "3693160_abstract": 0.5000486052595079, "4052786_abstract": 0.5000475887209177, "3360989_abstract": 0.5000457921996713, "2902088_abstract": 0.5000413656234741, "4212232_abstract": 0.5000364407896996, "2902514_abstract": 0.5000355243682861, "3095996_abstract": 0.5000348859466612, "3072865_abstract": 0.500034702476114,