{"4209465_abstract": 0.9453466191189364, "3514218_abstract": 0.8516145371831954, "3222366_abstract": 0.836014935746789, "3835286_abstract": 0.8360124323517084, "3795701_abstract": 0.796957035548985, "3916993_abstract": 0.7774188769981265, "3156374_abstract": 0.7773953475989401, "2894212_abstract": 0.7773952386341989, "3564335_abstract": 0.7773922421038151, "4286322_abstract": 0.7539965407922864, "3299035_abstract": 0.7305568605661392, "3045563_abstract": 0.7305212416686118, "2998024_abstract": 0.7305050725117326, "3881925_abstract": 0.7071625217795372, "3456865_abstract": 0.7070950306952, "4202299_abstract": 0.7070848038420081, "3363778_abstract": 0.7070556168910116, "3287435_abstract": 0.7070556168910116, "4096042_abstract": 0.6799384877085686, "4070646_abstract": 0.6798061430454254, "3819404_abstract": 0.6797369509004056, "4234526_abstract": 0.6797339906916022, "3907181_abstract": 0.6797222066670656, "3834913_abstract": 0.6642503989860415, "4099537_abstract": 0.6524925157427788, "2910663_abstract": 0.6524242842569947, "4134177_abstract": 0.6524099912494421, "3101170_abstract": 0.6524092787876725, "4015492_abstract": 0.6524015846662223, "4015491_abstract": 0.6523999916389585, "3450622_abstract": 0.6523933345451951, "3693480_abstract": 0.652388428337872, "3048091_abstract": 0.6523756617680192, "3916978_abstract": 0.6214071661233902, "3300796_abstract": 0.6213064175099134, "3141983_abstract": 0.6213034056127071, "3089317_abstract": 0.621303241699934, "3821968_abstract": 0.6211804207414389, "4015488_abstract": 0.6211418998427689, "3231895_abstract": 0.6211343831382692, "3792328_abstract": 0.621133878827095, "3865470_abstract": 0.6211338741704822, "3785782_abstract": 0.5939406659454107, "3785781_abstract": 0.5939406659454107, "2822145_abstract": 0.5939051676541567, "3725919_abstract": 0.5938805192708969, "3202721_abstract": 0.5938373040407896, "3460021_abstract": 0.5938118752092123, "2883815_abstract": 0.593798054382205, "2860308_abstract": 0.5937948003411293, "2990110_abstract": 0.5937874224036932, "3115482_abstract": 0.5937863430008292, "3176320_abstract": 0.5937863062135875, "3138819_abstract": 0.5937792614568025, "3806259_abstract": 0.5900591909885406, "4215494_abstract": 0.5626762099564075, "3192591_abstract": 0.5626063253730536, "3243560_abstract": 0.562562488950789, "3632891_abstract": 0.5625550663098693, "2980280_abstract": 0.5625496143475175, "4036056_abstract": 0.562548104673624, "3892368_abstract": 0.5625455910339952, "3323757_abstract": 0.5625454252585769, "3045564_abstract": 0.5625454038381577, "3540026_abstract": 0.5625336249358952, "2990115_abstract": 0.5625326363369823, "3501678_abstract": 0.5625292276963592, "3943598_abstract": 0.5625190334394574, "3095789_abstract": 0.5313163851387799, "3543209_abstract": 0.5313076954334974, "3428321_abstract": 0.53129200078547, "3862481_abstract": 0.5312819976825267, "4096043_abstract": 0.5001778248697519, "4212231_abstract": 0.500171035528183, "2995320_abstract": 0.5001035984605551, "4063355_abstract": 0.5000770390033722, "2999106_abstract": 0.5000666920095682, "3693160_abstract": 0.5000486052595079, "3360989_abstract": 0.5000457921996713, "3272412_abstract": 0.5000372529029846, "2902514_abstract": 0.5000355243682861, "3378920_abstract": 0.5000345632433891}