{"4209465_abstract": 0.9453466191189364, "3156232_abstract": 0.8733760714530945, "3293229_abstract": 0.8673200234770775, "3514218_abstract": 0.8516145371831954, "3222366_abstract": 0.836014935746789, "3835286_abstract": 0.8360124323517084, "3346045_abstract": 0.8164931368082762, "3795701_abstract": 0.796957035548985, "3799725_abstract": 0.7774495482444763, "3189968_abstract": 0.7774093151092529, "3156374_abstract": 0.7773953475989401, "2894212_abstract": 0.7773952386341989, "4257888_abstract": 0.754045782610774, "4286322_abstract": 0.7539965407922864, "4019471_abstract": 0.7305925376713276, "3540349_abstract": 0.7305905502289534, "3189974_abstract": 0.7305835168808699, "3299086_abstract": 0.7305779904127121, "3299087_abstract": 0.7305767983198166, "3299035_abstract": 0.7305568605661392, "2998024_abstract": 0.7305050725117326, "2993322_abstract": 0.7305021886713803, "4079395_abstract": 0.7071528490632772, "3171090_abstract": 0.7071141600608826, "3287435_abstract": 0.7070556168910116, "3363778_abstract": 0.7070556168910116, "4036471_abstract": 0.6799917668104172, "4070646_abstract": 0.6798061430454254, "3885687_abstract": 0.6797559792175889, "3132734_abstract": 0.6797471111640334, "4176725_abstract": 0.6797436447814107, "4234526_abstract": 0.6797339906916022, "3907181_abstract": 0.6797222066670656, "4089314_abstract": 0.6525100618600845, "4134177_abstract": 0.6524099912494421, "3450622_abstract": 0.6523933345451951, "3048091_abstract": 0.6523756617680192, "3300796_abstract": 0.6213064175099134, "3391798_abstract": 0.6212046891450882, "3821968_abstract": 0.6211804207414389, "3865470_abstract": 0.6211338741704822, "2870991_abstract": 0.5939607210457325, "3785781_abstract": 0.5939406659454107, "3785782_abstract": 0.5939406659454107, "3202721_abstract": 0.5938373040407896, "3045582_abstract": 0.5938323345035315, "4019870_abstract": 0.5937991552054882, "2985264_abstract": 0.5937922820448875, "2990110_abstract": 0.5937874224036932, "3115482_abstract": 0.5937863430008292, "3176320_abstract": 0.5937863062135875, "3943598_abstract": 0.5781538803130388, "3312329_abstract": 0.562731584534049, "4215494_abstract": 0.5626762099564075, "3192591_abstract": 0.5626063253730536, "3703477_abstract": 0.5625919736921787, "3473768_abstract": 0.562583071179688, "3632891_abstract": 0.5625550663098693, "4036056_abstract": 0.562548104673624, "2990115_abstract": 0.5625326363369823, "4268984_abstract": 0.5314054135233164, "2995860_abstract": 0.5313633140176535, "3139088_abstract": 0.5313633140176535, "3646767_abstract": 0.5313582886010408, "3505602_abstract": 0.5313426833599806, "2876394_abstract": 0.5313292611390352, "2891630_abstract": 0.5313237737864256, "3095789_abstract": 0.5313163851387799, "3543209_abstract": 0.5313076954334974, "3834913_abstract": 0.5312986802309752, "4108378_abstract": 0.5312878880649805, "3312328_abstract": 0.5002240836620331, "4212231_abstract": 0.500171035528183, "3792458_abstract": 0.5001184400171041, "3136021_abstract": 0.500109895132482, "2995320_abstract": 0.5001035984605551, "2826768_abstract": 0.5000970494002104, "4063355_abstract": 0.5000770390033722, "3539901_abstract": 0.5000694571062922, "3144592_abstract": 0.500053072348237, "3272412_abstract": 0.5000372529029846, "3205679_abstract": 0.5000366624444723, "3378920_abstract": 0.5000345632433891, "3553453_abstract": 0.5000331792980433, "3988240_abstract": 0.5000303662382066}