{"3564335_abstract": 0.7773922421038151, "3885687_abstract": 0.6797559792175889, "3101170_abstract": 0.6524092787876725, "3300796_abstract": 0.6213064175099134, "3821968_abstract": 0.6211804207414389, "3324117_abstract": 0.6211748830974102, "3792328_abstract": 0.621133878827095, "3785782_abstract": 0.5939406659454107, "3785781_abstract": 0.5939406659454107, "3460021_abstract": 0.5938118752092123, "4205833_abstract": 0.5938036954030395, "2860308_abstract": 0.5937948003411293, "3115482_abstract": 0.5937863430008292, "3312329_abstract": 0.562731584534049, "4215494_abstract": 0.5626762099564075, "3540026_abstract": 0.5625336249358952, "3181234_abstract": 0.5314086135476828, "3834913_abstract": 0.5312986802309752, "4108378_abstract": 0.5312878880649805, "3862481_abstract": 0.5312819976825267, "3312328_abstract": 0.5002240836620331, "4212231_abstract": 0.500171035528183, "3714983_abstract": 0.5001369696110487, "3199686_abstract": 0.5001312475651503, "2995320_abstract": 0.5001035984605551, "3693160_abstract": 0.5000486052595079, "3272412_abstract": 0.5000372529029846, "3553453_abstract": 0.5000331792980433, "3988240_abstract": 0.5000303662382066}