{"3564335_abstract": 0.7773922421038151, "4019471_abstract": 0.7305925376713276, "3885687_abstract": 0.6797559792175889, "3101170_abstract": 0.6524092787876725, "4015492_abstract": 0.6524015846662223, "4015491_abstract": 0.6523999916389585, "3300796_abstract": 0.6213064175099134, "3821968_abstract": 0.6211804207414389, "3792328_abstract": 0.621133878827095, "3785782_abstract": 0.5939406659454107, "3785781_abstract": 0.5939406659454107, "3460021_abstract": 0.5938118752092123, "2860308_abstract": 0.5937948003411293, "3115482_abstract": 0.5937863430008292, "4215494_abstract": 0.5626762099564075, "3540026_abstract": 0.5625336249358952, "2891630_abstract": 0.5313237737864256, "3834913_abstract": 0.5312986802309752, "4108378_abstract": 0.5312878880649805, "3862481_abstract": 0.5312819976825267, "4212231_abstract": 0.500171035528183, "2995320_abstract": 0.5001035984605551, "3693160_abstract": 0.5000486052595079, "3272412_abstract": 0.5000372529029846, "3553453_abstract": 0.5000331792980433, "3988240_abstract": 0.5000303662382066}