{"4209465_abstract": 0.9453466191189364, "4159308_abstract": 0.9414813201874496, "4170080_abstract": 0.9258480337448418, "3163983_abstract": 0.914135546889156, "2871476_abstract": 0.9063126691617072, "4015703_abstract": 0.9063013987615705, "3156232_abstract": 0.8948283530771732, "3006060_abstract": 0.8946533221751451, "3845297_abstract": 0.8889392404817045, "3815740_abstract": 0.8791566491127014, "2914070_abstract": 0.8790700323879719, "3826434_abstract": 0.879049725830555, "4227439_abstract": 0.8790224147960544, "4275782_abstract": 0.8789996784180403, "4108737_abstract": 0.87899504089728, "4227440_abstract": 0.8673059493303299, "3777999_abstract": 0.8672736566513777, "3208558_abstract": 0.8672622288577259, "4224094_abstract": 0.8672535493969917, "3611752_abstract": 0.8522728830575943, "3822228_abstract": 0.8517570719122887, "3785787_abstract": 0.8516540732234716, "3928856_abstract": 0.851652872748673, "3514218_abstract": 0.8516145371831954, "3056258_abstract": 0.8381714741699398, "3222366_abstract": 0.836014935746789, "3835286_abstract": 0.8360124323517084, "4215485_abstract": 0.8360021207481623, "3885027_abstract": 0.8359794798307121, "4183367_abstract": 0.8165434878319502, "4008424_abstract": 0.8165038051083684, "2871477_abstract": 0.8164765685796738, "2837602_abstract": 0.8164726560935378, "2823872_abstract": 0.8164471946656704, "3395430_abstract": 0.799100894946605, "3843122_abstract": 0.7970403879880905, "4082651_abstract": 0.7969662332907319, "3795701_abstract": 0.796957035548985, "3338875_abstract": 0.7969505898654461, "3750616_abstract": 0.7969462275505066, "3437714_abstract": 0.7969398694112897, "4245399_abstract": 0.7969320835545659, "3384896_abstract": 0.7969246809370816, "2862618_abstract": 0.7969166832044721, "3821968_abstract": 0.791091893101111, "3761341_abstract": 0.777476891875267, "4159300_abstract": 0.7774655669927597, "2929933_abstract": 0.7774450769647956, "3971157_abstract": 0.7774212909862399, "3597592_abstract": 0.7774139801040292, "3189968_abstract": 0.7774093151092529, "2929932_abstract": 0.7774030128493905, "3900809_abstract": 0.7773995082825422, "3156374_abstract": 0.7773953475989401, "2894212_abstract": 0.7773952386341989, "4094829_abstract": 0.7773734265938401, "4082650_abstract": 0.7539987349882722, "4286322_abstract": 0.7539965407922864, "2926896_abstract": 0.7539712395519018, "3978098_abstract": 0.7539406248833984, "3533435_abstract": 0.7305799201130867, "3758044_abstract": 0.7305653085932136, "3299035_abstract": 0.7305568605661392, "3181517_abstract": 0.7305316925048828, "3272408_abstract": 0.7305262614972889, "2998024_abstract": 0.7305050725117326, "3009181_abstract": 0.7072439398616552, "3808734_abstract": 0.7071803584694862, "3255961_abstract": 0.7071318197995424, "3057120_abstract": 0.7071295753121376, "3536671_abstract": 0.7071124706417322, "3593890_abstract": 0.7071094801649451, "3279151_abstract": 0.7071063481271267, "4219001_abstract": 0.707059366395697, "3363778_abstract": 0.7070556168910116, "3287435_abstract": 0.7070556168910116, "3721977_abstract": 0.7051895316690207, "4231328_abstract": 0.6798355486243963, "3786153_abstract": 0.6798244994133711, "3444285_abstract": 0.6798081370070577, "4070646_abstract": 0.6798061430454254, "3116289_abstract": 0.6797675648704171, "3517201_abstract": 0.6797449821606278, "4260715_abstract": 0.6797436205670238, "4234526_abstract": 0.6797339906916022, "3907181_abstract": 0.6797222066670656, "3085434_abstract": 0.6642029632348567, "4056260_abstract": 0.6583591648377478, "3219786_abstract": 0.6525010764598846, "3719833_abstract": 0.6524371365085244, "4134177_abstract": 0.6524099912494421, "3045844_abstract": 0.6524074645712972, "4194409_abstract": 0.6524072755128145, "2959964_abstract": 0.6523962961509824, "3450622_abstract": 0.6523933345451951, "3147024_abstract": 0.6523814983665943, "3048091_abstract": 0.6523756617680192, "3620504_abstract": 0.6523627280257642, "3144054_abstract": 0.6505408245138824, "3135366_abstract": 0.6309179826639593, "3300796_abstract": 0.6213064175099134, "3144052_abstract": 0.6212262702174485, "2950333_abstract": 0.621192691847682, "3275842_abstract": 0.6211878098547459, "3226661_abstract": 0.6211725249886513, "2927193_abstract": 0.6211635358631611, "3778496_abstract": 0.6211507357656956, "3666909_abstract": 0.6211466155946255, "4215483_abstract": 0.6211381801404059, "3865470_abstract": 0.6211338741704822, "3202877_abstract": 0.6211284105665982, "3318621_abstract": 0.6211284105665982, "3785782_abstract": 0.5939406659454107, "3785781_abstract": 0.5939406659454107, "4292988_abstract": 0.5939351171255112, "2863411_abstract": 0.5939315799623728, "3796362_abstract": 0.5938964039087296, "4289501_abstract": 0.5938671063631773, "3503692_abstract": 0.5938586089760065, "3197245_abstract": 0.5938451886177063, "3202721_abstract": 0.5938373040407896, "3641507_abstract": 0.5938235186040401, "3848426_abstract": 0.5938180228695273, "4015068_abstract": 0.5938100954517722, "3103886_abstract": 0.5938021913170815, "2889078_abstract": 0.593791386578232, "3693343_abstract": 0.5937882224097848, "2990110_abstract": 0.5937874224036932, "3115482_abstract": 0.5937863430008292, "3176320_abstract": 0.5937863062135875, "3932527_abstract": 0.5937812440097332, "3670457_abstract": 0.5919456174597144, "3040313_abstract": 0.5902396403253078, "3943598_abstract": 0.5781538803130388, "4215494_abstract": 0.5626762099564075, "4059591_abstract": 0.5626136641949415, "3192591_abstract": 0.5626063253730536, "3473768_abstract": 0.562583071179688, "3888775_abstract": 0.5625660950317979, "3846593_abstract": 0.5625655092298985, "3015778_abstract": 0.5625608386471868, "4173695_abstract": 0.5625560134649277, "3632891_abstract": 0.5625550663098693, "2844042_abstract": 0.5625509945675731, "3950602_abstract": 0.5625496059656143, "4036056_abstract": 0.562548104673624, "3978102_abstract": 0.5625431388616562, "3399013_abstract": 0.5625328039750457, "2990115_abstract": 0.5625326363369823, "3329984_abstract": 0.5625292100012302, "3130391_abstract": 0.5315698944032192, "3175910_abstract": 0.5313391517847776, "4183751_abstract": 0.5313224252313375, "3095789_abstract": 0.5313163851387799, "3059011_abstract": 0.5313111538998783, "3543209_abstract": 0.5313076954334974, "3834913_abstract": 0.5312986802309752, "2963361_abstract": 0.5312952077947557, "4183485_abstract": 0.5312948152422905, "2944369_abstract": 0.5312921330332756, "2838323_abstract": 0.5312880799174309, "4209261_abstract": 0.5312850470654666, "3549657_abstract": 0.5312822037376463, "3524338_abstract": 0.5312754977494478, "3815673_abstract": 0.5312668283004314, "4104916_abstract": 0.5003028810024261, "4212231_abstract": 0.500171035528183, "3064266_abstract": 0.5001394134014845, "2857088_abstract": 0.500112546607852, "2995320_abstract": 0.5001035984605551, "3205387_abstract": 0.5000903736799955, "4063355_abstract": 0.5000770390033722, "3908087_abstract": 0.5000573098659515, "3978674_abstract": 0.5000486839562654, "4052786_abstract": 0.5000475887209177, "2902088_abstract": 0.5000413656234741, "3272412_abstract": 0.5000372529029846, "3441368_abstract": 0.5000365460291505, "3095996_abstract": 0.5000348859466612, "3378920_abstract": 0.5000345632433891, "4140948_abstract": 0.5000272325705737, "3815671_abstract": 0.50001957337372}