{"4209465_abstract": 0.9453466191189364, "3424585_abstract": 0.9414685843512416, "3272409_abstract": 0.9336942676454782, "4019162_abstract": 0.9142640624195336, "3351875_abstract": 0.9063250315375626, "2926883_abstract": 0.9063224829733372, "3219816_abstract": 0.9063069857656956, "2896450_abstract": 0.8946547480300069, "4227439_abstract": 0.8790224147960544, "2905064_abstract": 0.8789901360869408, "3156232_abstract": 0.8733760714530945, "4227440_abstract": 0.8673059493303299, "3372302_abstract": 0.8672830448485911, "3473341_abstract": 0.851677916944027, "2826540_abstract": 0.8516761623322964, "4265758_abstract": 0.8516619428992271, "3483305_abstract": 0.8516314914450049, "3514218_abstract": 0.8516145371831954, "3222366_abstract": 0.836014935746789, "3835286_abstract": 0.8360124323517084, "3795244_abstract": 0.8359894985333085, "3002258_abstract": 0.8164810864254832, "3840038_abstract": 0.8164604201447219, "3593889_abstract": 0.8164406346622854, "3351657_abstract": 0.7971312180161476, "4019471_abstract": 0.7970391921699047, "3795701_abstract": 0.796957035548985, "3002259_abstract": 0.7969349911436439, "3375896_abstract": 0.796929657459259, "2960367_abstract": 0.7774140425026417, "3189968_abstract": 0.7774093151092529, "3156374_abstract": 0.7773953475989401, "2894212_abstract": 0.7773952386341989, "3564335_abstract": 0.7773922421038151, "3795265_abstract": 0.7773880586028099, "3312110_abstract": 0.7541184537112713, "3954451_abstract": 0.754008274525404, "3483336_abstract": 0.7540037110447884, "4286322_abstract": 0.7539965407922864, "3381875_abstract": 0.7539950730279088, "3012335_abstract": 0.7539449231699109, "4273477_abstract": 0.7539441892877221, "3045563_abstract": 0.7305212416686118, "2998024_abstract": 0.7305050725117326, "3808734_abstract": 0.7071803584694862, "3881925_abstract": 0.7071625217795372, "2975159_abstract": 0.7071319855749607, "2876137_abstract": 0.7071054819971323, "3695919_abstract": 0.7070961389690638, "3456865_abstract": 0.7070950306952, "4059897_abstract": 0.7070872746407986, "3381873_abstract": 0.7070729197002947, "3834913_abstract": 0.6847143140621483, "3786153_abstract": 0.6798244994133711, "3444285_abstract": 0.6798081370070577, "4234758_abstract": 0.6797814900055528, "3835481_abstract": 0.6797629706561565, "3885687_abstract": 0.6797559792175889, "3278861_abstract": 0.679753593634814, "2870990_abstract": 0.6797531167976558, "3485969_abstract": 0.6797529784962535, "3190208_abstract": 0.6797400387004018, "3819404_abstract": 0.6797369509004056, "4234526_abstract": 0.6797339906916022, "3907181_abstract": 0.6797222066670656, "3581678_abstract": 0.6525328494608402, "3087940_abstract": 0.6525115985423326, "3778820_abstract": 0.6524628922343254, "3926074_abstract": 0.6524449735879898, "4245729_abstract": 0.6524389255791903, "3650579_abstract": 0.6524255136027932, "2910663_abstract": 0.6524242842569947, "3978679_abstract": 0.6524230604991317, "4134177_abstract": 0.6524099912494421, "3101170_abstract": 0.6524092787876725, "4015492_abstract": 0.6524015846662223, "4015491_abstract": 0.6523999916389585, "3450622_abstract": 0.6523933345451951, "3693480_abstract": 0.652388428337872, "3147024_abstract": 0.6523814983665943, "3300796_abstract": 0.6213064175099134, "3581677_abstract": 0.6212712433189154, "4245884_abstract": 0.6212217789143324, "3821968_abstract": 0.6211804207414389, "3489385_abstract": 0.6211698651313782, "3187622_abstract": 0.6211670530028641, "3409814_abstract": 0.6211670530028641, "3130385_abstract": 0.6211583996191621, "3690066_abstract": 0.621153213083744, "4144869_abstract": 0.6211493071168661, "3290132_abstract": 0.6211474649608135, "4015488_abstract": 0.6211418998427689, "3231895_abstract": 0.6211343831382692, "3581707_abstract": 0.6211339198052883, "3792328_abstract": 0.621133878827095, "3865470_abstract": 0.6211338741704822, "3219692_abstract": 0.6211213618516922, "3785781_abstract": 0.5939406659454107, "3785782_abstract": 0.5939406659454107, "3725919_abstract": 0.5938805192708969, "3460021_abstract": 0.5938118752092123, "4015068_abstract": 0.5938100954517722, "3115482_abstract": 0.5937953465618193, "2860308_abstract": 0.5937948003411293, "3176320_abstract": 0.5937863062135875, "3932527_abstract": 0.5937812440097332, "3581676_abstract": 0.5629231967031956, "4215494_abstract": 0.5626762099564075, "3473768_abstract": 0.562583071179688, "3112442_abstract": 0.5625740112736821, "3243560_abstract": 0.562562488950789, "3632891_abstract": 0.5625550663098693, "2980280_abstract": 0.5625496143475175, "3045564_abstract": 0.5625454038381577, "3626857_abstract": 0.5625427216291428, "2975141_abstract": 0.562538200058043, "3363928_abstract": 0.5625376184470952, "3540026_abstract": 0.5625336249358952, "2990115_abstract": 0.5625326363369823, "2949715_abstract": 0.5313576199114323, "3915669_abstract": 0.5313457902520895, "4166690_abstract": 0.5313422810286283, "3175910_abstract": 0.5313391517847776, "2826886_abstract": 0.5313275698572397, "3095789_abstract": 0.5313163851387799, "3805188_abstract": 0.5313090067356825, "3279612_abstract": 0.5313058174215257, "3428321_abstract": 0.53129200078547, "4108378_abstract": 0.5312878880649805, "3059004_abstract": 0.5312855462543666, "3862481_abstract": 0.5312819976825267, "3078725_abstract": 0.5001883152872324, "4212231_abstract": 0.500171035528183, "3434806_abstract": 0.5001054462045431, "2995320_abstract": 0.5001035984605551, "2826768_abstract": 0.5000970494002104, "2907880_abstract": 0.5000919364392757, "3257967_abstract": 0.5000666305422783, "3531018_abstract": 0.5000658892095089, "4130337_abstract": 0.500048914924264, "3693160_abstract": 0.5000486052595079, "3360989_abstract": 0.5000457921996713, "3272412_abstract": 0.5000372529029846, "2902514_abstract": 0.5000355243682861, "3553453_abstract": 0.5000331792980433, "3988240_abstract": 0.5000303662382066, "3222736_abstract": 0.5000290009193122, "3249178_abstract": 0.5000279587693512, "3474648_abstract": 0.500016177771613}