{"3401003_abstract": 0.945433532819152, "4159308_abstract": 0.9414813201874496, "3095837_abstract": 0.9337494825012982, "4170080_abstract": 0.9160809176973999, "2876371_abstract": 0.9142285520210862, "3441370_abstract": 0.9141203002072872, "3351875_abstract": 0.9063250315375626, "3858951_abstract": 0.8945820210501552, "3187244_abstract": 0.8945743979420513, "4275782_abstract": 0.8867864796193317, "4209749_abstract": 0.8790670484304428, "2896450_abstract": 0.878978387452662, "2821118_abstract": 0.8789617503061891, "3156232_abstract": 0.8733760714530945, "3278863_abstract": 0.8674362730234861, "3812034_abstract": 0.8674068879336119, "3372302_abstract": 0.8672830448485911, "3100781_abstract": 0.867263488471508, "3962242_abstract": 0.8672622665762901, "3208558_abstract": 0.867248680209741, "3156375_abstract": 0.8672369499690831, "2990089_abstract": 0.8672265901695937, "2871476_abstract": 0.8613993979524821, "3081775_abstract": 0.8517774259671569, "3326714_abstract": 0.851700178347528, "3470642_abstract": 0.8516667382791638, "3785787_abstract": 0.8516540732234716, "3417927_abstract": 0.8516455087810755, "4108737_abstract": 0.8477525643538684, "3006060_abstract": 0.8458122806623578, "3670857_abstract": 0.8361495044082403, "3656455_abstract": 0.8360203681513667, "4202297_abstract": 0.8359863394871354, "3587975_abstract": 0.8340773354284465, "3928856_abstract": 0.8243165267631412, "3312223_abstract": 0.822977984091267, "4249803_abstract": 0.8184622912667692, "3103978_abstract": 0.8168452829122543, "3477068_abstract": 0.8166209999471903, "4095362_abstract": 0.8165964335203171, "2918805_abstract": 0.8165421113371849, "3461948_abstract": 0.8165076933801174, "4008424_abstract": 0.8165038051083684, "4183483_abstract": 0.816502820700407, "3444530_abstract": 0.8164873272180557, "3216513_abstract": 0.8164838701486588, "3002258_abstract": 0.8164810864254832, "3216511_abstract": 0.8164757480844855, "3357871_abstract": 0.8164751678705215, "3964274_abstract": 0.8164610778912902, "3819264_abstract": 0.8164493767544627, "3821968_abstract": 0.8060647930639485, "3881925_abstract": 0.8057629948016256, "3974721_abstract": 0.8009201949462295, "3064727_abstract": 0.7970608919858932, "2992956_abstract": 0.7969701774418354, "3907196_abstract": 0.7969561582431197, "3133021_abstract": 0.7969411723315716, "3002259_abstract": 0.7969349911436439, "3673969_abstract": 0.7969216951169074, "2862618_abstract": 0.7969166832044721, "3249296_abstract": 0.7969097411260009, "3332862_abstract": 0.7969055688008666, "3834913_abstract": 0.7931235491996631, "2881162_abstract": 0.7930697298143059, "4176725_abstract": 0.7904318831861019, "4159300_abstract": 0.7872151848860085, "2859935_abstract": 0.7832824855577201, "3550037_abstract": 0.7775476090610027, "3981509_abstract": 0.7775282263755798, "4119215_abstract": 0.7774625606834888, "3597592_abstract": 0.7774139801040292, "3189968_abstract": 0.7774093151092529, "3216512_abstract": 0.7773986142128706, "3797866_abstract": 0.7773938574828207, "3564335_abstract": 0.7773922421038151, "2929936_abstract": 0.7773810159415007, "4094829_abstract": 0.7773734265938401, "3187480_abstract": 0.7773734233342111, "2823872_abstract": 0.7734690549550578, "4019471_abstract": 0.7638158649206161, "4215485_abstract": 0.7578728916123509, "3885027_abstract": 0.757853563176468, "3663680_abstract": 0.7541431486606598, "3553030_abstract": 0.7540999874472618, "3031507_abstract": 0.7540711332112551, "4257888_abstract": 0.754045782610774, "2827058_abstract": 0.7540457639843225, "3342997_abstract": 0.7540435176342726, "3290792_abstract": 0.754034049808979, "3919718_abstract": 0.7540326192975044, "4246040_abstract": 0.7539924988523126, "3674524_abstract": 0.7539714183658361, "2926896_abstract": 0.7539712395519018, "3708250_abstract": 0.7539687524549663, "3020693_abstract": 0.7539622937329113, "3456408_abstract": 0.7539577591232955, "4216672_abstract": 0.7539538112469018, "3533511_abstract": 0.753933290950954, "4119224_abstract": 0.7539302443619817, "4082651_abstract": 0.7520317868329585, "3456398_abstract": 0.7393253506161273, "3437714_abstract": 0.7383379398379475, "3287186_abstract": 0.7363589708693326, "4089266_abstract": 0.7306383531540632, "4047271_abstract": 0.7305969670414925, "4012002_abstract": 0.7305866628885269, "2987549_abstract": 0.7305833650752902, "3299086_abstract": 0.7305779904127121, "3299087_abstract": 0.7305767983198166, "4184057_abstract": 0.7305687135085464, "3647280_abstract": 0.7305642254650593, "3760591_abstract": 0.7305556703358889, "3418633_abstract": 0.7305478407070041, "2826542_abstract": 0.730544694699347, "3241602_abstract": 0.7305413074791431, "2884071_abstract": 0.7305402113124728, "3650574_abstract": 0.7305343700572848, "3187797_abstract": 0.7305326261557639, "3272409_abstract": 0.730530858039856, "3272408_abstract": 0.7305262614972889, "4059589_abstract": 0.7305163373239338, "3889404_abstract": 0.730504211736843, "4079395_abstract": 0.7296271844534203, "3323496_abstract": 0.7285834578797221, "3750616_abstract": 0.7246713521890342, "3324117_abstract": 0.7219898836687207, "4249802_abstract": 0.7207892490550876, "4082650_abstract": 0.7201459036829571, "4015488_abstract": 0.7188130824360996, "2993322_abstract": 0.7187808728776872, "4224094_abstract": 0.7148963529616594, "3900809_abstract": 0.7148948623798788, "4141327_abstract": 0.7139170286245644, "4030100_abstract": 0.7136231098944942, "4089050_abstract": 0.7071962468326092, "4212244_abstract": 0.7071890942752361, "3075975_abstract": 0.707161383703351, "2870989_abstract": 0.7071584379300475, "4086514_abstract": 0.7071547629311681, "4039640_abstract": 0.707152720540762, "3067399_abstract": 0.7071392824873328, "3587361_abstract": 0.7071275999769568, "4033188_abstract": 0.7071275692433119, "3745048_abstract": 0.7071091160178185, "2876137_abstract": 0.7071054819971323, "3461549_abstract": 0.7071035113185644, "3438533_abstract": 0.7070916537195444, "4043606_abstract": 0.7070899605751038, "4059897_abstract": 0.7070872746407986, "2896449_abstract": 0.7070859791710973, "3269692_abstract": 0.7070817714557052, "3231779_abstract": 0.7070801025256515, "3002013_abstract": 0.7070743427611887, "3369712_abstract": 0.7070693396963179, "2960214_abstract": 0.7070680176839232, "3020465_abstract": 0.7070633654948324, "3933266_abstract": 0.7070597992278636, "4245399_abstract": 0.6953622347209603, "3264011_abstract": 0.6934457798488438, "3960278_abstract": 0.6875650193542242, "2860447_abstract": 0.6849650304454068, "2873466_abstract": 0.6798788830637932, "3351646_abstract": 0.6798487808555365, "3586890_abstract": 0.679830513894558, "4194521_abstract": 0.6798212435096502, "3875165_abstract": 0.6798013420775533, "3581258_abstract": 0.6797931960318238, "3617637_abstract": 0.6797928176820278, "3379147_abstract": 0.6797887729480863, "4159691_abstract": 0.6797814797610044, "3260187_abstract": 0.679772300645709, "2889569_abstract": 0.6797705860808492, "3141569_abstract": 0.679764567874372, "3158892_abstract": 0.6797636142000556, "3173138_abstract": 0.6797609971836209, "2860461_abstract": 0.6797546707093716, "4011850_abstract": 0.6797540718689561, "3693085_abstract": 0.6797459358349442, "3269830_abstract": 0.6797437341883779, "4260715_abstract": 0.6797436205670238, "4056249_abstract": 0.6797436205670238, "3026342_abstract": 0.6797400284558535, "2987548_abstract": 0.6797228455543518, "3550038_abstract": 0.6758535574190319, "3636998_abstract": 0.6740326355211437, "3243560_abstract": 0.6667285667111477, "2891630_abstract": 0.6641307370737195, "3338875_abstract": 0.6641271167900413, "3272407_abstract": 0.6602163456846029, "3238811_abstract": 0.6592358512571082, "2871477_abstract": 0.6582642123103142, "3539901_abstract": 0.658261795528233, "3321578_abstract": 0.6582440014462918, "3978098_abstract": 0.6582401010673493, "3434353_abstract": 0.65823077224195, "3244152_abstract": 0.6553365458967164, "3842624_abstract": 0.6526238694787025, "3546714_abstract": 0.6525484621524811, "3087940_abstract": 0.6525115985423326,