{"3564335_abstract": 0.7773922421038151, "3101170_abstract": 0.6524092787876725, "4015492_abstract": 0.6524015846662223, "4015491_abstract": 0.6523999916389585, "3300796_abstract": 0.6213064175099134, "3821968_abstract": 0.6211804207414389, "3792328_abstract": 0.621133878827095, "3785781_abstract": 0.5939406659454107, "3785782_abstract": 0.5939406659454107, "3460021_abstract": 0.5938118752092123, "2860308_abstract": 0.5937948003411293, "3115482_abstract": 0.5937863430008292, "4215494_abstract": 0.5626762099564075, "3540026_abstract": 0.5625336249358952, "3834913_abstract": 0.5312986802309752, "3862481_abstract": 0.5312819976825267, "4212231_abstract": 0.500171035528183, "3792458_abstract": 0.5001184400171041, "2995320_abstract": 0.5001035984605551, "3693160_abstract": 0.5000486052595079, "3272412_abstract": 0.5000372529029846}