{"4209465_abstract": 0.9453466191189364, "3156232_abstract": 0.8733760714530945, "3514218_abstract": 0.8516145371831954, "3222366_abstract": 0.836014935746789, "3835286_abstract": 0.8360124323517084, "3351657_abstract": 0.7971312180161476, "3795701_abstract": 0.796957035548985, "3189968_abstract": 0.7774093151092529, "3156374_abstract": 0.7773953475989401, "2894212_abstract": 0.7773952386341989, "3564335_abstract": 0.7773922421038151, "4257888_abstract": 0.754045782610774, "4286322_abstract": 0.7539965407922864, "3299035_abstract": 0.7305568605661392, "2998024_abstract": 0.7305050725117326, "2975159_abstract": 0.7071319855749607, "3363778_abstract": 0.7070556168910116, "3287435_abstract": 0.7070556168910116, "4070646_abstract": 0.6798061430454254, "4234758_abstract": 0.6797814900055528, "3885687_abstract": 0.6797559792175889, "4176725_abstract": 0.6797436447814107, "3190208_abstract": 0.6797400387004018, "4234526_abstract": 0.6797339906916022, "3907181_abstract": 0.6797222066670656, "3581678_abstract": 0.6525328494608402, "3087940_abstract": 0.6525115985423326, "3650579_abstract": 0.6524255136027932, "4134177_abstract": 0.6524099912494421, "3101170_abstract": 0.6524092787876725, "3450622_abstract": 0.6523933345451951, "3048091_abstract": 0.6523756617680192, "3300796_abstract": 0.6213064175099134, "3581677_abstract": 0.6212712433189154, "3821968_abstract": 0.6211804207414389, "3489385_abstract": 0.6211698651313782, "3187622_abstract": 0.6211670530028641, "3409814_abstract": 0.6211670530028641, "3792328_abstract": 0.621133878827095, "3865470_abstract": 0.6211338741704822, "2870991_abstract": 0.5939607210457325, "3785782_abstract": 0.5939406659454107, "3785781_abstract": 0.5939406659454107, "3202721_abstract": 0.5938373040407896, "3460021_abstract": 0.5938118752092123, "2860308_abstract": 0.5937948003411293, "2985264_abstract": 0.5937922820448875, "2990110_abstract": 0.5937874224036932, "3115482_abstract": 0.5937863430008292, "3176320_abstract": 0.5937863062135875, "3581676_abstract": 0.5629231967031956, "4215494_abstract": 0.5626762099564075, "3192591_abstract": 0.5626063253730536, "3703477_abstract": 0.5625919736921787, "3632891_abstract": 0.5625550663098693, "4036056_abstract": 0.562548104673624, "3626857_abstract": 0.5625427216291428, "3363928_abstract": 0.5625376184470952, "3540026_abstract": 0.5625336249358952, "2990115_abstract": 0.5625326363369823, "3943598_abstract": 0.5625190334394574, "2949715_abstract": 0.5313576199114323, "3505602_abstract": 0.5313426833599806, "4166690_abstract": 0.5313422810286283, "2826886_abstract": 0.5313275698572397, "3095789_abstract": 0.5313163851387799, "3543209_abstract": 0.5313076954334974, "3834913_abstract": 0.5312986802309752, "4108378_abstract": 0.5312878880649805, "3491942_abstract": 0.5312862917780876, "3862481_abstract": 0.5312819976825267, "4212231_abstract": 0.500171035528183, "3434806_abstract": 0.5001054462045431, "2995320_abstract": 0.5001035984605551, "4063355_abstract": 0.5000770390033722, "3257967_abstract": 0.5000666305422783, "4130337_abstract": 0.500048914924264, "3693160_abstract": 0.5000486052595079, "3272412_abstract": 0.5000372529029846, "3378920_abstract": 0.5000345632433891, "3553453_abstract": 0.5000331792980433, "3988240_abstract": 0.5000303662382066}