{"4159308_abstract": 0.9414813201874496, "4079395_abstract": 0.9336674488149584, "4170080_abstract": 0.9258480337448418, "3425315_abstract": 0.9222940243780612, "4019162_abstract": 0.9142640624195336, "3163983_abstract": 0.914135546889156, "3351875_abstract": 0.9063250315375626, "2871476_abstract": 0.9063126691617072, "3825222_abstract": 0.8947424050420523, "3006060_abstract": 0.8946533221751451, "3815740_abstract": 0.8791566491127014, "2914070_abstract": 0.8790700323879719, "3826434_abstract": 0.879049725830555, "4275782_abstract": 0.8789996784180403, "4108737_abstract": 0.87899504089728, "3095760_abstract": 0.8675855919718742, "3293229_abstract": 0.8673200234770775, "3208558_abstract": 0.8672622288577259, "4224094_abstract": 0.8672535493969917, "3611752_abstract": 0.8522728830575943, "3156232_abstract": 0.8519237898290157, "3272415_abstract": 0.8516579694114625, "3324117_abstract": 0.8516553845256567, "3785787_abstract": 0.8516540732234716, "3928856_abstract": 0.851652872748673, "4141327_abstract": 0.8516213321126997, "2896450_abstract": 0.851616223808378, "3238811_abstract": 0.8360140500590205, "4215485_abstract": 0.8360021207481623, "3312223_abstract": 0.8359824289800599, "3885027_abstract": 0.8359794798307121, "3434300_abstract": 0.8167103938758373, "3434819_abstract": 0.8165824040770531, "4183367_abstract": 0.8165434878319502, "4008424_abstract": 0.8165038051083684, "3346045_abstract": 0.8164931368082762, "3002258_abstract": 0.8164810864254832, "2871477_abstract": 0.8164765685796738, "3321578_abstract": 0.8164658332243562, "3840038_abstract": 0.8164604201447219, "2823872_abstract": 0.8164471946656704, "4164335_abstract": 0.7972490265965462, "3843122_abstract": 0.7970403879880905, "3981501_abstract": 0.7969880811870098, "4169605_abstract": 0.796985562890768, "4082651_abstract": 0.7969738463871181, "4227440_abstract": 0.7969663199037313, "4227439_abstract": 0.7969663199037313, "4082644_abstract": 0.796962320804596, "3338875_abstract": 0.7969505898654461, "3750616_abstract": 0.7969462275505066, "3437714_abstract": 0.7969398694112897, "3002259_abstract": 0.7969349911436439, "4245399_abstract": 0.7969320835545659, "3150642_abstract": 0.7969255209900439, "2862618_abstract": 0.7969166832044721, "3753618_abstract": 0.7969136817846447, "3332862_abstract": 0.7969055688008666, "3441442_abstract": 0.7969017480500042, "3821968_abstract": 0.791091893101111, "3831457_abstract": 0.7774875783361495, "3761341_abstract": 0.777476891875267, "4159300_abstract": 0.7774655669927597, "3563925_abstract": 0.7774576805531979, "3799725_abstract": 0.7774495482444763, "2929933_abstract": 0.7774450769647956, "3971157_abstract": 0.7774212909862399, "3597592_abstract": 0.7774139801040292, "2929932_abstract": 0.7774030128493905, "4019105_abstract": 0.777400647290051, "3900809_abstract": 0.7773995082825422, "2921776_abstract": 0.7773953122086823, "3564335_abstract": 0.7773922421038151, "4209605_abstract": 0.7773872655816376, "4094829_abstract": 0.7773734265938401, "3187480_abstract": 0.7773734233342111, "4265708_abstract": 0.7773704850114882, "4019471_abstract": 0.7638158649206161, "3663680_abstract": 0.7541431486606598, "3312110_abstract": 0.7541184537112713, "3345988_abstract": 0.7540953140705824, "4257888_abstract": 0.754045782610774, "3960278_abstract": 0.753978094086051, "2926896_abstract": 0.7539712395519018, "3945099_abstract": 0.7539608678780496, "3695955_abstract": 0.753952793078497, "4273477_abstract": 0.7539441892877221, "2998270_abstract": 0.7539422465488315, "3978098_abstract": 0.7539406248833984, "3533511_abstract": 0.753933290950954, "3181526_abstract": 0.7310882769525051, "3540349_abstract": 0.7305905502289534, "2853515_abstract": 0.7305886149406433, "4012002_abstract": 0.7305866628885269, "4030100_abstract": 0.7305847490206361, "3189974_abstract": 0.7305835168808699, "3881925_abstract": 0.7305783149786294, "2990384_abstract": 0.7305684615857899, "3758044_abstract": 0.7305653085932136, "3299035_abstract": 0.7305568605661392, "3418633_abstract": 0.7305478407070041, "2947388_abstract": 0.7305464912205935, "3181517_abstract": 0.7305316925048828, "3272408_abstract": 0.7305262614972889, "3045563_abstract": 0.7305212416686118, "4101516_abstract": 0.730515806004405, "4119215_abstract": 0.7305141864344478, "3845297_abstract": 0.7073615863919258, "3597796_abstract": 0.707161383703351, "3239365_abstract": 0.707161383703351, "2891762_abstract": 0.7071559187024832, "4086514_abstract": 0.7071547629311681, "3067399_abstract": 0.7071392824873328, "3264011_abstract": 0.7071331962943077, "3255961_abstract": 0.7071318197995424, "3057120_abstract": 0.7071295753121376, "3428561_abstract": 0.7071173675358295, "3536671_abstract": 0.7071124706417322, "3593890_abstract": 0.7071094801649451, "3456865_abstract": 0.7070950306952, "4059897_abstract": 0.7070872746407986, "4039347_abstract": 0.7070870362222195, "3778502_abstract": 0.7070774738676846, "2883842_abstract": 0.7070773444138467, "3002013_abstract": 0.7070743427611887, "2993322_abstract": 0.7070595570839942, "4219001_abstract": 0.707059366395697, "3272409_abstract": 0.7070571014191955, "3287435_abstract": 0.7070556168910116, "3363778_abstract": 0.7070556168910116, "3456398_abstract": 0.7051458610221744, "3782959_abstract": 0.7034588269889355, "3372302_abstract": 0.6994082455057651, "4082650_abstract": 0.6954177220662435, "3249296_abstract": 0.6953544388525188, "4062991_abstract": 0.6914720349013805, "3069914_abstract": 0.6836337123531848, "2873466_abstract": 0.6798788830637932, "3351646_abstract": 0.6798487808555365, "4231328_abstract": 0.6798355486243963, "4194521_abstract": 0.6798212435096502, "4070646_abstract": 0.6798061430454254, "3514283_abstract": 0.6797844814136624, "3116289_abstract": 0.6797675648704171, "3141569_abstract": 0.679764567874372, "3885687_abstract": 0.6797559792175889, "2860461_abstract": 0.6797546707093716, "3485969_abstract": 0.6797529784962535, "4176725_abstract": 0.6797436447814107, "4260715_abstract": 0.6797436205670238, "3026342_abstract": 0.6797400284558535, "3819404_abstract": 0.6797369509004056, "3670686_abstract": 0.6797244073823094, "3287186_abstract": 0.6758083975873888, "2891630_abstract": 0.6641307370737195, "3834913_abstract": 0.6602762408088892, "3087940_abstract": 0.6525115985423326, "3219786_abstract": 0.6525010764598846, "3926074_abstract": 0.6524449735879898, "3530115_abstract": 0.6524442173540592, "4245729_abstract": 0.6524389255791903, "3719833_abstract": 0.6524371365085244, "2910663_abstract": 0.6524242842569947, "3978679_abstract": 0.6524230604991317, "3392565_abstract": 0.6524222157895565, "3101170_abstract": 0.6524092787876725, "3045844_abstract": 0.6524074645712972, "3693480_abstract": 0.652388428337872, "4104913_abstract": 0.6523882932960987, "3195883_abstract": 0.6523779723793268, "3048091_abstract": 0.6523756617680192, "3620504_abstract": 0.6523627280257642, "2860447_abstract": 0.6309809652157128, "4212231_abstract": 0.6270591865759343, "3539901_abstract": 0.6263860821103057, "3300796_abstract": 0.6213064175099134, "3138894_abstract": 0.621295377612114, "3660008_abstract": 0.6212797574698925, "3715727_abstract": 0.6212550159543753, "3674267_abstract": 0.6212414726614952, "3767216_abstract": 0.6212305780500174, "4245884_abstract": 0.6212217789143324, "2950333_abstract": 0.621192691847682, "3263614_abstract": 0.6211879849433899, "3124861_abstract": 0.6211878545582294, "3714988_abstract": 0.6211859043687582, "3226661_abstract": 0.6211725249886513, "3812028_abstract": 0.6211637640371919, "3845703_abstract": 0.6211598515510559, "3733884_abstract": 0.6211598124355078, "3130385_abstract": 0.6211583996191621, "3243879_abstract": 0.6211563460528851, "3273163_abstract": 0.6211537015624344, "3666909_abstract": 0.6211466155946255, "2960211_abstract": 0.6211441718041897, "4015488_abstract": 0.6211418998427689, "4215483_abstract": 0.6211381801404059, "4239086_abstract": 0.6211346038617194, "3231895_abstract": 0.6211343831382692, "3792328_abstract": 0.621133878827095,