{"4159308_abstract": 0.9414813201874496, "2845637_abstract": 0.9259107634425164, "4166247_abstract": 0.914200212340802, "3163983_abstract": 0.914135546889156, "3351875_abstract": 0.9063250315375626, "2871476_abstract": 0.9063126691617072, "3312223_abstract": 0.8945701064076275, "4170080_abstract": 0.8887426212895662, "2843341_abstract": 0.8793617598712444, "3815740_abstract": 0.8791566491127014, "2914070_abstract": 0.8790700323879719, "4212603_abstract": 0.8790624290704727, "3826434_abstract": 0.879049725830555, "4108737_abstract": 0.87899504089728, "3933266_abstract": 0.8789446395821869, "3156232_abstract": 0.8733760714530945, "3208558_abstract": 0.8731279887724668, "3095512_abstract": 0.8673415137454867, "3926250_abstract": 0.8672716342844069, "4224094_abstract": 0.8672535493969917, "3193084_abstract": 0.8672343869693577, "3611752_abstract": 0.8522728830575943, "3785787_abstract": 0.8516540732234716, "3928856_abstract": 0.851652872748673, "4275782_abstract": 0.8477418110705912, "4080145_abstract": 0.8360643889755011, "3483115_abstract": 0.8360204072669148, "3640379_abstract": 0.8359944694675505, "4183367_abstract": 0.8165434878319502, "3260367_abstract": 0.8165203155949712, "4008424_abstract": 0.8165038051083684, "3281714_abstract": 0.8164819628000259, "2871477_abstract": 0.8164765685796738, "2947388_abstract": 0.816475790925324, "3231779_abstract": 0.8164676809683442, "3441442_abstract": 0.8164512950461358, "2823872_abstract": 0.8164471946656704, "4079395_abstract": 0.8038204069016501, "3843122_abstract": 0.7970403879880905, "4082644_abstract": 0.796962320804596, "3912703_abstract": 0.796953272074461, "3338875_abstract": 0.7969505898654461, "3750616_abstract": 0.7969462275505066, "4245399_abstract": 0.7969320835545659, "3998425_abstract": 0.7969264094717801, "2862618_abstract": 0.7969166832044721, "3332862_abstract": 0.7969055688008666, "3885027_abstract": 0.7949719170574099, "3767216_abstract": 0.7911420832388103, "3821968_abstract": 0.791091893101111, "3456398_abstract": 0.7904530894011259, "3437714_abstract": 0.787197093013674, "3761341_abstract": 0.777476891875267, "4159300_abstract": 0.7774655669927597, "4286756_abstract": 0.7774519482627511, "2929933_abstract": 0.7774450769647956, "3831457_abstract": 0.7774405041709542, "4269540_abstract": 0.7774247592315078, "3001102_abstract": 0.7774226916953921, "3971157_abstract": 0.7774212909862399, "3597592_abstract": 0.7774139801040292, "4059889_abstract": 0.7774129817262292, "3189968_abstract": 0.7774093151092529, "2929932_abstract": 0.7774030128493905, "4019105_abstract": 0.777400647290051, "3900809_abstract": 0.7773995082825422, "3564335_abstract": 0.7773922421038151, "4094829_abstract": 0.7773734265938401, "3006060_abstract": 0.7735788254067302, "3171090_abstract": 0.772271434776485, "4215485_abstract": 0.7715482544153929, "2993322_abstract": 0.7617517106700689, "3272407_abstract": 0.7542177587747574, "3663680_abstract": 0.7541431486606598, "4089314_abstract": 0.7541053742170334, "3392584_abstract": 0.7540654167532921, "4257888_abstract": 0.754045782610774, "3536390_abstract": 0.7540279012173414, "3181835_abstract": 0.7540189744904637, "3272409_abstract": 0.7539726747199893, "2926896_abstract": 0.7539712395519018, "2843030_abstract": 0.7539630578830838, "2949994_abstract": 0.7539625661447644, "3978098_abstract": 0.7539406248833984, "3533511_abstract": 0.753933290950954, "4176725_abstract": 0.738346551079303, "3150642_abstract": 0.7344996660249308, "3264011_abstract": 0.7344693958293647, "3287203_abstract": 0.7307035606354475, "3607831_abstract": 0.7305956147611141, "4019471_abstract": 0.7305925376713276, "3758044_abstract": 0.7305653085932136, "3299035_abstract": 0.7305568605661392, "3745026_abstract": 0.7305528474971652, "3816511_abstract": 0.7305487710982561, "3395428_abstract": 0.7305439068004489, "3181517_abstract": 0.7305316925048828, "3272408_abstract": 0.7305262614972889, "3889404_abstract": 0.7305212616920471, "4082651_abstract": 0.7247223579324782, "3792553_abstract": 0.7178318435326219, "3563925_abstract": 0.7149624824523926, "2870989_abstract": 0.7071584379300475, "3255961_abstract": 0.7071318197995424, "3057120_abstract": 0.7071295753121376, "3854210_abstract": 0.7071289774030447, "4006432_abstract": 0.7071253350004554, "3428561_abstract": 0.7071173675358295, "3536671_abstract": 0.7071124706417322, "3957773_abstract": 0.7071097381412983, "3593890_abstract": 0.7071094801649451, "3745048_abstract": 0.7071091160178185, "3249295_abstract": 0.7070877943187952, "2949728_abstract": 0.7070815525949001, "3656471_abstract": 0.7070810394361615, "3002013_abstract": 0.7070743427611887, "4219001_abstract": 0.707059366395697, "3363778_abstract": 0.7070556168910116, "3287435_abstract": 0.7070556168910116, "4082650_abstract": 0.6954217699822038, "3187480_abstract": 0.6855883018579334, "3069914_abstract": 0.6836337123531848, "3450871_abstract": 0.6798641532659531, "4080146_abstract": 0.6798371896147728, "4231328_abstract": 0.6798355486243963, "4070646_abstract": 0.6798061430454254, "4015892_abstract": 0.6798027120530605, "3992520_abstract": 0.6797943413257599, "4050275_abstract": 0.6797728459350765, "3116289_abstract": 0.6797675648704171, "3244152_abstract": 0.6797675127163529, "4249095_abstract": 0.6797631420195103, "3136021_abstract": 0.6797590544447303, "3885687_abstract": 0.6797559792175889, "4275785_abstract": 0.679748916067183, "4260715_abstract": 0.6797436205670238, "3235896_abstract": 0.6525128781795502, "3219786_abstract": 0.6525010764598846, "3663632_abstract": 0.6524913869798183, "3263750_abstract": 0.652475580573082, "3656455_abstract": 0.6524531561881304, "3926074_abstract": 0.6524449735879898, "3653688_abstract": 0.6524388454854488, "3719833_abstract": 0.6524371365085244, "4112087_abstract": 0.6524318065494299, "3978679_abstract": 0.6524230604991317, "4062991_abstract": 0.6524176094681025, "3101170_abstract": 0.6524092787876725, "4015492_abstract": 0.6524015846662223, "4015491_abstract": 0.6523999916389585, "3020693_abstract": 0.6523940656334162, "3819028_abstract": 0.6523827007040381, "2887442_abstract": 0.652379522100091, "3195883_abstract": 0.6523779723793268, "4293293_abstract": 0.6523776743561029, "3048091_abstract": 0.6523756617680192, "3249296_abstract": 0.6406685657178363, "4060308_abstract": 0.6349184308201075, "3925700_abstract": 0.634826622554101, "3834913_abstract": 0.6309242686256766, "3632554_abstract": 0.6276521527518829, "3300796_abstract": 0.6213064175099134, "4036471_abstract": 0.6213004379533231, "2950333_abstract": 0.621192691847682, "2863123_abstract": 0.6211837753653526, "3226661_abstract": 0.6211725249886513, "2878358_abstract": 0.6211648276075721, "3812028_abstract": 0.6211637640371919, "3783284_abstract": 0.6211599316447973, "3954751_abstract": 0.6211520326323807, "3903910_abstract": 0.6211452521383762, "3684141_abstract": 0.6211452377028763, "4215483_abstract": 0.6211381801404059, "4053171_abstract": 0.6211359538137913, "4006436_abstract": 0.6211345987394452, "3792328_abstract": 0.621133878827095, "4209260_abstract": 0.6154898712411523, "3539901_abstract": 0.6104282913729548, "4059589_abstract": 0.5958033424103633, "2870991_abstract": 0.5939607210457325, "3785781_abstract": 0.5939406659454107, "3785782_abstract": 0.5939406659454107, "4292988_abstract": 0.5939351171255112, "2863411_abstract": 0.5939315799623728, "3974721_abstract": 0.5939272493124008, "3115796_abstract": 0.5939221885055304, "3796362_abstract": 0.5938964039087296, "3922599_abstract": 0.5938946101814508, "3503692_abstract": 0.5938586089760065, "3403735_abstract": 0.593856050632894, "3450872_abstract": 0.5938458470627666, "3197245_abstract": 0.5938451886177063, "3202721_abstract": 0.5938373040407896, "3705462_abstract": 0.5938358334824443, "3641507_abstract": 0.5938235186040401, "3569309_abstract": 0.5938187967985868, "3848426_abstract": 0.5938180228695273, "2827690_abstract": 0.593815834261477, "3182003_abstract": 0.5938136987388134, "3825618_abstract": 0.5938131343573332,