{"4279458_abstract": 0.9727465170435609, "4159308_abstract": 0.9414813201874496, "3305865_abstract": 0.9258245821110904, "3095760_abstract": 0.9248251107831796, "4019162_abstract": 0.9142640624195336, "2876371_abstract": 0.9142285520210862, "3163983_abstract": 0.914135546889156, "3539634_abstract": 0.906331291422248, "3351875_abstract": 0.9063250315375626, "2871476_abstract": 0.9063126691617072, "4015703_abstract": 0.9063013987615705, "3156232_abstract": 0.8948283530771732, "3950660_abstract": 0.8946633078157902, "3006060_abstract": 0.8946533221751451, "4019105_abstract": 0.8945787651464343, "3815740_abstract": 0.8791566491127014, "2914070_abstract": 0.8790700323879719, "3826434_abstract": 0.879049725830555, "4275782_abstract": 0.8789996784180403, "4108737_abstract": 0.87899504089728, "3933266_abstract": 0.8789446395821869, "3293229_abstract": 0.8673200234770775, "4098362_abstract": 0.8672975115478039, "4224094_abstract": 0.8672535493969917, "3193084_abstract": 0.8672343869693577, "3611752_abstract": 0.8522728830575943, "3906993_abstract": 0.8516717245802283, "3915981_abstract": 0.8516713296994567, "3246290_abstract": 0.8516629710793495, "4268950_abstract": 0.8516581449657679, "3324117_abstract": 0.8516553845256567, "2918878_abstract": 0.8516541020944715, "3785787_abstract": 0.8516540732234716, "3928856_abstract": 0.851652872748673, "4170080_abstract": 0.8516339587513357, "3825222_abstract": 0.851624752394855, "4141327_abstract": 0.8516213321126997, "4226990_abstract": 0.849860199727118, "3831457_abstract": 0.8491129176691175, "3159491_abstract": 0.8360622990876436, "3072587_abstract": 0.8360273810103536, "3025773_abstract": 0.8360191760584712, "4039355_abstract": 0.8360124491155148, "4215485_abstract": 0.8360021207481623, "3640379_abstract": 0.8359944694675505, "4056248_abstract": 0.8359856787137687, "3312223_abstract": 0.8359824289800599, "3885027_abstract": 0.8359794798307121, "3235802_abstract": 0.8359701922163367, "4183367_abstract": 0.8165434878319502, "4008424_abstract": 0.8165038051083684, "4011860_abstract": 0.8165011098608375, "3346045_abstract": 0.8164931368082762, "2826823_abstract": 0.8164802184328437, "2871477_abstract": 0.8164765685796738, "3321578_abstract": 0.8164658332243562, "3840038_abstract": 0.8164604201447219, "4130534_abstract": 0.8164535379037261, "2823872_abstract": 0.8164471946656704, "3782959_abstract": 0.808796016809841, "3181526_abstract": 0.8010780951008201, "4079395_abstract": 0.7985362737439573, "3843122_abstract": 0.7970403879880905, "4082651_abstract": 0.7969738463871181, "4082644_abstract": 0.796962320804596, "3848564_abstract": 0.7969553582370281, "3338875_abstract": 0.7969505898654461, "3750616_abstract": 0.7969462275505066, "3437714_abstract": 0.7969398694112897, "4245399_abstract": 0.7969320835545659, "3384896_abstract": 0.7969246809370816, "2862618_abstract": 0.7969166832044721, "3761341_abstract": 0.777476891875267, "4159300_abstract": 0.7774655669927597, "2933016_abstract": 0.7774520507082343, "3799725_abstract": 0.7774495482444763, "2929933_abstract": 0.7774450769647956, "3001102_abstract": 0.7774226916953921, "3971157_abstract": 0.7774212909862399, "3597592_abstract": 0.7774139801040292, "3189968_abstract": 0.7774093151092529, "2929932_abstract": 0.7774030128493905, "3900809_abstract": 0.7773995082825422, "2921776_abstract": 0.7773953122086823, "3564335_abstract": 0.7773922421038151, "4094829_abstract": 0.7773734265938401, "3447096_abstract": 0.7773646418936551, "2995657_abstract": 0.7773646418936551, "3241873_abstract": 0.7773646400310099, "3208558_abstract": 0.7735177257563919, "3150642_abstract": 0.773514186963439, "2947388_abstract": 0.7735111410729587, "3730479_abstract": 0.767688425257802, "3533511_abstract": 0.7656943695619702, "3834913_abstract": 0.7638359155195454, "3130563_abstract": 0.7619011923670769, "2993322_abstract": 0.7578523890115321, "3272407_abstract": 0.7542177587747574, "4245729_abstract": 0.7541067991405725, "3345988_abstract": 0.7540953140705824, "4249126_abstract": 0.7540752217173576, "4257888_abstract": 0.754045782610774, "3181835_abstract": 0.7540189744904637, "3771490_abstract": 0.7540109232068062, "4246040_abstract": 0.7539924988523126, "2926896_abstract": 0.7539712395519018, "3441126_abstract": 0.7539696143940091, "2843030_abstract": 0.7539630578830838, "3450713_abstract": 0.753954996354878, "4273477_abstract": 0.7539441892877221, "3438214_abstract": 0.7539433159399778, "3978098_abstract": 0.7539406248833984, "3821968_abstract": 0.7448631939478219, "3171090_abstract": 0.7358042787139615, "4209260_abstract": 0.7309051193296909, "3453450_abstract": 0.7307631447911263, "3594304_abstract": 0.73061796836555, "4019471_abstract": 0.7305925376713276, "3540349_abstract": 0.7305905502289534, "2853515_abstract": 0.7305886149406433, "4012002_abstract": 0.7305866628885269, "4030100_abstract": 0.7305847490206361, "3189974_abstract": 0.7305835168808699, "4249803_abstract": 0.7305815704166889, "3533435_abstract": 0.7305799201130867, "4035760_abstract": 0.7305757254362106, "2860447_abstract": 0.73056751023978, "3758044_abstract": 0.7305653085932136, "3299035_abstract": 0.7305568605661392, "3745026_abstract": 0.7305528474971652, "3418633_abstract": 0.7305478407070041, "2848655_abstract": 0.7305403281934559, "3663004_abstract": 0.7305402224883437, "3181517_abstract": 0.7305316925048828, "3656459_abstract": 0.7305292882956564, "2937124_abstract": 0.730526702478528, "3272408_abstract": 0.7305262614972889, "3002013_abstract": 0.7305253290105611, "3444355_abstract": 0.7305109240114689, "3563925_abstract": 0.7290159335359931, "2878358_abstract": 0.7285886190366, "3925700_abstract": 0.7162187627982348, "3881925_abstract": 0.7071625217795372, "3067399_abstract": 0.7071392824873328, "3264011_abstract": 0.7071331962943077, "3255961_abstract": 0.7071318197995424, "3057120_abstract": 0.7071295753121376, "3428561_abstract": 0.7071173675358295, "3536671_abstract": 0.7071124706417322, "4060308_abstract": 0.7071106918156147, "3957773_abstract": 0.7071097381412983, "3593890_abstract": 0.7071094801649451, "2876137_abstract": 0.7071054819971323, "2905293_abstract": 0.7070985129103065, "3357871_abstract": 0.7070984961465001, "3546059_abstract": 0.707093020901084, "3249295_abstract": 0.7070877943187952, "2949728_abstract": 0.7070815525949001, "3696237_abstract": 0.7070779693312943, "4219001_abstract": 0.707059366395697, "3363778_abstract": 0.7070556168910116, "3287435_abstract": 0.7070556168910116, "2891630_abstract": 0.6993168639019132, "2929936_abstract": 0.6992541989311576, "4082650_abstract": 0.6954177220662435, "2845637_abstract": 0.6953776751179248, "3714720_abstract": 0.6953689542133361, "3332862_abstract": 0.6953526423312724, "3069914_abstract": 0.6944040153175592, "4059589_abstract": 0.689565566368401, "3632554_abstract": 0.6875528075033799, "3187480_abstract": 0.6855883018579334, "3031511_abstract": 0.6836789846420288, "4231328_abstract": 0.6798355486243963, "4194521_abstract": 0.6798212435096502, "4070646_abstract": 0.6798061430454254, "3719282_abstract": 0.6797839682549238, "4059619_abstract": 0.6797803612425923, "2881162_abstract": 0.6797802876681089, "2870989_abstract": 0.6797679113224149, "3116289_abstract": 0.6797675648704171, "3244152_abstract": 0.6797675127163529, "4140557_abstract": 0.6797648444771767, "3141569_abstract": 0.679764567874372, "4249095_abstract": 0.6797631420195103, "3628942_abstract": 0.6797629445791245, "2977380_abstract": 0.6797614740207791, "3885687_abstract": 0.6797559792175889, "2860461_abstract": 0.6797546707093716, "2987549_abstract": 0.679754382930696, "3485969_abstract": 0.6797529784962535, "2975319_abstract": 0.6797490166500211, "3225749_abstract": 0.6797470282763243, "3693085_abstract": 0.6797459358349442, "4260715_abstract": 0.6797436205670238, "3026342_abstract": 0.6797400284558535, "3816118_abstract": 0.6797384945675731, "3404079_abstract": 0.679738306440413, "4279175_abstract": 0.6797175519168377, "3865547_abstract": 0.6797124014701694,